# Blender v2.69 (sub 0) OBJ File: 'snowMobile.blend'
# www.blender.org
o Plane.022_Plane.001
v 0.082148 0.689666 0.126387
v 0.083434 0.700917 0.123264
v 0.081362 0.674219 0.126485
v 0.081590 0.660473 0.123326
v 0.082403 0.649639 0.114147
v 0.081962 0.642861 0.098785
v 0.080186 0.643601 0.080812
v 0.079099 0.658928 0.054266
v 0.080105 0.670676 0.051446
v 0.082457 0.684395 0.051695
v 0.083893 0.698537 0.056505
v 0.084985 0.710827 0.115361
v 0.085362 0.717433 0.104725
v 0.084843 0.718667 0.095559
v 0.084557 0.717849 0.085711
v 0.084501 0.707974 0.062506
v 0.084426 0.713561 0.072468
v 0.082557 0.649061 0.081640
v 0.084929 0.653945 0.062518
v 0.082747 0.651465 0.069629
v 0.085007 0.647069 0.097348
v 0.088186 0.651351 0.111406
v 0.090503 0.661996 0.120815
v 0.091073 0.674427 0.125082
v 0.091382 0.687318 0.125423
v 0.093883 0.698158 0.121153
v 0.096493 0.706847 0.112628
v 0.096016 0.712889 0.103399
v 0.094802 0.714891 0.095172
v 0.095666 0.713617 0.085983
v 0.095993 0.709719 0.073939
v 0.094878 0.705066 0.063895
v 0.093043 0.696259 0.057219
v 0.092536 0.681893 0.053366
v 0.091382 0.668622 0.054154
v 0.087828 0.659265 0.057043
v 0.099847 0.710917 0.094324
v 0.105451 0.706104 0.093803
v 0.104529 0.703398 0.075015
v 0.097686 0.691542 0.059781
v 0.103835 0.684962 0.062156
v 0.105736 0.702240 0.110040
v 0.096544 0.685802 0.122086
v 0.103766 0.683760 0.118258
v 0.101709 0.664268 0.056632
v 0.099803 0.659344 0.117584
v 0.085566 0.649591 0.083306
v 0.091410 0.644271 0.084291
v 0.095214 0.645689 0.105524
v 0.091756 0.648448 0.065953
v 0.096407 0.654459 0.059142
v 0.114785 0.671999 0.114803
v 0.117093 0.684489 0.107201
v 0.118167 0.687554 0.094141
v 0.117558 0.684270 0.077764
v 0.109421 0.651604 0.113679
v 0.103488 0.635538 0.100504
v 0.100665 0.632198 0.083916
v 0.102191 0.636579 0.069322
v 0.106757 0.644339 0.060155
v 0.112430 0.655855 0.059071
v 0.115902 0.671766 0.065163
v 0.112904 0.623660 0.069461
v 0.118078 0.631581 0.060257
v 0.124763 0.642653 0.060800
v 0.130452 0.653006 0.068304
v 0.133526 0.658721 0.081286
v 0.126917 0.654417 0.110821
v 0.130744 0.659801 0.103712
v 0.133543 0.661144 0.094251
v 0.119300 0.641360 0.110922
v 0.112321 0.625460 0.099812
v 0.110504 0.619690 0.084013
v 0.185310 0.590874 0.086805
v 0.183915 0.588899 0.095415
v 0.178621 0.586411 0.104058
v 0.160752 0.611991 0.106507
v 0.164431 0.615660 0.098383
v 0.166378 0.616595 0.089803
v 0.148308 0.640094 0.092259
v 0.145891 0.639524 0.100700
v 0.142145 0.636141 0.108193
v 0.132852 0.626096 0.109798
v 0.150891 0.603467 0.108635
v 0.168403 0.581113 0.107355
v 0.184736 0.590590 0.077842
v 0.165792 0.616062 0.079521
v 0.148125 0.638913 0.081142
v 0.182545 0.587167 0.068333
v 0.162437 0.612982 0.068023
v 0.144303 0.635206 0.068270
v 0.177265 0.581189 0.061022
v 0.156746 0.606218 0.060189
v 0.137937 0.627342 0.060147
v 0.168438 0.573284 0.059377
v 0.148671 0.597537 0.058815
v 0.130719 0.617920 0.059450
v 0.160373 0.566550 0.066180
v 0.141206 0.589581 0.066287
v 0.124466 0.609764 0.067841
v 0.157520 0.564776 0.080912
v 0.138667 0.585868 0.081923
v 0.122168 0.605356 0.083135
v 0.124203 0.611523 0.099881
v 0.141203 0.591486 0.099146
v 0.159815 0.571116 0.098207
v 0.172554 0.556844 0.097526
v 0.181172 0.565617 0.106065
v 0.190453 0.570036 0.101697
v 0.196499 0.571619 0.093050
v 0.198347 0.573502 0.084829
v 0.197605 0.573445 0.077200
v 0.195004 0.570724 0.068516
v 0.189173 0.565936 0.061569
v 0.180122 0.558579 0.060145
v 0.172329 0.552115 0.066437
v 0.169587 0.551003 0.079991
v 0.195877 0.555501 0.059519
v 0.186442 0.547682 0.059493
v 0.179648 0.541196 0.066664
v 0.177083 0.540302 0.079182
v 0.203648 0.560491 0.066855
v 0.207607 0.562773 0.076683
v 0.207811 0.562926 0.084882
v 0.204475 0.561601 0.093416
v 0.198534 0.558772 0.101771
v 0.190444 0.551812 0.104787
v 0.180859 0.544074 0.095652
v 0.190092 0.525074 0.078874
v 0.192087 0.525558 0.067290
v 0.193476 0.528486 0.093899
v 0.202543 0.535677 0.103484
v 0.210834 0.542680 0.101759
v 0.217187 0.546088 0.093565
v 0.220894 0.548028 0.084518
v 0.220920 0.548560 0.075127
v 0.215481 0.545054 0.063335
v 0.206512 0.538654 0.055931
v 0.197830 0.531238 0.058781
v 0.217649 0.497947 0.077974
v 0.218827 0.497369 0.068092
v 0.220437 0.501760 0.089779
v 0.228352 0.507340 0.096559
v 0.236620 0.512275 0.093875
v 0.242473 0.514840 0.085812
v 0.244945 0.516300 0.077049
v 0.243943 0.516512 0.067648
v 0.238367 0.512402 0.057368
v 0.229256 0.505792 0.054643
v 0.222019 0.500492 0.060589
v 0.242826 0.473316 0.076248
v 0.242999 0.471726 0.067929
v 0.245354 0.477334 0.084495
v 0.251709 0.481426 0.088108
v 0.258784 0.484681 0.085236
v 0.263578 0.486869 0.078130
v 0.265009 0.488078 0.070277
v 0.263300 0.487598 0.061335
v 0.258683 0.483935 0.053102
v 0.250124 0.477288 0.054190
v 0.243888 0.472677 0.061505
v 0.011297 0.456125 0.029453
v 0.013345 0.473285 0.145580
v 0.037861 0.463003 0.038617
v 0.061809 0.474504 0.054674
v 0.071728 0.483407 0.073293
v 0.074146 0.486031 0.091679
v 0.073363 0.480899 0.111961
v 0.068284 0.468967 0.133083
v 0.055747 0.461855 0.144872
v 0.037172 0.467264 0.147412
v 0.011084 0.446047 0.026293
v 0.010905 0.450567 0.028003
v 0.034723 0.451921 0.034096
v 0.037425 0.457515 0.037336
v 0.063360 0.469747 0.052428
v 0.057227 0.462448 0.044619
v 0.013363 0.452917 0.157793
v 0.012756 0.430271 0.166049
v 0.009153 0.437943 0.021684
v 0.041706 0.446225 0.027565
v 0.025226 0.440873 0.023957
v 0.019413 0.435775 0.019864
v 0.032891 0.438427 0.020326
v 0.007709 0.434253 0.019302
v 0.008897 0.430643 0.017825
v 0.019826 0.429102 0.016559
v 0.009507 0.416083 0.017147
v 0.005581 0.400499 0.022906
v 0.002277 0.386659 0.033469
v 0.000151 0.375281 0.048428
v 0.000281 0.367113 0.077305
v 0.002656 0.366435 0.112328
v 0.005104 0.373779 0.134322
v 0.007107 0.384098 0.149496
v 0.009037 0.396099 0.160363
v 0.011057 0.411198 0.165361
v 0.038922 0.445722 0.156871
v 0.039323 0.401673 0.157592
v 0.039804 0.421526 0.161367
v 0.017218 0.361030 0.116223
v 0.043898 0.353848 0.114531
v 0.036417 0.388118 0.152508
v 0.030819 0.377999 0.146184
v 0.024879 0.368280 0.135814
v 0.060379 0.438894 0.151631
v 0.074392 0.446860 0.140728
v 0.079841 0.462001 0.123181
v 0.081853 0.472837 0.103778
v 0.081391 0.477152 0.083687
v 0.078684 0.475584 0.068486
v 0.073548 0.469400 0.056264
v 0.058212 0.453088 0.030522
v 0.050314 0.443996 0.019468
v 0.051682 0.360690 0.128852
v 0.058569 0.368785 0.134981
v 0.064915 0.378677 0.139321
v 0.066384 0.394262 0.145635
v 0.064060 0.415318 0.151839
v 0.079709 0.425099 0.142567
v 0.084033 0.405766 0.137553
v 0.085702 0.388356 0.130308
v 0.083503 0.375420 0.122996
v 0.080145 0.366061 0.115077
v 0.077140 0.359277 0.103556
v 0.089436 0.459739 0.111531
v 0.086407 0.442896 0.129956
v 0.087952 0.471047 0.088955
v 0.093899 0.426783 0.128224
v 0.097465 0.447959 0.111448
v 0.094579 0.463313 0.088399
v 0.087984 0.467924 0.067209
v 0.077560 0.460729 0.033874
v 0.073999 0.453922 0.020584
v 0.099957 0.412164 0.122090
v 0.104962 0.437599 0.107559
v 0.010428 0.441772 0.024207
v 0.102975 0.399702 0.113665
v 0.100117 0.463181 0.061012
v 0.103034 0.455610 0.089519
v 0.109043 0.450956 0.085951
v 0.106313 0.382918 0.092322
v 0.104699 0.389716 0.103880
v 0.120022 0.446624 0.067414
v 0.101242 0.461507 0.046643
v 0.037779 0.430899 0.013878
v 0.024224 0.415070 0.015161
v 0.015952 0.397978 0.022669
v 0.009011 0.384201 0.033605
v 0.004005 0.374248 0.046453
v 0.006327 0.365193 0.067170
v 0.042169 0.348448 0.097397
v 0.017569 0.355890 0.090046
v 0.077482 0.354362 0.088310
v 0.109804 0.377687 0.077323
v 0.129033 0.411349 0.068852
v 0.122066 0.416837 0.082659
v 0.030466 0.446156 0.029144
v 0.049743 0.453741 0.036133
v 0.065797 0.461008 0.042644
v 0.082432 0.465638 0.049938
v 0.100228 0.462126 0.074538
v 0.113905 0.449025 0.077660
v 0.110981 0.429004 0.101235
v 0.116421 0.422191 0.093046
v 0.127820 0.442744 0.055672
v 0.104805 0.458157 0.034751
v 0.121879 0.448309 0.002993
v 0.112265 0.454409 0.021694
v 0.132565 0.437952 -0.021017
v 0.142654 0.426336 -0.044340
v 0.163154 0.409233 -0.035297
v 0.154877 0.420732 -0.010155
v 0.146260 0.431066 0.016706
v 0.137265 0.438109 0.039415
v 0.138542 0.405589 0.050265
v 0.152338 0.397439 0.025866
v 0.164433 0.386958 -0.000874
v 0.171527 0.377157 -0.024985
v 0.146545 0.354630 -0.000868
v 0.129669 0.363875 0.028596
v 0.114919 0.372238 0.056972
v 0.077377 0.445872 0.008874
v 0.090057 0.440877 -0.007709
v 0.106316 0.434916 -0.029609
v 0.119306 0.424433 -0.051323
v 0.154633 0.347604 -0.024570
v -0.013994 0.368641 0.044908
v 0.050948 0.428637 0.007591
v 0.035781 0.414590 0.010209
v 0.030323 0.398117 0.015217
v 0.029080 0.371136 0.034208
v 0.080507 0.350278 0.069958
v 0.049263 0.344172 0.081025
v 0.031100 0.349086 0.065977
v 0.047149 0.412582 0.005420
v 0.060515 0.346570 0.056969
v 0.082837 0.349321 0.020392
v 0.054157 0.370115 0.001002
v 0.063088 0.410862 -0.010657
v 0.082244 0.409704 -0.035633
v 0.076552 0.371461 -0.031178
v 0.105049 0.347124 -0.014286
v 0.116893 0.344238 -0.037985
v 0.097550 0.404090 -0.056291
v 0.091532 0.370553 -0.052412
v 0.129116 0.410451 -0.073801
v 0.137789 0.395503 -0.095977
v 0.169482 0.396944 -0.056743
v 0.149677 0.414534 -0.065063
v 0.154786 0.401765 -0.084876
v 0.162026 0.342104 -0.049845
v 0.177709 0.366623 -0.049455
v 0.173765 0.386190 -0.077032
v 0.111068 0.392806 -0.079423
v 0.125297 0.381404 -0.101685
v 0.127612 0.340667 -0.060674
v 0.105441 0.365133 -0.074226
v 0.121029 0.360715 -0.095077
v 0.139596 0.339963 -0.080914
v 0.169551 0.340428 -0.072211
v 0.182453 0.359704 -0.072822
v 0.159684 0.394532 -0.100232
v 0.171116 0.387537 -0.103706
v 0.154563 0.390301 -0.113142
v 0.164307 0.388884 -0.112668
v 0.134306 0.373431 -0.117403
v 0.143362 0.384538 -0.114676
v 0.180692 0.377429 -0.095464
v 0.187078 0.358192 -0.089337
v 0.175587 0.342462 -0.084985
v 0.132257 0.358082 -0.109981
v 0.149141 0.341934 -0.094186
v 0.158900 0.360289 -0.134587
v 0.170312 0.362319 -0.132214
v 0.181916 0.359453 -0.127828
v 0.170477 0.344268 -0.134135
v 0.182083 0.342673 -0.129712
v 0.159047 0.340649 -0.135534
v 0.147982 0.336286 -0.133357
v 0.148416 0.355523 -0.134975
v 0.193088 0.352549 -0.121623
v 0.139132 0.348685 -0.111589
v 0.169948 0.330208 -0.131473
v 0.160342 0.325329 -0.131325
v 0.179573 0.328302 -0.126121
v 0.169809 0.320890 -0.126086
v 0.171309 0.309032 -0.116376
v 0.148730 0.321284 -0.125424
v 0.198789 0.348064 -0.107267
v 0.201755 0.327544 -0.097570
v 0.200722 0.336153 -0.103466
v 0.193963 0.337278 -0.120727
v 0.192326 0.325187 -0.115534
v 0.187884 0.346940 -0.088499
v 0.190724 0.339475 -0.083212
v 0.178566 0.374659 -0.117798
v 0.140253 0.350883 -0.128783
v 0.140328 0.335982 -0.120403
v 0.140841 0.340687 -0.101787
v 0.188900 0.366954 -0.112025
v 0.192506 0.331783 -0.076317
v 0.193596 0.356337 -0.101922
v 0.140511 0.325089 -0.109986
v 0.142651 0.332476 -0.091555
v 0.143614 0.320843 -0.076669
v 0.193251 0.312364 -0.107716
v 0.203733 0.317322 -0.089148
v 0.194468 0.320163 -0.065875
v 0.181897 0.347003 -0.090262
v 0.150751 0.308387 -0.112598
v 0.140946 0.312683 -0.096046
v 0.168121 0.378130 -0.123931
v 0.157222 0.377808 -0.127348
v 0.146740 0.372476 -0.128679
v 0.138598 0.364345 -0.127347
v 0.137007 0.354201 -0.115567
v 0.154683 0.345613 -0.096048
v 0.158973 0.347327 -0.090434
v 0.161807 0.342537 -0.084103
v 0.163981 0.334674 -0.075302
v 0.166096 0.322719 -0.061289
v 0.179647 0.204352 -0.018431
v 0.189523 0.234134 -0.026291
v 0.194943 0.264133 -0.034092
v 0.196734 0.289770 -0.043660
v 0.195858 0.305333 -0.053760
v 0.187093 0.197132 -0.034753
v 0.198091 0.227854 -0.045790
v 0.205406 0.257234 -0.055859
v 0.208241 0.283073 -0.065516
v 0.206707 0.302017 -0.076809
v 0.179818 0.192802 -0.051934
v 0.189518 0.223136 -0.064815
v 0.196124 0.251556 -0.077435
v 0.199339 0.276836 -0.087196
v 0.197650 0.296378 -0.096814
v 0.161198 0.194653 -0.056744
v 0.167101 0.224584 -0.071310
v 0.171181 0.251652 -0.085121
v 0.174200 0.274898 -0.096340
v 0.174075 0.292851 -0.105515
v 0.166431 0.308932 -0.047202
v 0.166117 0.295883 -0.037490
v 0.165186 0.276368 -0.029618
v 0.163908 0.245729 -0.021902
v 0.159810 0.209699 -0.014833
v 0.151495 0.293749 -0.099329
v 0.150446 0.277536 -0.088559
v 0.145510 0.199176 -0.048857
v 0.147136 0.230396 -0.063766
v 0.148624 0.256410 -0.077126
v 0.141088 0.298714 -0.082127
v 0.140475 0.284433 -0.071603
v 0.139927 0.264086 -0.061229
v 0.140344 0.237505 -0.049605
v 0.141081 0.204536 -0.036487
v 0.143299 0.307054 -0.061750
v 0.142515 0.294144 -0.051535
v 0.142010 0.277241 -0.043175
v 0.143266 0.248006 -0.033734
v 0.144208 0.209690 -0.023595
v 0.012906 0.714518 0.068750
v 0.004996 0.711088 0.066060
v 0.018179 0.719830 0.072850
v 0.023891 0.728381 0.081724
v 0.029290 0.735686 0.094526
v 0.026400 0.738808 0.108459
v 0.018905 0.737400 0.112557
v 0.007064 0.734309 0.115539
v 0.030228 0.738227 0.103646
v 0.010289 0.718788 0.070626
v 0.003642 0.716706 0.068722
v 0.020694 0.731436 0.081826
v 0.015488 0.723063 0.073937
v 0.025567 0.738608 0.093191
v 0.026716 0.740873 0.101217
v 0.006526 0.739097 0.112912
v 0.017380 0.741371 0.109759
v 0.023856 0.741852 0.105784
v 0.020178 0.747898 0.103416
v 0.014482 0.748354 0.107190
v 0.005398 0.747049 0.110000
v 0.022779 0.746299 0.098296
v 0.022324 0.744312 0.091463
v 0.013886 0.730169 0.076002
v 0.018731 0.738013 0.082910
v 0.002735 0.724756 0.071370
v 0.008529 0.726300 0.072807
v 0.172449 0.185422 -0.012614
v 0.180065 0.178541 -0.028453
v 0.173659 0.174440 -0.045223
v 0.157276 0.175206 -0.048126
v 0.155505 0.189403 -0.010893
v 0.144413 0.178726 -0.040248
v 0.141213 0.183072 -0.029570
v 0.143537 0.187634 -0.018956
v -0.082148 0.689666 0.126387
v -0.083434 0.700917 0.123264
v -0.081362 0.674219 0.126485
v -0.081590 0.660473 0.123326
v -0.082403 0.649639 0.114147
v -0.081962 0.642861 0.098785
v -0.080185 0.643601 0.080812
v -0.078948 0.647080 0.067330
v -0.079214 0.651471 0.059975
v -0.079099 0.658928 0.054266
v -0.080105 0.670676 0.051446
v -0.082457 0.684395 0.051695
v -0.083893 0.698537 0.056505
v -0.084985 0.710827 0.115361
v -0.085362 0.717433 0.104725
v -0.084843 0.718667 0.095558
v -0.084557 0.717849 0.085711
v -0.084501 0.707974 0.062506
v -0.084426 0.713561 0.072468
v -0.082557 0.649061 0.081640
v -0.084929 0.653945 0.062518
v -0.082747 0.651465 0.069629
v -0.085007 0.647069 0.097348
v -0.088185 0.651352 0.111406
v -0.090503 0.661996 0.120816
v -0.091073 0.674427 0.125082
v -0.091382 0.687318 0.125423
v -0.093883 0.698158 0.121153
v -0.096493 0.706847 0.112628
v -0.096016 0.712889 0.103399
v -0.094802 0.714891 0.095172
v -0.095666 0.713617 0.085983
v -0.095993 0.709719 0.073939
v -0.094878 0.705066 0.063895
v -0.093043 0.696259 0.057219
v -0.092536 0.681893 0.053366
v -0.091382 0.668622 0.054154
v -0.087828 0.659265 0.057043
v -0.099847 0.710917 0.094324
v -0.105451 0.706105 0.093803
v -0.104529 0.703398 0.075015
v -0.097686 0.691542 0.059781
v -0.103835 0.684962 0.062156
v -0.105736 0.702240 0.110040
v -0.096544 0.685802 0.122086
v -0.103766 0.683760 0.118258
v -0.101709 0.664268 0.056632
v -0.099803 0.659344 0.117584
v -0.085566 0.649591 0.083306
v -0.091410 0.644271 0.084291
v -0.095214 0.645689 0.105524
v -0.091756 0.648448 0.065953
v -0.096407 0.654459 0.059142
v -0.114785 0.671999 0.114803
v -0.117093 0.684489 0.107201
v -0.118167 0.687554 0.094141
v -0.117558 0.684270 0.077764
v -0.109421 0.651604 0.113679
v -0.103488 0.635538 0.100504
v -0.100665 0.632198 0.083916
v -0.102191 0.636580 0.069322
v -0.106757 0.644339 0.060155
v -0.112430 0.655855 0.059071
v -0.115902 0.671766 0.065163
v -0.112904 0.623660 0.069461
v -0.118078 0.631581 0.060257
v -0.124763 0.642653 0.060800
v -0.130452 0.653006 0.068304
v -0.133526 0.658721 0.081286
v -0.126917 0.654417 0.110821
v -0.130744 0.659801 0.103712
v -0.133543 0.661144 0.094251
v -0.119300 0.641360 0.110922
v -0.112321 0.625460 0.099812
v -0.110504 0.619690 0.084013
v -0.185310 0.590874 0.086805
v -0.183915 0.588899 0.095415
v -0.178621 0.586411 0.104058
v -0.160752 0.611991 0.106507
v -0.164431 0.615660 0.098383
v -0.166378 0.616595 0.089803
v -0.148308 0.640094 0.092259
v -0.145891 0.639524 0.100700
v -0.142145 0.636141 0.108193
v -0.132852 0.626096 0.109798
v -0.150891 0.603467 0.108635
v -0.168403 0.581113 0.107355
v -0.184736 0.590591 0.077842
v -0.165792 0.616062 0.079521
v -0.148125 0.638913 0.081142
v -0.182545 0.587167 0.068333
v -0.162437 0.612982 0.068023
v -0.144303 0.635206 0.068270
v -0.177265 0.581189 0.061022
v -0.156746 0.606218 0.060189
v -0.137937 0.627343 0.060147
v -0.168438 0.573284 0.059377
v -0.148671 0.597537 0.058815
v -0.130719 0.617920 0.059450
v -0.160373 0.566550 0.066180
v -0.141206 0.589581 0.066287
v -0.124466 0.609764 0.067841
v -0.157520 0.564776 0.080912
v -0.138667 0.585868 0.081923
v -0.122168 0.605357 0.083135
v -0.124203 0.611523 0.099881
v -0.141203 0.591486 0.099146
v -0.159815 0.571116 0.098207
v -0.172554 0.556844 0.097526
v -0.181172 0.565617 0.106065
v -0.190453 0.570036 0.101697
v -0.196499 0.571619 0.093050
v -0.198347 0.573502 0.084829
v -0.197605 0.573445 0.077200
v -0.195004 0.570724 0.068516
v -0.189173 0.565936 0.061569
v -0.180122 0.558579 0.060145
v -0.172329 0.552115 0.066437
v -0.169587 0.551003 0.079991
v -0.195877 0.555501 0.059519
v -0.186442 0.547682 0.059493
v -0.179648 0.541196 0.066664
v -0.177083 0.540302 0.079182
v -0.203648 0.560491 0.066855
v -0.207607 0.562773 0.076683
v -0.207811 0.562926 0.084882
v -0.204475 0.561601 0.093416
v -0.198534 0.558772 0.101771
v -0.190444 0.551812 0.104787
v -0.180859 0.544074 0.095652
v -0.190092 0.525073 0.078874
v -0.192087 0.525558 0.067290
v -0.193476 0.528486 0.093899
v -0.202543 0.535677 0.103484
v -0.210834 0.542680 0.101759
v -0.217187 0.546088 0.093565
v -0.220894 0.548028 0.084518
v -0.220920 0.548560 0.075127
v -0.215481 0.545054 0.063335
v -0.206512 0.538654 0.055931
v -0.197830 0.531238 0.058781
v -0.217649 0.497946 0.077974
v -0.218827 0.497369 0.068092
v -0.220437 0.501760 0.089779
v -0.228352 0.507340 0.096559
v -0.236620 0.512275 0.093875
v -0.242473 0.514840 0.085812
v -0.244945 0.516300 0.077049
v -0.243943 0.516512 0.067648
v -0.238367 0.512402 0.057368
v -0.229256 0.505792 0.054643
v -0.222019 0.500492 0.060589
v -0.242826 0.473316 0.076248
v -0.242999 0.471726 0.067929
v -0.245354 0.477334 0.084495
v -0.251709 0.481426 0.088108
v -0.258784 0.484681 0.085236
v -0.263578 0.486869 0.078130
v -0.265009 0.488078 0.070277
v -0.263300 0.487598 0.061335
v -0.258682 0.483935 0.053102
v -0.250124 0.477288 0.054190
v -0.243888 0.472677 0.061505
v -0.008925 0.455755 0.029593
v -0.013426 0.472949 0.145721
v -0.035804 0.462435 0.038099
v -0.059431 0.473975 0.055963
v -0.067568 0.482438 0.075500
v -0.069637 0.485788 0.090757
v -0.070258 0.480605 0.110975
v -0.066187 0.468135 0.132414
v -0.054768 0.460610 0.144898
v -0.036980 0.465827 0.148446
v -0.008538 0.446075 0.027020
v -0.008366 0.450193 0.028280
v -0.031341 0.451205 0.034326
v -0.035396 0.457025 0.036362
v -0.060518 0.469194 0.051888
v -0.052530 0.460682 0.042499
v -0.013672 0.451825 0.157435
v -0.006556 0.438293 0.022533
v -0.038002 0.444708 0.028601
v -0.022223 0.440904 0.025504
v -0.016364 0.435667 0.021255
v -0.029563 0.437128 0.021722
v -0.004797 0.434315 0.019874
v -0.005722 0.430571 0.018431
v -0.016447 0.428072 0.017236
v -0.006517 0.415296 0.017149
v -0.004218 0.399704 0.022996
v -0.003375 0.386083 0.033460
v -0.003182 0.374810 0.048186
v -0.003080 0.366649 0.077266
v -0.004719 0.366079 0.112335
v -0.007566 0.373229 0.134224
v -0.009705 0.382923 0.149557
v -0.011654 0.393791 0.161328
v -0.039625 0.443270 0.157678
v -0.042171 0.398607 0.159173
v -0.041808 0.418361 0.161496
v -0.020235 0.360246 0.115494
v -0.049918 0.356835 0.113004
v -0.039502 0.385607 0.154147
v -0.034286 0.376239 0.146082
v -0.028223 0.367426 0.134460
v -0.060289 0.438015 0.151691
v -0.072594 0.446885 0.139160
v -0.076930 0.462119 0.121452
v -0.076694 0.472522 0.102553
v -0.076348 0.476550 0.085151
v -0.074326 0.474964 0.068016
v -0.068694 0.468395 0.053316
v -0.054539 0.450232 0.031407
v -0.047354 0.440520 0.021161
v -0.057103 0.362950 0.127427
v -0.063522 0.370183 0.135676
v -0.068515 0.379860 0.140832
v -0.069191 0.393871 0.147364
v -0.065762 0.413902 0.153167
v -0.079341 0.424675 0.141657
v -0.085191 0.405986 0.137136
v -0.088239 0.390747 0.130582
v -0.087607 0.379439 0.123839
v -0.085498 0.371072 0.115333
v -0.083996 0.364478 0.103500
v -0.085336 0.458482 0.110411
v -0.084575 0.442213 0.128321
v -0.082741 0.469811 0.087134
v -0.092495 0.426634 0.125995
v -0.093612 0.447452 0.109098
v -0.089153 0.462520 0.085491
v -0.082599 0.467942 0.063947
v -0.073612 0.456667 0.036085
v -0.071257 0.448268 0.023887
v -0.099106 0.413530 0.119905
v -0.101546 0.438065 0.104531
v -0.007953 0.442259 0.025249
v -0.102914 0.402710 0.112315
v -0.093349 0.460690 0.058023
v -0.097739 0.455944 0.085591
v -0.103556 0.451332 0.081426
v -0.108365 0.386660 0.092408
v -0.105381 0.393884 0.103307
v -0.112242 0.443366 0.063656
v -0.094492 0.455922 0.046908
v -0.034448 0.427714 0.014598
v -0.021231 0.412560 0.014931
v -0.014273 0.395308 0.022553
v 0.012030 0.372864 0.045214
v -0.049115 0.350599 0.096741
v -0.020884 0.352515 0.090728
v -0.085771 0.358330 0.088540
v -0.113997 0.380340 0.078183
v -0.126539 0.413622 0.066573
v -0.118134 0.418717 0.079653
v -0.026882 0.446004 0.030351
v -0.045024 0.451929 0.035862
v -0.061337 0.459664 0.041516
v -0.077216 0.464316 0.048353
v -0.093992 0.462158 0.069898
v -0.107314 0.447912 0.073287
v -0.107629 0.430322 0.098079
v -0.112434 0.424139 0.089771
v -0.119250 0.438304 0.051387
v -0.097705 0.450062 0.034721
v -0.115552 0.437001 0.000670
v -0.104287 0.444179 0.019433
v -0.128800 0.428472 -0.021232
v -0.140797 0.419910 -0.043972
v -0.164206 0.410571 -0.034394
v -0.153501 0.419248 -0.010273
v -0.141317 0.427305 0.014248
v -0.129213 0.433381 0.035168
v -0.139666 0.408936 0.049221
v -0.154984 0.402333 0.025697
v -0.167797 0.392910 -0.000669
v -0.177468 0.383561 -0.024240
v -0.154673 0.359232 0.000609
v -0.137704 0.367210 0.030102
v -0.122237 0.374532 0.058373
v -0.073671 0.438780 0.009620
v -0.086472 0.432401 -0.008854
v -0.103965 0.426395 -0.030407
v -0.118629 0.416296 -0.051938
v -0.164753 0.352618 -0.022882
v -0.009864 0.362021 0.067244
v -0.047279 0.423638 0.007757
v -0.032469 0.409677 0.010153
v -0.026354 0.392316 0.014515
v -0.028730 0.364455 0.034332
v -0.088956 0.352519 0.070062
v -0.056594 0.344853 0.080403
v -0.036373 0.344090 0.067060
v -0.042189 0.405881 0.004680
v -0.068036 0.345138 0.057695
v -0.091708 0.346977 0.022430
v -0.057251 0.363320 0.001631
v -0.060500 0.403925 -0.011670
v -0.083981 0.402713 -0.035780
v -0.083995 0.365079 -0.029666
v -0.115555 0.345860 -0.012056
v -0.128305 0.343620 -0.035954
v -0.100792 0.397150 -0.056164
v -0.099774 0.364756 -0.051114
v -0.131058 0.404965 -0.074531
v -0.142185 0.393395 -0.095879
v -0.172633 0.400486 -0.056346
v -0.150373 0.411806 -0.065780
v -0.158441 0.402118 -0.085607
v -0.173477 0.346869 -0.047864
v -0.185376 0.373191 -0.048337
v -0.179239 0.390573 -0.077017
v -0.115927 0.387531 -0.078946
v -0.131583 0.378259 -0.100554
v -0.139827 0.340172 -0.058405
v -0.114335 0.360381 -0.072728
v -0.130530 0.357515 -0.092965
v -0.152215 0.340142 -0.078265
v -0.181928 0.345112 -0.070133
v -0.191643 0.366076 -0.071569
v -0.164749 0.396329 -0.101009
v -0.178731 0.393917 -0.104261
v -0.159607 0.391754 -0.113576
v -0.170044 0.393840 -0.113398
v -0.141871 0.371316 -0.114795
v -0.149269 0.383491 -0.113793
v -0.189308 0.383576 -0.095285
v -0.197321 0.364264 -0.088563
v -0.188516 0.347152 -0.083388
v -0.142353 0.356335 -0.106422
v -0.161960 0.343144 -0.091090
v -0.164571 0.365331 -0.136820
v -0.176256 0.368273 -0.137781
v -0.189568 0.364883 -0.133248
v -0.175877 0.344831 -0.138295
v -0.188915 0.341197 -0.134593
v -0.164930 0.344340 -0.135330
v -0.155565 0.342108 -0.127645
v -0.155362 0.359455 -0.131235
v -0.202144 0.355917 -0.125710
v -0.150686 0.351083 -0.104884
v -0.175483 0.329742 -0.133678
v -0.166687 0.328885 -0.129494
v -0.186538 0.326313 -0.129479
v -0.176459 0.321765 -0.126477
v -0.178405 0.311796 -0.115062
v -0.156874 0.327596 -0.119858
v -0.209646 0.350159 -0.110310
v -0.211403 0.327577 -0.100599
v -0.210734 0.336803 -0.106224
v -0.202091 0.336611 -0.124230
v -0.200355 0.324447 -0.118554
v -0.201341 0.348931 -0.089478
v -0.203828 0.340406 -0.084699
v -0.187804 0.384984 -0.120485
v -0.149303 0.353605 -0.121267
v -0.149771 0.341406 -0.113388
v -0.152569 0.344952 -0.096243
v -0.199255 0.374330 -0.114019
v -0.205323 0.332060 -0.078137
v -0.204760 0.360867 -0.103481
v -0.150211 0.331111 -0.103983
v -0.154508 0.337310 -0.086636
v -0.155692 0.325616 -0.072344
v -0.200173 0.312606 -0.109892
v -0.212994 0.316758 -0.092526
v -0.207006 0.319797 -0.068161
v -0.195333 0.350647 -0.089949
v -0.158834 0.313850 -0.107974
v -0.150411 0.318426 -0.090846
v -0.174652 0.386787 -0.127276
v -0.162844 0.382468 -0.128985
v -0.153286 0.373884 -0.126825
v -0.147106 0.363913 -0.121919
v -0.147933 0.354169 -0.109547
v -0.167945 0.347584 -0.092746
v -0.172702 0.349682 -0.087443
v -0.175579 0.345164 -0.081577
v -0.177704 0.337270 -0.073310
v -0.179895 0.324889 -0.059937
v -0.186150 0.204570 -0.021285
v -0.197997 0.233442 -0.029790
v -0.205476 0.262974 -0.037670
v -0.208705 0.288586 -0.046924
v -0.208197 0.304461 -0.056552
v -0.190738 0.197147 -0.038543
v -0.203397 0.226939 -0.050323
v -0.212402 0.255736 -0.060703
v -0.216671 0.281446 -0.070174
v -0.215700 0.300783 -0.080830
v -0.180989 0.194097 -0.054745
v -0.192098 0.223691 -0.068197
v -0.199989 0.251682 -0.081035
v -0.204588 0.276799 -0.090692
v -0.203630 0.296650 -0.099391
v -0.162208 0.197949 -0.057135
v -0.169322 0.227574 -0.071787
v -0.175173 0.254186 -0.085020
v -0.179950 0.277448 -0.095715
v -0.180401 0.295887 -0.104396
v -0.180340 0.310779 -0.046275
v -0.179880 0.297538 -0.036836
v -0.177921 0.277981 -0.029262
v -0.174454 0.247402 -0.021999
v -0.167568 0.211762 -0.015119
v -0.159396 0.298904 -0.095335
v -0.157968 0.282176 -0.084777
v -0.148165 0.203775 -0.047253
v -0.151149 0.235119 -0.061683
v -0.154476 0.260938 -0.074138
v -0.150302 0.304240 -0.077601
v -0.149430 0.289731 -0.067491
v -0.147906 0.269275 -0.057629
v -0.146926 0.242433 -0.046654
v -0.145875 0.209168 -0.034329
v -0.155518 0.311674 -0.057824
v -0.154671 0.298603 -0.047822
v -0.153462 0.281586 -0.039771
v -0.152854 0.252095 -0.031092
v -0.151085 0.213584 -0.021844
v -0.012906 0.714518 0.068750
v -0.004996 0.711089 0.066060
v -0.018179 0.719830 0.072850
v -0.023891 0.728381 0.081724
v -0.029290 0.735686 0.094526
v -0.026400 0.738808 0.108459
v -0.018905 0.737400 0.112557
v -0.007064 0.734309 0.115539
v -0.030228 0.738227 0.103646
v -0.010289 0.718788 0.070626
v -0.003642 0.716706 0.068722
v -0.020694 0.731436 0.081826
v -0.015488 0.723063 0.073937
v -0.025567 0.738608 0.093191
v -0.026716 0.740873 0.101217
v -0.006526 0.739097 0.112912
v -0.017380 0.741371 0.109759
v -0.023856 0.741852 0.105784
v -0.020178 0.747898 0.103416
v -0.014482 0.748354 0.107190
v -0.005398 0.747049 0.110000
v -0.022779 0.746299 0.098296
v -0.022324 0.744312 0.091463
v -0.013886 0.730169 0.076002
v -0.018731 0.738013 0.082910
v -0.002735 0.724756 0.071370
v -0.008529 0.726300 0.072807
v -0.177813 0.186286 -0.014948
v -0.182662 0.179168 -0.031742
v -0.173845 0.176246 -0.047642
v -0.157396 0.178736 -0.048443
v -0.161712 0.191887 -0.011034
v -0.146037 0.183281 -0.038944
v -0.144646 0.187596 -0.027871
v -0.148722 0.191573 -0.017554
v 0.021697 0.578927 0.006975
v 0.007249 0.580129 0.004068
v 0.036479 0.578451 0.012194
v 0.008220 0.565120 0.006106
v 0.038721 0.567005 0.014045
v 0.023868 0.565664 0.008727
v 0.005457 0.596648 0.000869
v 0.049545 0.580668 0.018954
v 0.004021 0.613220 -0.000589
v 0.004279 0.628057 0.002242
v 0.006486 0.641811 0.009362
v 0.008239 0.655486 0.018962
v 0.051535 0.568894 0.021599
v 0.062492 0.570923 0.034232
v 0.061781 0.586391 0.029395
v 0.008741 0.550819 0.007740
v 0.008504 0.533661 0.010412
v 0.025328 0.550852 0.010770
v 0.025559 0.533177 0.013896
v 0.040605 0.551872 0.016623
v 0.041199 0.533807 0.020710
v 0.052851 0.552925 0.024618
v 0.053399 0.536201 0.030645
v 0.062065 0.554103 0.036725
v 0.061762 0.538560 0.045013
v 0.008325 0.514026 0.013837
v 0.074660 0.610392 0.042316
v 0.015124 0.598637 0.000686
v 0.013155 0.614081 -0.001377
v 0.023876 0.657564 0.023189
v 0.023084 0.588976 0.004838
v 0.035796 0.587001 0.009375
v 0.047377 0.588737 0.014039
v 0.059692 0.595192 0.021045
v 0.013436 0.626924 0.000756
v 0.016855 0.638146 0.006767
v 0.069096 0.604454 0.026596
v 0.071366 0.628120 0.029396
v 0.026612 0.647117 0.014564
v 0.054736 0.648672 0.026989
v 0.037333 0.651055 0.020530
v 0.042689 0.662421 0.033156
v 0.054260 0.659257 0.036761
v 0.065110 0.641094 0.029327
v 0.074864 0.627213 0.044832
v 0.071142 0.643631 0.044828
v 0.067357 0.656077 0.045329
v 0.025145 0.599730 0.000926
v 0.024730 0.613871 -0.002141
v 0.024971 0.625305 -0.001187
v 0.026963 0.635854 0.005190
v 0.066222 0.613493 0.016275
v 0.057776 0.641388 0.021757
v 0.064431 0.628606 0.018089
v 0.044935 0.651734 0.024214
v 0.035066 0.661619 0.029510
v 0.037419 0.598541 0.003509
v 0.039093 0.613494 -0.000906
v 0.039056 0.625630 0.000370
v 0.038400 0.638028 0.008726
v 0.048180 0.640908 0.015003
v 0.053082 0.627120 0.007442
v 0.071094 0.597682 0.039176
v 0.072297 0.614542 0.027810
v 0.061789 0.602229 0.016834
v 0.054374 0.612429 0.005378
v 0.049913 0.599060 0.008453
v 0.026226 0.514199 0.018984
v 0.042314 0.516456 0.027665
v 0.054203 0.520439 0.039508
v 0.062271 0.523268 0.057065
v 0.007971 0.667873 0.029348
v 0.064135 0.524323 0.078739
v 0.066452 0.508773 0.090151
v 0.065274 0.509247 0.067958
v 0.057028 0.506489 0.048632
v 0.044574 0.501808 0.034975
v 0.027641 0.497813 0.024748
v 0.008653 0.495730 0.017793
v 0.060650 0.507094 0.109513
v 0.049152 0.506164 0.120198
v 0.033457 0.506642 0.123594
v 0.065136 0.541128 0.065925
v 0.067613 0.556473 0.056351
v 0.069745 0.571616 0.053474
v 0.072755 0.589486 0.056344
v 0.075928 0.606665 0.058592
v 0.076996 0.627010 0.060361
v 0.012246 0.509061 0.122489
v 0.012339 0.526202 0.114512
v 0.033129 0.524385 0.113707
v 0.048421 0.524228 0.109401
v 0.059285 0.524652 0.097971
v 0.013831 0.546882 0.110845
v 0.035666 0.545979 0.107519
v 0.061142 0.543851 0.087479
v 0.050348 0.545464 0.101254
v 0.015547 0.568085 0.112795
v 0.039444 0.565989 0.107488
v 0.054456 0.565499 0.098623
v 0.064940 0.561155 0.080529
v 0.016539 0.585092 0.118160
v 0.042984 0.581747 0.111249
v 0.059602 0.580521 0.099263
v 0.068872 0.575030 0.077777
v 0.018074 0.601771 0.124789
v 0.047596 0.596818 0.115637
v 0.064970 0.592651 0.099324
v 0.072389 0.588934 0.077560
v 0.075621 0.604928 0.077395
v 0.078362 0.624342 0.078038
v 0.032614 0.671650 0.037393
v 0.022376 0.668735 0.032302
v 0.040845 0.673421 0.041660
v 0.053225 0.672560 0.046069
v 0.052092 0.683891 0.051304
v 0.039720 0.683185 0.048394
v 0.031126 0.681524 0.045198
v 0.021369 0.679698 0.041732
v 0.007654 0.679837 0.040107
v 0.069792 0.605540 0.100138
v 0.052626 0.612910 0.119990
v 0.020236 0.621303 0.130762
v 0.076539 0.624211 0.101168
v 0.058753 0.630600 0.122289
v 0.021668 0.638255 0.134138
v 0.057013 0.661225 0.131213
v 0.018871 0.666134 0.136389
v 0.061161 0.647102 0.126179
v 0.021473 0.652325 0.135720
v 0.059453 0.677888 0.132327
v 0.064896 0.694202 0.130454
v 0.066590 0.706417 0.126645
v 0.066747 0.671100 0.049277
v 0.066691 0.684569 0.051730
v 0.066451 0.699153 0.056360
v 0.015777 0.680550 0.135732
v 0.050487 0.700132 0.130568
v 0.040800 0.687686 0.133763
v 0.052362 0.711043 0.126737
v 0.042527 0.716327 0.125200
v 0.039250 0.708060 0.128734
v 0.031225 0.700361 0.131561
v 0.012601 0.695962 0.133142
v 0.045736 0.725028 0.118479
v 0.054632 0.721553 0.118724
v 0.036972 0.729667 0.116813
v 0.008986 0.708095 0.129923
v 0.034682 0.721097 0.123658
v 0.022413 0.709924 0.128932
v 0.030057 0.714628 0.126676
v 0.027463 0.721926 0.123714
v 0.007630 0.719256 0.125054
v 0.019298 0.720205 0.125042
v 0.029032 0.732025 0.116682
v 0.020393 0.730790 0.119319
v 0.007808 0.728499 0.120303
v 0.050363 0.697294 0.057345
v 0.049195 0.707783 0.063687
v 0.049864 0.714072 0.071640
v 0.067752 0.727339 0.101940
v 0.054750 0.727522 0.108130
v 0.065957 0.721491 0.077568
v 0.037879 0.695289 0.055805
v 0.036527 0.706331 0.062891
v 0.037865 0.714722 0.070579
v 0.041323 0.723992 0.082867
v 0.044643 0.730067 0.096062
v 0.046885 0.730562 0.107976
v 0.006788 0.693300 0.051185
v 0.019016 0.692733 0.051831
v 0.028513 0.693813 0.053749
v 0.006145 0.704613 0.059830
v 0.016353 0.706523 0.061755
v 0.025569 0.706921 0.062520
v 0.028212 0.727198 0.080464
v 0.034021 0.734569 0.094234
v 0.010417 0.474182 0.024741
v 0.032343 0.478796 0.032445
v 0.051243 0.486453 0.044277
v 0.063224 0.494130 0.059273
v 0.069974 0.498275 0.077909
v 0.070312 0.496483 0.100232
v 0.064234 0.490537 0.121648
v 0.051858 0.486768 0.133208
v 0.035179 0.488797 0.135806
v 0.013164 0.482078 0.140084
v 0.011930 0.459779 0.029990
v 0.036986 0.466156 0.038596
v 0.057355 0.476981 0.052853
v 0.066714 0.486962 0.068943
v 0.070664 0.492366 0.085241
v 0.070505 0.489036 0.106343
v 0.065494 0.478950 0.128592
v 0.053541 0.472695 0.140568
v 0.036114 0.476322 0.142997
v 0.011907 0.460459 0.029716
v 0.036467 0.466708 0.037911
v 0.056941 0.477533 0.051573
v 0.067278 0.487732 0.066962
v 0.071818 0.493241 0.083638
v 0.071563 0.490337 0.105634
v 0.065929 0.480519 0.128337
v 0.053578 0.474066 0.140455
v 0.036149 0.477449 0.142784
v 0.065804 0.709661 0.062102
v 0.065345 0.715531 0.071378
v 0.076038 0.724374 0.083902
v 0.076738 0.725352 0.094781
v 0.067614 0.724237 0.107142
v 0.067928 0.717637 0.117998
v 0.077245 0.722770 0.095455
v 0.076586 0.721765 0.084778
v 0.077858 0.721665 0.105713
v 0.077968 0.714595 0.117181
v 0.076593 0.703762 0.125656
v 0.074145 0.691808 0.129236
v 0.074299 0.674716 0.129654
v 0.077069 0.658864 0.126238
v 0.080046 0.645986 0.117282
v 0.081572 0.636866 0.101012
v 0.080022 0.636594 0.079235
v 0.077489 0.640860 0.063098
v 0.075646 0.646376 0.056324
v 0.073573 0.656159 0.051696
v 0.073209 0.670935 0.049720
v 0.076213 0.699804 0.054853
v 0.074783 0.685264 0.050497
v 0.076454 0.710392 0.060615
v 0.076210 0.716769 0.071038
v 0.033821 0.725876 0.081466
v 0.052015 0.735916 0.090429
v 0.038730 0.732469 0.095100
v 0.050039 0.738132 0.089798
v 0.048848 0.735240 0.079010
v 0.057034 0.737042 0.088218
v 0.042559 0.734379 0.078812
v 0.044951 0.732537 0.079655
v 0.054281 0.737660 0.095446
v 0.039736 0.730528 0.073685
v 0.042010 0.734249 0.093507
v 0.039208 0.736192 0.092852
v 0.033310 0.729899 0.079732
v 0.036399 0.728386 0.080579
v 0.043622 0.736859 0.099602
v 0.032113 0.724703 0.073553
v 0.028385 0.721647 0.074169
v 0.026311 0.716996 0.070322
v 0.039103 0.735610 0.101573
v 0.038492 0.735155 0.106844
v 0.025766 0.727244 0.081264
v 0.019889 0.718596 0.071975
v 0.014584 0.712678 0.067397
v 0.005789 0.708906 0.064379
v 0.027919 0.737576 0.110192
v 0.032543 0.737261 0.104944
v 0.031653 0.734626 0.094795
v 0.007413 0.731884 0.117282
v 0.019772 0.735551 0.114418
v 0.026567 0.727290 0.080700
v 0.020703 0.718646 0.071266
v 0.015241 0.712621 0.066562
v 0.006049 0.708622 0.063346
v 0.028762 0.737403 0.111235
v 0.033761 0.737572 0.105263
v 0.032783 0.734903 0.094516
v 0.007652 0.731178 0.118470
v 0.020380 0.734985 0.115711
v 0.054333 0.729787 0.096291
v 0.052843 0.724553 0.083277
v 0.066841 0.724397 0.083598
v 0.067739 0.727322 0.095785
v 0.054386 0.730612 0.102558
v 0.049927 0.730283 0.095795
v 0.048042 0.724686 0.083259
v 0.051405 0.720144 0.076530
v 0.067516 0.725745 0.102449
v 0.065721 0.719896 0.078077
v 0.075802 0.722779 0.084410
v 0.076502 0.723757 0.095290
v 0.054150 0.729018 0.103067
v 0.049691 0.728689 0.096303
v 0.047806 0.723091 0.083768
v 0.051169 0.718549 0.077039
v -0.021697 0.578927 0.006975
v -0.007249 0.580129 0.004068
v -0.036479 0.578451 0.012194
v -0.008220 0.565120 0.006106
v -0.038721 0.567005 0.014045
v -0.023868 0.565664 0.008727
v -0.005457 0.596648 0.000869
v -0.049545 0.580668 0.018954
v -0.004021 0.613220 -0.000589
v -0.004279 0.628057 0.002242
v -0.006486 0.641811 0.009362
v -0.008239 0.655486 0.018962
v -0.051535 0.568894 0.021599
v -0.062492 0.570923 0.034232
v -0.061781 0.586391 0.029395
v -0.008741 0.550819 0.007740
v -0.008504 0.533661 0.010412
v -0.025328 0.550852 0.010770
v -0.025556 0.533170 0.013887
v -0.040605 0.551872 0.016623
v -0.041119 0.533761 0.020683
v -0.052851 0.552925 0.024618
v -0.053171 0.536099 0.030577
v -0.062066 0.554068 0.036620
v -0.061394 0.538399 0.044817
v -0.008316 0.514025 0.013846
v -0.074660 0.610392 0.042316
v -0.015124 0.598637 0.000686
v -0.013155 0.614081 -0.001377
v -0.023876 0.657564 0.023189
v -0.023084 0.588976 0.004838
v -0.035796 0.587001 0.009375
v -0.047377 0.588737 0.014039
v -0.059692 0.595192 0.021045
v -0.013436 0.626924 0.000756
v -0.016855 0.638146 0.006767
v -0.069096 0.604454 0.026596
v -0.071366 0.628120 0.029396
v -0.026612 0.647117 0.014564
v -0.054736 0.648672 0.026989
v -0.037333 0.651055 0.020530
v -0.042689 0.662421 0.033156
v -0.054260 0.659257 0.036761
v -0.065110 0.641094 0.029327
v -0.074864 0.627213 0.044832
v -0.071142 0.643631 0.044828
v -0.067357 0.656077 0.045329
v -0.025145 0.599730 0.000926
v -0.024730 0.613871 -0.002141
v -0.024971 0.625305 -0.001187
v -0.026963 0.635854 0.005190
v -0.066222 0.613493 0.016275
v -0.057776 0.641388 0.021757
v -0.064431 0.628606 0.018089
v -0.044935 0.651734 0.024214
v -0.035066 0.661619 0.029511
v -0.037419 0.598541 0.003509
v -0.039093 0.613494 -0.000906
v -0.039056 0.625630 0.000370
v -0.038400 0.638028 0.008726
v -0.048180 0.640908 0.015003
v -0.053082 0.627120 0.007442
v -0.071094 0.597682 0.039176
v -0.072297 0.614542 0.027810
v -0.061789 0.602229 0.016834
v -0.054374 0.612429 0.005378
v -0.049913 0.599060 0.008453
v -0.026021 0.514108 0.019029
v -0.041786 0.516234 0.027715
v -0.053412 0.520147 0.039476
v -0.061235 0.522941 0.056954
v -0.007971 0.667873 0.029348
v -0.063025 0.523996 0.078539
v -0.064777 0.508251 0.090081
v -0.063616 0.508752 0.067959
v -0.055607 0.506003 0.048749
v -0.043445 0.501334 0.035191
v -0.027006 0.497505 0.024941
v -0.008494 0.495655 0.017861
v -0.059251 0.506557 0.109397
v -0.048200 0.505726 0.119971
v -0.033042 0.506600 0.122943
v -0.064713 0.540944 0.065496
v -0.067608 0.556408 0.056044
v -0.069745 0.571616 0.053474
v -0.072755 0.589486 0.056344
v -0.075928 0.606665 0.058592
v -0.076996 0.627010 0.060361
v -0.012347 0.509193 0.121993
v -0.012379 0.526373 0.114016
v -0.033013 0.524555 0.112741
v -0.047898 0.524119 0.108607
v -0.058385 0.524383 0.097513
v -0.013854 0.546916 0.110735
v -0.035687 0.546066 0.107053
v -0.060820 0.543745 0.086953
v -0.050230 0.545497 0.100656
v -0.015547 0.568085 0.112795
v -0.039444 0.565989 0.107488
v -0.054456 0.565499 0.098623
v -0.064935 0.561125 0.080327
v -0.016539 0.585092 0.118160
v -0.042984 0.581747 0.111249
v -0.059602 0.580521 0.099263
v -0.068872 0.575030 0.077777
v -0.018074 0.601771 0.124789
v -0.047596 0.596818 0.115637
v -0.064970 0.592651 0.099324
v -0.072389 0.588934 0.077560
v -0.075621 0.604928 0.077395
v -0.078362 0.624342 0.078038
v -0.032614 0.671650 0.037393
v -0.022376 0.668735 0.032302
v -0.040845 0.673421 0.041660
v -0.053225 0.672560 0.046069
v -0.052092 0.683891 0.051304
v -0.039720 0.683185 0.048394
v -0.031126 0.681525 0.045198
v -0.021369 0.679698 0.041732
v -0.007654 0.679837 0.040107
v -0.069792 0.605540 0.100138
v -0.052626 0.612910 0.119990
v -0.020236 0.621303 0.130762
v -0.076539 0.624211 0.101168
v -0.058753 0.630600 0.122289
v -0.021668 0.638255 0.134138
v -0.057013 0.661225 0.131213
v -0.018871 0.666134 0.136389
v -0.061161 0.647102 0.126179
v -0.021473 0.652325 0.135720
v -0.059453 0.677888 0.132327
v -0.064896 0.694202 0.130454
v -0.066590 0.706417 0.126645
v -0.066747 0.671100 0.049277
v -0.066691 0.684569 0.051730
v -0.066451 0.699153 0.056360
v -0.015777 0.680550 0.135732
v -0.050487 0.700132 0.130568
v -0.040800 0.687686 0.133763
v -0.052362 0.711043 0.126737
v -0.042527 0.716327 0.125200
v -0.039250 0.708060 0.128734
v -0.031225 0.700361 0.131561
v -0.012601 0.695962 0.133142
v -0.045736 0.725028 0.118479
v -0.054632 0.721553 0.118724
v -0.036972 0.729667 0.116813
v -0.008986 0.708095 0.129923
v -0.034682 0.721097 0.123658
v -0.022413 0.709924 0.128932
v -0.030057 0.714628 0.126676
v -0.027463 0.721926 0.123714
v -0.007630 0.719256 0.125054
v -0.019298 0.720205 0.125042
v -0.029032 0.732025 0.116682
v -0.020393 0.730790 0.119319
v -0.007808 0.728499 0.120303
v -0.050363 0.697294 0.057345
v -0.049195 0.707783 0.063687
v -0.049864 0.714072 0.071640
v -0.067752 0.727339 0.101940
v -0.054750 0.727522 0.108130
v -0.065957 0.721491 0.077568
v -0.037879 0.695289 0.055805
v -0.036527 0.706331 0.062891
v -0.037865 0.714722 0.070579
v -0.041323 0.723992 0.082867
v -0.044643 0.730067 0.096062
v -0.046885 0.730562 0.107976
v -0.006788 0.693300 0.051185
v -0.019016 0.692733 0.051831
v -0.028513 0.693813 0.053749
v -0.006145 0.704613 0.059830
v -0.016353 0.706523 0.061755
v -0.025569 0.706921 0.062520
v -0.028212 0.727198 0.080464
v -0.034021 0.734569 0.094234
v -0.009187 0.473952 0.024860
v -0.030647 0.478015 0.032810
v -0.049097 0.485434 0.044649
v -0.060904 0.493303 0.059446
v -0.067643 0.497584 0.077974
v -0.068131 0.495738 0.100330
v -0.062462 0.489521 0.121916
v -0.050688 0.485660 0.133516
v -0.034600 0.488194 0.135819
v -0.013037 0.492708 0.133453
v -0.013246 0.481874 0.140114
v -0.009718 0.459447 0.030116
v -0.034310 0.465009 0.039081
v -0.054229 0.475458 0.053352
v -0.063623 0.485756 0.069154
v -0.067815 0.491422 0.085382
v -0.067987 0.488008 0.106601
v -0.063519 0.477412 0.129179
v -0.052285 0.470906 0.141311
v -0.035526 0.475287 0.143372
v -0.013314 0.483022 0.140038
v -0.009730 0.460140 0.029839
v -0.033881 0.465578 0.038381
v -0.053933 0.476055 0.052058
v -0.064289 0.486618 0.067157
v -0.069080 0.492398 0.083743
v -0.069125 0.489415 0.105843
v -0.063993 0.479094 0.128875
v -0.052328 0.472369 0.141162
v -0.035553 0.476458 0.143133
v -0.065804 0.709661 0.062102
v -0.065345 0.715531 0.071378
v -0.076038 0.724374 0.083902
v -0.076738 0.725352 0.094781
v -0.067614 0.724237 0.107142
v -0.067928 0.717637 0.117998
v -0.077245 0.722770 0.095455
v -0.076586 0.721765 0.084778
v -0.077858 0.721665 0.105713
v -0.077968 0.714595 0.117181
v -0.076593 0.703762 0.125656
v -0.074145 0.691808 0.129236
v -0.074299 0.674716 0.129654
v -0.077069 0.658864 0.126238
v -0.080046 0.645986 0.117282
v -0.081572 0.636866 0.101012
v -0.080022 0.636594 0.079235
v -0.077489 0.640861 0.063098
v -0.075646 0.646376 0.056324
v -0.073573 0.656159 0.051696
v -0.073209 0.670935 0.049720
v -0.076213 0.699804 0.054853
v -0.074783 0.685264 0.050497
v -0.076454 0.710392 0.060615
v -0.076210 0.716769 0.071038
v -0.033821 0.725876 0.081466
v -0.052015 0.735916 0.090429
v -0.038730 0.732469 0.095100
v -0.050039 0.738132 0.089798
v -0.048848 0.735240 0.079010
v -0.057034 0.737042 0.088218
v -0.042559 0.734378 0.078812
v -0.044951 0.732537 0.079655
v -0.054281 0.737660 0.095446
v -0.039736 0.730527 0.073685
v -0.042010 0.734249 0.093507
v -0.039208 0.736192 0.092852
v -0.033310 0.729899 0.079732
v -0.036399 0.728386 0.080579
v -0.043622 0.736859 0.099602
v -0.032113 0.724703 0.073553
v -0.028385 0.721647 0.074169
v -0.026311 0.716996 0.070322
v -0.039103 0.735610 0.101573
v -0.038492 0.735155 0.106844
v -0.025766 0.727243 0.081264
v -0.019889 0.718596 0.071975
v -0.014584 0.712678 0.067397
v -0.005789 0.708906 0.064379
v -0.027919 0.737576 0.110192
v -0.032543 0.737261 0.104944
v -0.031653 0.734626 0.094795
v -0.007413 0.731884 0.117282
v -0.019772 0.735551 0.114418
v -0.026567 0.727290 0.080700
v -0.020703 0.718646 0.071266
v -0.015241 0.712621 0.066562
v -0.006049 0.708622 0.063346
v -0.028762 0.737403 0.111235
v -0.033761 0.737572 0.105263
v -0.032783 0.734903 0.094516
v -0.007652 0.731178 0.118470
v -0.020380 0.734985 0.115711
v -0.054333 0.729787 0.096291
v -0.052843 0.724553 0.083277
v -0.066841 0.724397 0.083598
v -0.067739 0.727322 0.095785
v -0.054386 0.730612 0.102558
v -0.049927 0.730283 0.095795
v -0.048042 0.724686 0.083259
v -0.051405 0.720144 0.076530
v -0.067516 0.725745 0.102449
v -0.065721 0.719896 0.078077
v -0.075802 0.722779 0.084410
v -0.076502 0.723757 0.095290
v -0.054150 0.729018 0.103067
v -0.049691 0.728689 0.096303
v -0.047806 0.723091 0.083768
v -0.051169 0.718549 0.077039
v 0.019938 0.772148 0.105732
v 0.013049 0.773271 0.110488
v 0.004361 0.772436 0.113521
v 0.023362 0.769782 0.098249
v 0.007242 0.745714 0.069400
v 0.001713 0.743016 0.067460
v 0.020605 0.760181 0.082182
v 0.014427 0.750744 0.073793
v 0.023820 0.767332 0.090595
v -0.019938 0.772148 0.105732
v -0.013049 0.773271 0.110488
v -0.004361 0.772436 0.113521
v -0.023362 0.769782 0.098249
v -0.007242 0.745714 0.069400
v -0.001713 0.743016 0.067460
v -0.020605 0.760181 0.082182
v -0.014427 0.750744 0.073793
v -0.023820 0.767332 0.090595
v 0.178466 0.044607 -0.041505
v 0.179202 0.065876 -0.024234
v 0.168526 0.043064 -0.041466
v 0.180614 0.052564 -0.059152
v 0.169537 0.073930 -0.002110
v 0.145681 0.055027 -0.084474
v 0.167747 0.055667 -0.079178
v 0.139851 0.043668 -0.064579
v 0.166023 0.105322 0.036018
v 0.148750 0.133741 0.017178
v 0.146873 0.105177 0.034995
v 0.176422 0.120520 -0.002371
v 0.165231 0.084324 -0.041175
v 0.177630 0.084870 -0.004817
v 0.177449 0.096442 0.006988
v 0.176923 0.104570 0.019110
v 0.175163 0.125791 0.005992
v 0.173588 0.116781 -0.016375
v 0.165889 0.150398 -0.045800
v 0.163293 0.116116 -0.033068
v 0.136429 0.119514 -0.003947
v 0.137674 0.157207 -0.020549
v 0.175179 0.094061 -0.012908
v 0.178085 0.076560 -0.031821
v 0.144681 0.057157 -0.022391
v 0.144938 0.083247 -0.041987
v 0.141402 0.083138 -0.005757
v 0.138549 0.087889 0.008829
v 0.138437 0.096077 0.020864
v 0.139324 0.044939 -0.042582
v 0.140122 0.163604 -0.007649
v 0.147995 0.116270 -0.032907
v 0.151636 0.151090 -0.045996
v 0.138197 0.116198 -0.017557
v 0.138638 0.127014 0.006631
v 0.141316 0.152869 -0.034540
v 0.169063 0.164077 -0.000946
v 0.138417 0.091594 -0.012971
v 0.137192 0.073904 -0.032692
v 0.151600 0.167300 0.001973
v 0.179498 0.155805 -0.016980
v 0.176538 0.152206 -0.030922
v 0.169504 0.055554 -0.020942
v 0.165375 0.132248 0.016306
v 0.138235 0.175994 -0.029014
v 0.182384 0.177688 -0.017241
v 0.152645 0.186512 -0.003258
v 0.172705 0.183034 -0.006029
v 0.153706 0.167758 -0.057160
v 0.167089 0.167198 -0.056777
v 0.140022 0.182879 -0.014415
v 0.143260 0.170566 -0.045061
v 0.182681 0.174285 -0.025128
v 0.178786 0.170010 -0.040736
v 0.178441 0.158950 -0.010421
v 0.168059 0.066491 -0.063957
v 0.143952 0.064864 -0.068238
v 0.180554 0.054121 -0.043131
v 0.177888 0.057030 -0.021162
v 0.179169 0.043202 -0.059942
v 0.147542 0.047304 -0.083561
v 0.167254 0.046927 -0.079735
v 0.136265 0.051050 -0.065878
v 0.165962 0.113240 0.032547
v 0.146649 0.113272 0.031463
v 0.177410 0.076187 -0.001547
v 0.177229 0.087775 0.010318
v 0.176919 0.096148 0.022604
v 0.141692 0.064194 -0.024857
v 0.144392 0.076111 -0.003281
v 0.136456 0.094864 0.006281
v 0.137114 0.103750 0.017636
v 0.136494 0.052570 -0.044561
v 0.149397 0.043399 -0.041973
v 0.153229 0.073981 -0.003109
v 0.153206 0.055785 -0.021607
v 0.148766 0.043743 -0.066752
v 0.167842 0.043390 -0.064559
v 0.252686 0.462047 0.075538
v 0.251886 0.459958 0.067011
v 0.256090 0.465959 0.082541
v 0.261307 0.469597 0.085236
v 0.266342 0.473273 0.084040
v 0.270580 0.476807 0.078317
v 0.272589 0.478771 0.071153
v 0.271564 0.478279 0.061907
v 0.267188 0.474632 0.051982
v 0.258869 0.466791 0.051701
v 0.252697 0.460865 0.059226
v 0.248745 0.466741 0.075716
v 0.248342 0.464910 0.067389
v 0.251800 0.470639 0.083180
v 0.257496 0.474466 0.086227
v 0.263274 0.477977 0.084324
v 0.267600 0.480930 0.078074
v 0.269307 0.482545 0.070719
v 0.267996 0.482045 0.061701
v 0.263530 0.478458 0.052580
v 0.255215 0.471188 0.052900
v 0.249140 0.465839 0.060272
v 0.331008 0.402627 0.091545
v 0.325663 0.401042 0.093333
v 0.322344 0.399620 0.089042
v 0.331485 0.402458 0.085751
v 0.326041 0.400806 0.084443
v 0.341390 0.387641 0.069614
v 0.333203 0.384838 0.062531
v 0.342182 0.385415 0.064500
v 0.338668 0.388232 0.062292
v 0.329877 0.383959 0.068734
v 0.335594 0.386251 0.073171
v 0.335825 0.399027 0.068853
v 0.334670 0.397738 0.061745
v 0.326462 0.395785 0.060710
v 0.322550 0.395830 0.067917
v 0.329009 0.397953 0.073035
v 0.327561 0.414599 0.067343
v 0.326439 0.413124 0.060375
v 0.310404 0.409583 0.067366
v 0.316078 0.412966 0.059024
v 0.316123 0.406473 0.060508
v 0.332517 0.387617 0.062110
v 0.314035 0.415115 0.072012
v 0.323868 0.410918 0.071943
v 0.326256 0.396866 0.061497
v 0.316138 0.410413 0.060368
v 0.327207 0.384184 0.058907
v 0.319367 0.392788 0.057648
v 0.307026 0.405636 0.056798
v 0.325477 0.417955 0.073425
v 0.331852 0.407658 0.081483
v 0.336870 0.398828 0.080850
v 0.338213 0.395308 0.082654
v 0.331545 0.406612 0.074368
v 0.320131 0.404319 0.078622
v 0.324371 0.404562 0.071875
v 0.322730 0.407900 0.084575
v 0.327671 0.405215 0.084795
v 0.333402 0.386067 0.052776
v 0.327518 0.383726 0.052982
v 0.336747 0.388544 0.058134
v 0.328348 0.393469 0.079288
v 0.336681 0.398317 0.076267
v 0.337523 0.394380 0.074701
v 0.331633 0.394349 0.073697
v 0.329896 0.396675 0.084477
v 0.335510 0.394010 0.084385
v 0.316640 0.417960 0.083996
v 0.316043 0.417527 0.071080
v 0.314930 0.412423 0.071644
v 0.309700 0.414411 0.078358
v 0.325337 0.419513 0.080148
v 0.320591 0.410840 0.083697
v 0.327147 0.412767 0.085654
v 0.318301 0.419927 0.083187
v 0.311483 0.421086 0.083711
v 0.322287 0.423523 0.085563
v 0.315671 0.409752 0.089320
v 0.307903 0.419062 0.089000
v 0.331979 0.398450 0.056457
v 0.323968 0.412330 0.054466
v 0.318977 0.423588 0.092665
v 0.308572 0.422670 0.094674
v 0.313816 0.420289 0.095717
v 0.309524 0.404778 0.049038
v 0.319099 0.408664 0.048277
v 0.284780 0.402185 0.035588
v 0.280804 0.400570 0.045067
v 0.280815 0.408088 0.047027
v 0.286323 0.405720 0.045613
v 0.286787 0.408951 0.045143
v 0.288369 0.407253 0.040808
v 0.289392 0.402095 0.038096
v 0.319257 0.411118 0.094687
v 0.279045 0.401835 0.038687
v 0.280179 0.397711 0.041548
v 0.325817 0.412854 0.092518
v 0.320688 0.392424 0.050686
v 0.327734 0.395549 0.050202
v 0.311672 0.419208 0.047320
v 0.312820 0.431486 0.092336
v 0.302545 0.413906 0.047741
v 0.328941 0.395601 0.089870
v 0.272987 0.413326 0.043029
v 0.303979 0.426656 0.094507
v 0.304321 0.429004 0.095607
v 0.279012 0.416783 0.037863
v 0.267559 0.428538 0.048799
v 0.287193 0.415947 0.041604
v 0.285053 0.420467 0.040237
v 0.273920 0.415751 0.050995
v 0.278197 0.415071 0.050475
v 0.275076 0.433207 0.042172
v 0.271831 0.426212 0.056699
v 0.287695 0.427930 0.043130
v 0.285176 0.434525 0.043202
v 0.296450 0.446142 0.087686
v 0.288007 0.439463 0.090531
v 0.279794 0.461017 0.052880
v 0.284167 0.463598 0.062322
v 0.277303 0.434749 0.079431
v 0.266875 0.453576 0.049759
v 0.261025 0.447995 0.066551
v 0.273729 0.457878 0.048219
v 0.261065 0.448798 0.055871
v 0.264528 0.442834 0.070647
v 0.296469 0.416240 0.048395
v 0.280193 0.460510 0.082006
v 0.263557 0.441160 0.053280
v 0.274393 0.448419 0.046021
v 0.285016 0.464701 0.072807
v 0.267714 0.447278 0.047353
v 0.291433 0.426778 0.045018
v 0.284945 0.395295 0.041588
v 0.288334 0.396669 0.041031
v 0.289821 0.394743 0.037850
v 0.287539 0.393488 0.035550
v 0.284320 0.392436 0.038069
v 0.279577 0.430131 0.071171
v 0.304363 0.426305 0.046294
v 0.298635 0.439980 0.050172
v 0.286488 0.445801 0.048903
v 0.281126 0.453493 0.049994
v 0.296317 0.425041 0.045427
v 0.290014 0.417741 0.050069
v 0.318092 0.423574 0.052719
v 0.333284 0.396671 0.090003
v 0.332934 0.380185 0.055094
v 0.336703 0.381405 0.055195
v 0.306646 0.438087 0.053688
v 0.308683 0.442539 0.078572
v 0.292344 0.425242 0.075407
v 0.290724 0.420349 0.061091
v 0.333421 0.396597 0.086608
v 0.330169 0.395646 0.085944
v 0.340793 0.389921 0.076610
v 0.336154 0.387439 0.079109
v 0.338591 0.389040 0.081711
v 0.337921 0.388494 0.075692
v 0.338587 0.382966 0.058434
v 0.341294 0.390338 0.079980
v 0.333037 0.380396 0.058716
v 0.336185 0.382515 0.060734
v 0.340870 0.380029 0.071146
v 0.337594 0.378368 0.068498
v 0.339555 0.379325 0.064767
v 0.343731 0.380607 0.065153
v 0.344341 0.381081 0.069022
v 0.297455 0.413028 0.054798
v 0.298830 0.415560 0.061787
v 0.301835 0.424424 0.090201
v 0.300979 0.422268 0.083315
v 0.308323 0.439743 0.058050
v 0.321599 0.427506 0.065672
v 0.320464 0.425945 0.059211
v 0.303704 0.446821 0.072594
v 0.320700 0.429486 0.078848
v 0.321838 0.429419 0.073214
v 0.321391 0.426612 0.071617
v 0.307036 0.443913 0.082836
v 0.303601 0.446102 0.063695
v 0.318417 0.433396 0.085908
v 0.319209 0.430406 0.084109
v 0.284899 0.420186 0.054810
v 0.279918 0.423749 0.056557
v 0.288133 0.421412 0.047947
v 0.286535 0.418044 0.047427
v 0.281250 0.419244 0.053064
v 0.284333 0.415493 0.049147
v 0.271739 0.451977 0.084108
v 0.258504 0.453156 0.068698
v 0.258295 0.454168 0.057913
v 0.259200 0.456007 0.076661
v 0.264534 0.458484 0.081918
v 0.275489 0.467897 0.079596
v 0.279211 0.471354 0.071852
v 0.278140 0.470507 0.062203
v 0.274026 0.467459 0.052464
v 0.270819 0.463163 0.048490
v 0.264070 0.459558 0.050872
v 0.270252 0.465606 0.083805
v 0.267472 0.463186 0.084172
v 0.155500 0.170282 -0.051376
v 0.144114 0.173301 -0.041753
v 0.140136 0.177808 -0.028799
v 0.142126 0.183402 -0.016654
v 0.153997 0.186347 -0.007209
v 0.171983 0.182924 -0.009399
v 0.170036 0.170103 -0.049928
v 0.178521 0.171680 -0.039915
v 0.180477 0.177305 -0.022957
v 0.180990 0.174363 -0.030057
v -0.165784 0.044068 -0.043976
v -0.170793 0.065445 -0.027568
v -0.155829 0.043529 -0.042640
v -0.166413 0.051480 -0.061977
v -0.164870 0.074788 -0.004678
v -0.128926 0.057009 -0.082755
v -0.151446 0.055525 -0.080303
v -0.124621 0.046619 -0.061963
v -0.169277 0.106298 0.032689
v -0.152775 0.136432 0.016593
v -0.150236 0.108095 0.034094
v -0.176303 0.120921 -0.006405
v -0.156630 0.085014 -0.043157
v -0.173576 0.084849 -0.008708
v -0.176032 0.096563 0.002661
v -0.177842 0.104610 0.014618
v -0.176641 0.126158 0.002073
v -0.171358 0.117515 -0.019936
v -0.163610 0.153043 -0.047726
v -0.159016 0.117907 -0.035209
v -0.136528 0.123911 -0.002937
v -0.139590 0.161908 -0.019000
v -0.171017 0.094157 -0.016686
v -0.169758 0.076097 -0.035271
v -0.136112 0.060248 -0.021129
v -0.136393 0.085960 -0.041374
v -0.137531 0.086717 -0.005010
v -0.137036 0.091944 0.009604
v -0.139241 0.100079 0.021293
v -0.127047 0.048297 -0.040121
v -0.144266 0.167658 -0.006366
v -0.143954 0.119588 -0.033113
v -0.149589 0.155159 -0.046116
v -0.136221 0.120476 -0.016642
v -0.140794 0.131002 0.007315
v -0.141004 0.157631 -0.033421
v -0.173712 0.165038 -0.003332
v -0.134486 0.095356 -0.012032
v -0.129028 0.077524 -0.030897
v -0.157169 0.169900 0.001822
v -0.181175 0.156256 -0.020706
v -0.176153 0.153367 -0.034252
v -0.160641 0.056194 -0.022774
v -0.168922 0.133298 0.013620
v -0.141046 0.180837 -0.027072
v -0.186249 0.177742 -0.020930
v -0.159535 0.189063 -0.003153
v -0.178633 0.183682 -0.008492
v -0.151989 0.171965 -0.057087
v -0.165187 0.170057 -0.058404
v -0.145324 0.187056 -0.012694
v -0.143463 0.175430 -0.043719
v -0.185217 0.174571 -0.028850
v -0.179004 0.171190 -0.043917
v -0.181268 0.159292 -0.014005
v -0.154759 0.066513 -0.065564
v -0.130258 0.067236 -0.066723
v -0.168561 0.053298 -0.046129
v -0.169031 0.056819 -0.024093
v -0.163976 0.042297 -0.062307
v -0.130130 0.049155 -0.081860
v -0.150039 0.046871 -0.080539
v -0.121633 0.054301 -0.063012
v -0.169573 0.114083 0.029314
v -0.150381 0.116091 0.030664
v -0.172932 0.076256 -0.005186
v -0.175388 0.087970 0.006184
v -0.177443 0.096272 0.018144
v -0.133528 0.067507 -0.023402
v -0.140115 0.079458 -0.002737
v -0.135328 0.099073 0.007173
v -0.138287 0.107817 0.018183
v -0.124741 0.056140 -0.041948
v -0.136917 0.045768 -0.040742
v -0.148653 0.076456 -0.003613
v -0.144493 0.058043 -0.021386
v -0.133148 0.045766 -0.065243
v -0.152223 0.043542 -0.065462
v -0.252687 0.462047 0.075538
v -0.251886 0.459958 0.067011
v -0.256091 0.465959 0.082541
v -0.261307 0.469597 0.085236
v -0.266342 0.473273 0.084040
v -0.270580 0.476807 0.078317
v -0.272589 0.478771 0.071153
v -0.271564 0.478279 0.061907
v -0.267188 0.474632 0.051982
v -0.258869 0.466791 0.051701
v -0.252697 0.460865 0.059226
v -0.248745 0.466741 0.075716
v -0.248342 0.464910 0.067389
v -0.251800 0.470639 0.083180
v -0.257496 0.474465 0.086227
v -0.263274 0.477977 0.084324
v -0.267600 0.480930 0.078074
v -0.269307 0.482545 0.070719
v -0.267996 0.482045 0.061701
v -0.263530 0.478458 0.052580
v -0.255215 0.471188 0.052900
v -0.249140 0.465839 0.060272
v -0.331008 0.402627 0.091545
v -0.325663 0.401041 0.093333
v -0.322344 0.399620 0.089042
v -0.331485 0.402458 0.085751
v -0.326041 0.400806 0.084443
v -0.341390 0.387641 0.069614
v -0.333203 0.384838 0.062531
v -0.342182 0.385415 0.064500
v -0.338668 0.388232 0.062292
v -0.329877 0.383959 0.068734
v -0.335594 0.386251 0.073171
v -0.335825 0.399027 0.068853
v -0.334670 0.397738 0.061745
v -0.326462 0.395785 0.060710
v -0.322550 0.395830 0.067917
v -0.329009 0.397953 0.073035
v -0.327561 0.414599 0.067343
v -0.326439 0.413124 0.060375
v -0.310404 0.409583 0.067366
v -0.316078 0.412966 0.059024
v -0.316123 0.406473 0.060508
v -0.332517 0.387617 0.062110
v -0.314035 0.415115 0.072012
v -0.323868 0.410918 0.071943
v -0.326256 0.396866 0.061497
v -0.316138 0.410413 0.060368
v -0.327207 0.384184 0.058907
v -0.319367 0.392788 0.057648
v -0.307026 0.405636 0.056798
v -0.325477 0.417955 0.073425
v -0.331852 0.407658 0.081483
v -0.336870 0.398828 0.080850
v -0.338213 0.395308 0.082654
v -0.331545 0.406612 0.074368
v -0.320132 0.404319 0.078622
v -0.324371 0.404562 0.071875
v -0.322730 0.407900 0.084575
v -0.327671 0.405215 0.084795
v -0.333402 0.386067 0.052776
v -0.327518 0.383726 0.052982
v -0.336747 0.388543 0.058134
v -0.328348 0.393469 0.079288
v -0.336681 0.398317 0.076267
v -0.337523 0.394380 0.074701
v -0.331633 0.394349 0.073697
v -0.329896 0.396675 0.084477
v -0.335510 0.394010 0.084385
v -0.316640 0.417960 0.083996
v -0.316043 0.417527 0.071080
v -0.314930 0.412423 0.071644
v -0.309700 0.414411 0.078358
v -0.325337 0.419513 0.080148
v -0.320591 0.410840 0.083697
v -0.327147 0.412767 0.085654
v -0.318301 0.419926 0.083187
v -0.311483 0.421086 0.083711
v -0.322287 0.423523 0.085563
v -0.315671 0.409752 0.089320
v -0.307903 0.419062 0.089000
v -0.331979 0.398450 0.056457
v -0.323968 0.412330 0.054466
v -0.318977 0.423588 0.092665
v -0.308572 0.422670 0.094674
v -0.313816 0.420289 0.095717
v -0.309524 0.404778 0.049038
v -0.319099 0.408664 0.048278
v -0.284780 0.402185 0.035588
v -0.280804 0.400570 0.045067
v -0.280815 0.408088 0.047027
v -0.286323 0.405720 0.045613
v -0.286787 0.408951 0.045143
v -0.288369 0.407253 0.040808
v -0.289392 0.402095 0.038096
v -0.319257 0.411118 0.094687
v -0.279045 0.401835 0.038687
v -0.280179 0.397711 0.041548
v -0.325817 0.412854 0.092518
v -0.320688 0.392424 0.050686
v -0.327734 0.395549 0.050202
v -0.311672 0.419208 0.047320
v -0.312820 0.431486 0.092336
v -0.302545 0.413906 0.047741
v -0.328941 0.395601 0.089870
v -0.272988 0.413326 0.043029
v -0.303979 0.426656 0.094507
v -0.304321 0.429004 0.095607
v -0.279012 0.416783 0.037863
v -0.267560 0.428538 0.048799
v -0.287193 0.415947 0.041604
v -0.285053 0.420467 0.040237
v -0.273920 0.415751 0.050995
v -0.278197 0.415070 0.050475
v -0.275076 0.433207 0.042172
v -0.271831 0.426212 0.056699
v -0.287695 0.427930 0.043130
v -0.285176 0.434525 0.043202
v -0.296450 0.446142 0.087686
v -0.288007 0.439463 0.090531
v -0.279794 0.461017 0.052880
v -0.284167 0.463598 0.062322
v -0.277303 0.434749 0.079431
v -0.266875 0.453576 0.049759
v -0.261025 0.447995 0.066551
v -0.273729 0.457878 0.048219
v -0.261065 0.448798 0.055871
v -0.264528 0.442834 0.070647
v -0.296469 0.416240 0.048395
v -0.280193 0.460510 0.082006
v -0.263557 0.441160 0.053280
v -0.274393 0.448419 0.046021
v -0.285016 0.464701 0.072807
v -0.267714 0.447278 0.047353
v -0.291433 0.426778 0.045018
v -0.284945 0.395295 0.041588
v -0.288334 0.396669 0.041031
v -0.289821 0.394743 0.037850
v -0.287539 0.393488 0.035550
v -0.284320 0.392436 0.038069
v -0.279577 0.430131 0.071171
v -0.304363 0.426305 0.046294
v -0.298635 0.439980 0.050172
v -0.286488 0.445801 0.048904
v -0.281126 0.453493 0.049994
v -0.296317 0.425041 0.045427
v -0.290014 0.417741 0.050069
v -0.318092 0.423574 0.052719
v -0.333284 0.396671 0.090003
v -0.332934 0.380185 0.055094
v -0.336703 0.381405 0.055195
v -0.306646 0.438087 0.053688
v -0.308683 0.442539 0.078572
v -0.292344 0.425242 0.075407
v -0.290724 0.420349 0.061091
v -0.333421 0.396597 0.086608
v -0.330169 0.395646 0.085944
v -0.340793 0.389921 0.076610
v -0.336154 0.387439 0.079109
v -0.338591 0.389040 0.081711
v -0.337921 0.388494 0.075692
v -0.338587 0.382966 0.058434
v -0.341294 0.390338 0.079980
v -0.333037 0.380396 0.058716
v -0.336185 0.382515 0.060734
v -0.340870 0.380029 0.071146
v -0.337594 0.378368 0.068498
v -0.339555 0.379325 0.064767
v -0.343731 0.380607 0.065153
v -0.344341 0.381081 0.069022
v -0.297455 0.413028 0.054798
v -0.298830 0.415560 0.061787
v -0.301835 0.424424 0.090201
v -0.300979 0.422268 0.083315
v -0.308323 0.439743 0.058050
v -0.321599 0.427506 0.065672
v -0.320464 0.425945 0.059211
v -0.303704 0.446821 0.072594
v -0.320700 0.429486 0.078848
v -0.321838 0.429419 0.073214
v -0.321391 0.426612 0.071617
v -0.307036 0.443913 0.082836
v -0.303601 0.446102 0.063695
v -0.318417 0.433396 0.085908
v -0.319209 0.430406 0.084109
v -0.284899 0.420186 0.054810
v -0.279918 0.423749 0.056557
v -0.288133 0.421412 0.047947
v -0.286535 0.418044 0.047427
v -0.281250 0.419244 0.053064
v -0.284333 0.415493 0.049147
v -0.271739 0.451977 0.084108
v -0.258504 0.453156 0.068698
v -0.258295 0.454169 0.057913
v -0.259200 0.456007 0.076661
v -0.264534 0.458484 0.081918
v -0.275489 0.467897 0.079596
v -0.279211 0.471354 0.071852
v -0.278140 0.470507 0.062203
v -0.274026 0.467459 0.052464
v -0.270819 0.463163 0.048490
v -0.264070 0.459558 0.050872
v -0.270252 0.465606 0.083805
v -0.267472 0.463186 0.084172
v -0.154734 0.174117 -0.051531
v -0.144997 0.177963 -0.040497
v -0.143136 0.182444 -0.027066
v -0.147178 0.187435 -0.015170
v -0.160365 0.188886 -0.007244
v -0.177492 0.183749 -0.011746
v -0.169241 0.172440 -0.051930
v -0.179015 0.172851 -0.043040
v -0.183621 0.177728 -0.026365
v -0.182946 0.174969 -0.033526
v 0.151181 0.077410 0.009671
v 0.167669 0.080909 0.006786
v 0.149659 0.080829 0.005710
v 0.150834 0.086624 0.028232
v 0.144731 0.084549 0.021720
v 0.176031 0.084991 0.012973
v 0.143863 0.080743 0.014134
v 0.164211 0.097784 0.033829
v 0.174354 0.091241 0.023166
v 0.160936 0.086413 0.028656
v 0.140112 0.085332 0.011102
v 0.170842 0.080547 0.016030
v 0.168697 0.083851 0.022907
v 0.148616 0.097792 0.033059
v 0.140851 0.091671 0.021601
v 0.164297 0.077700 0.010805
v 0.160573 0.069946 0.015143
v 0.163892 0.074241 0.023603
v 0.164908 0.072249 0.019003
v 0.158800 0.075324 0.026574
v 0.147934 0.072254 0.017509
v 0.147940 0.074742 0.022759
v 0.152028 0.075515 0.026311
v 0.152779 0.069639 0.014230
v 0.159407 0.065181 0.018198
v 0.161622 0.067934 0.024504
v 0.162562 0.066564 0.021118
v 0.157899 0.068758 0.026652
v 0.149776 0.066558 0.020059
v 0.149953 0.068191 0.023934
v 0.152946 0.068867 0.026474
v 0.153338 0.065026 0.017531
v 0.157124 0.067668 0.025394
v 0.156296 0.066718 0.022704
v 0.154696 0.065609 0.019530
v -0.148579 0.080269 0.009030
v -0.164838 0.082065 0.004113
v -0.146918 0.083774 0.005316
v -0.151476 0.089481 0.027155
v -0.144435 0.088060 0.021565
v -0.174272 0.085352 0.009030
v -0.142250 0.084356 0.014285
v -0.166469 0.099077 0.030808
v -0.174503 0.091688 0.019109
v -0.161479 0.088258 0.026304
v -0.138618 0.089269 0.011704
v -0.169103 0.081480 0.012791
v -0.168170 0.084973 0.019734
v -0.150983 0.100660 0.032015
v -0.141283 0.095479 0.021786
v -0.161700 0.079258 0.008517
v -0.157805 0.071946 0.013369
v -0.162581 0.075943 0.021257
v -0.162806 0.073835 0.016627
v -0.158036 0.077539 0.024803
v -0.145857 0.075520 0.017244
v -0.146777 0.078028 0.022409
v -0.151338 0.078403 0.025389
v -0.149962 0.072410 0.013420
v -0.156572 0.067339 0.016616
v -0.159837 0.069907 0.022569
v -0.160198 0.068425 0.019114
v -0.156515 0.071112 0.025148
v -0.147437 0.069683 0.019642
v -0.148269 0.071321 0.023454
v -0.151614 0.071714 0.025588
v -0.150478 0.067783 0.016699
v -0.155483 0.070097 0.024019
v -0.154229 0.069214 0.021468
v -0.152133 0.068244 0.018521
v 0.078948 0.647080 0.067330
v 0.079214 0.651471 0.059975
v 0.012892 0.492806 0.133560
v 0.013210 0.483214 0.140020
v 0.078015 0.721689 0.095330
v 0.077443 0.720646 0.085192
v 0.078780 0.720544 0.105472
v 0.078933 0.713324 0.116837
v 0.077491 0.702794 0.124723
v 0.075277 0.691315 0.127776
v 0.075196 0.674586 0.128192
v 0.077532 0.659269 0.125172
v 0.080233 0.647024 0.116110
v 0.081367 0.638322 0.100157
v 0.079640 0.638166 0.079703
v 0.077390 0.642351 0.064411
v 0.076168 0.647583 0.057299
v 0.074606 0.656736 0.052233
v 0.074644 0.670834 0.050080
v 0.077294 0.699554 0.055556
v 0.076359 0.685067 0.050767
v 0.077423 0.709666 0.061333
v 0.077228 0.715707 0.071603
v -0.078015 0.721689 0.095330
v -0.077443 0.720646 0.085192
v -0.078780 0.720543 0.105472
v -0.078933 0.713324 0.116837
v -0.077491 0.702794 0.124723
v -0.075277 0.691315 0.127776
v -0.075196 0.674586 0.128192
v -0.077532 0.659269 0.125172
v -0.080233 0.647024 0.116110
v -0.081367 0.638322 0.100157
v -0.079640 0.638166 0.079703
v -0.077390 0.642351 0.064411
v -0.076168 0.647583 0.057299
v -0.074606 0.656736 0.052233
v -0.074644 0.670834 0.050080
v -0.077294 0.699554 0.055556
v -0.076359 0.685067 0.050767
v -0.077423 0.709666 0.061333
v -0.077228 0.715707 0.071603
v -0.009837 0.382109 0.033177
v -0.007859 0.372746 0.045505
v -0.013863 0.428576 0.165094
v -0.013240 0.408884 0.165748
v -0.172675 0.169937 -0.053159
v -0.035876 0.583025 0.011064
v -0.079416 0.654639 0.056770
v 0.046136 0.646585 0.019721
v 0.337188 0.387619 0.077072
v -0.084233 0.349281 0.061722
v 0.041648 0.730713 0.075359
v -0.039234 0.731900 0.087137
v -0.132167 0.661071 0.099131
v 0.316904 0.409929 0.085851
v 0.053517 0.528131 0.034818
v -0.104902 0.433973 0.101637
v 0.086008 0.661372 0.122145
v 0.336617 0.395894 0.084088
v 0.084218 0.705664 0.120302
v -0.142605 0.183913 -0.019556
v 0.298282 0.423330 0.081259
v 0.085176 0.651133 0.112829
v -0.014421 0.688123 0.134709
v 0.008348 0.524001 0.012059
v -0.084218 0.705664 0.120302
v -0.181183 0.386802 -0.124360
v -0.093349 0.400570 -0.045857
v 0.080534 0.647920 0.115271
v 0.068736 0.649001 0.043850
v 0.005907 0.708812 0.063861
v -0.194000 0.380953 -0.116691
v -0.118323 0.686655 0.085722
v 0.152114 0.073919 0.011676
v -0.071777 0.592575 0.047355
v 0.048716 0.734703 0.085151
v 0.061957 0.546289 0.039813
v 0.124200 0.418396 -0.061928
v 0.078386 0.659654 0.124341
v 0.334359 0.402825 0.081558
v 0.082717 0.695834 0.125031
v 0.066476 0.691403 0.053494
v -0.181517 0.378834 -0.035642
v 0.041178 0.524049 0.112283
v -0.054268 0.729815 0.102812
v 0.018758 0.626055 -0.000309
v 0.123823 0.649395 0.112184
v -0.279142 0.471301 0.067531
v 0.087762 0.688392 0.125935
v 0.042629 0.732764 0.107819
v 0.067013 0.568573 0.078675
v 0.061771 0.530894 0.051154
v 0.066398 0.549064 0.060289
v -0.167524 0.052573 -0.053296
v 0.056140 0.736254 0.088901
v -0.169672 0.147647 0.002919
v -0.076909 0.699775 0.054980
v 0.100565 0.463022 0.053881
v 0.288679 0.419833 0.049398
v 0.335480 0.390293 0.074718
v -0.123823 0.649395 0.112184
v 0.081705 0.682448 0.126987
v -0.025013 0.736625 0.113590
v -0.105630 0.704995 0.103777
v -0.075816 0.657465 0.053104
v 0.017020 0.533597 0.011701
v -0.077580 0.346966 0.042012
v -0.117591 0.686866 0.101730
v 0.170320 0.082127 0.019095
v 0.177325 0.083014 0.005011
v 0.132167 0.661071 0.099131
v -0.058019 0.737189 0.092304
v 0.046449 0.736926 0.084304
v 0.149668 0.070708 0.015299
v 0.150267 0.079813 0.007816
v -0.106377 0.416672 0.105682
v 0.048238 0.721554 0.078032
v 0.085536 0.396393 0.133909
v 0.077304 0.435186 0.142781
v -0.123132 0.347392 -0.066179
v -0.056969 0.569795 0.026846
v 0.111522 0.345973 -0.026565
v 0.075664 0.380733 0.134157
v 0.081436 0.647350 0.081433
v 0.308712 0.419020 0.085309
v 0.140167 0.302455 -0.071356
v -0.306538 0.425394 0.094780
v -0.074015 0.670874 0.049619
v -0.165088 0.313551 -0.050742
v -0.109493 0.649708 0.058732
v 0.058045 0.537374 0.037122
v -0.077125 0.690764 0.126944
v -0.027380 0.411172 0.012984
v 0.141006 0.422763 0.045904
v -0.314039 0.406305 0.047538
v -0.040394 0.730586 0.080027
v 0.082054 0.655259 0.119978
v -0.019830 0.392961 0.020449
v -0.084108 0.458050 0.040444
v 0.083052 0.451594 0.127828
v -0.332892 0.389018 0.079533
v 0.026144 0.727304 0.080970
v 0.088997 0.699561 0.122396
v 0.081273 0.666415 0.125169
v -0.154451 0.042813 -0.052439
v -0.076165 0.646960 0.056685
v -0.007709 0.572196 0.005326
v -0.086008 0.661372 0.122145
v 0.293133 0.417401 0.048696
v 0.281007 0.457788 0.052094
v -0.059829 0.728524 0.096540
v 0.324688 0.411961 0.083437
v -0.278400 0.450630 0.047217
v -0.074864 0.691576 0.128626
v -0.157509 0.047414 -0.033581
v 0.276750 0.459597 0.049631
v 0.033897 0.726597 0.081122
v -0.085385 0.670099 0.052436
v 0.008114 0.661755 0.024090
v -0.028992 0.578573 0.009252
v -0.146341 0.359090 -0.117090
v 0.083364 0.645859 0.097955
v 0.336921 0.396225 0.075370
v -0.052862 0.641593 0.018403
v -0.088997 0.699561 0.122396
v 0.172594 0.172395 -0.046027
v 0.044151 0.733154 0.075353
v -0.194912 0.373894 -0.092424
v 0.094107 0.399511 0.126658
v 0.179969 0.177476 -0.026867
v -0.316239 0.416145 0.095251
v -0.169619 0.056605 -0.038284
v 0.104697 0.448118 0.098297
v 0.094759 0.386041 0.118412
v 0.054558 0.524552 0.104739
v -0.027637 0.347969 0.078595
v 0.116532 0.679580 0.070750
v -0.075628 0.665734 0.128289
v 0.080990 0.650203 0.068988
v 0.036292 0.591724 0.006925
v -0.110995 0.620839 0.091595
v 0.118828 0.453207 0.045960
v 0.081151 0.642569 0.090146
v -0.077578 0.659084 0.125809
v -0.147467 0.423485 0.002289
v 0.023631 0.461927 0.033149
v -0.168985 0.349655 -0.034391
v -0.014660 0.732997 0.117403
v 0.105277 0.695832 0.114297
v -0.076603 0.706568 0.058057
v 0.001081 0.459142 0.029014
v 0.061404 0.656938 0.039910
v 0.047621 0.593217 0.011054
v 0.146200 0.337156 -0.053780
v 0.054114 0.736719 0.094268
v 0.068851 0.635518 0.029931
v -0.117497 0.439778 0.026881
v -0.125336 0.047125 -0.073677
v 0.118323 0.686655 0.085722
v -0.032935 0.636610 0.006415
v 0.146607 0.637604 0.074440
v -0.329971 0.384790 0.051853
v -0.084877 0.451449 0.028237
v 0.332892 0.389018 0.079533
v 0.053875 0.727668 0.090032
v 0.076909 0.699775 0.054980
v 0.156702 0.172544 -0.048381
v -0.148545 0.343883 -0.027817
v -0.121889 0.416108 0.073533
v -0.078189 0.684812 0.051344
v -0.045637 0.568028 0.017623
v 0.112244 0.405826 0.098809
v 0.060943 0.448226 0.019200
v 0.114818 0.663101 0.061204
v -0.322982 0.410968 0.050754
v 0.048922 0.726487 0.090447
v -0.160070 0.394883 -0.106111
v -0.283296 0.450750 0.050127
v -0.148734 0.639590 0.087405
v -0.175071 0.086608 0.007273
v -0.053314 0.736599 0.083637
v 0.000000 0.533604 0.009994
v -0.093568 0.459155 0.085737
v 0.157760 0.076958 0.009254
v 0.076845 0.473094 0.063096
v -0.078563 0.652738 0.122803
v 0.041144 0.651638 0.022488
v 0.077125 0.690764 0.126944
v -0.081167 0.640173 0.109933
v -0.298282 0.423330 0.081259
v -0.268851 0.438528 0.073697
v 0.335403 0.388858 0.060833
v -0.078687 0.714078 0.117131
v 0.025437 0.542511 0.012136
v 0.196719 0.572319 0.072883
v 0.171657 0.087698 0.023075
v 0.073191 0.721565 0.079998
v 0.119495 0.402692 -0.078026
v -0.074515 0.724250 0.099691
v -0.105880 0.346248 0.003043
v -0.089365 0.697618 0.056758
v 0.076163 0.397881 0.141386
v -0.013586 0.357054 0.080159
v 0.029398 0.587633 0.007004
v 0.090601 0.706729 0.063114
v 0.079391 0.639859 0.080121
v -0.311016 0.421603 0.095255
v -0.074547 0.726243 0.094905
v 0.039234 0.731900 0.087137
v 0.068540 0.628990 0.023874
v -0.304549 0.441430 0.056128
v 0.062788 0.482254 0.060709
v 0.303668 0.446531 0.068141
v -0.171834 0.229282 -0.018302
v 0.141672 0.185431 -0.024163
v 0.013881 0.737918 0.076187
v -0.163046 0.043104 -0.043449
v 0.277471 0.463976 0.052841
v -0.203024 0.367004 -0.110329
v -0.097276 0.380554 0.109386
v 0.083440 0.659927 0.055615
v 0.167350 0.076926 0.017334
v -0.081705 0.682448 0.126987
v 0.320953 0.412344 0.084580
v 0.140314 0.144647 -0.001114
v -0.117938 0.377438 0.069197
v -0.096804 0.389833 0.118271
v 0.165950 0.079449 0.022977
v -0.043653 0.696156 0.056748
v -0.173222 0.090764 -0.012086
v -0.166728 0.047205 -0.044708
v 0.329706 0.391628 0.061881
v 0.139159 0.094286 0.021335
v 0.076747 0.615405 0.058830
v -0.082717 0.695834 0.125031
v -0.160342 0.346547 -0.088774
v 0.069288 0.490526 0.077228
v -0.081485 0.677555 0.051175
v 0.334093 0.402053 0.075197
v 0.054251 0.395371 0.150852
v 0.281652 0.466651 0.062221
v 0.180268 0.173328 -0.034595
v -0.010671 0.702981 0.131419
v 0.047924 0.723888 0.083514
v 0.032196 0.734803 0.094642
v -0.114818 0.663101 0.061204
v -0.148626 0.078425 0.024300
v 0.146211 0.185602 -0.011455
v 0.000000 0.668266 0.029296
v 0.000000 0.628158 0.002405
v -0.260073 0.447423 0.060580
v -0.177579 0.099106 0.016945
v -0.013279 0.479500 0.141503
v -0.140198 0.101604 -0.034852
v -0.021637 0.584588 0.006003
v -0.091321 0.715193 0.104123
v -0.169630 0.059751 -0.025274
v 0.271902 0.465443 0.049516
v -0.017413 0.715355 0.069409
v 0.000000 0.642285 0.009530
v -0.112309 0.375105 -0.077251
v -0.110279 0.409075 0.096851
v -0.338342 0.381756 0.056811
v -0.098153 0.373075 0.098176
v -0.090792 0.716657 0.095594
v -0.262523 0.446410 0.068769
v -0.033897 0.726597 0.081122
v 0.077601 0.708921 0.122467
v -0.087762 0.688392 0.125935
v -0.149258 0.169660 -0.001447
v 0.007528 0.731572 0.117890
v 0.008708 0.627672 0.001707
v 0.049745 0.703857 0.060952
v -0.148588 0.348191 -0.099182
v 0.062349 0.499072 0.115381
v -0.106685 0.442321 0.089872
v -0.079676 0.720488 0.095369
v 0.101398 0.442399 0.109753
v -0.183063 0.391014 -0.098710
v 0.087720 0.683521 0.052231
v -0.031119 0.598724 0.002104
v -0.079198 0.719496 0.085472
v 0.141962 0.434955 0.028647
v 0.089365 0.697618 0.056758
v -0.132945 0.074042 -0.052168
v -0.068740 0.563815 0.054010
v -0.048309 0.584820 0.016856
v -0.134216 0.660276 0.088496
v 0.038254 0.394131 0.154721
v -0.321988 0.427136 0.062168
v 0.312560 0.421843 0.083486
v 0.173831 0.167945 -0.050646
v -0.172978 0.388033 -0.012969
v -0.105277 0.695832 0.114297
v 0.138112 0.378648 -0.117206
v -0.085286 0.463600 0.052520
v -0.078917 0.649070 0.063592
v 0.108324 0.414619 0.108143
v -0.320874 0.427262 0.069047
v 0.077147 0.710175 0.060828
v 0.079058 0.699141 0.056193
v -0.060724 0.591843 0.025120
v 0.319946 0.418952 0.053532
v 0.046643 0.735443 0.092174
v 0.006013 0.378924 0.141642
v -0.123606 0.049230 -0.062319
v -0.330793 0.390193 0.051543
v -0.033895 0.725417 0.075497
v 0.176077 0.042465 -0.061105
v -0.077245 0.703309 0.125346
v -0.033070 0.551003 0.013328
v -0.144813 0.377004 -0.115324
v 0.045552 0.372320 0.141523
v -0.073011 0.716558 0.071067
v -0.050737 0.575590 0.020485
v -0.124168 0.382433 -0.090528
v -0.101420 0.437212 -0.004728
v -0.076372 0.474796 0.094076
v 0.175598 0.170998 -0.045132
v 0.016268 0.655476 0.019999
v -0.079380 0.383012 0.135441
v 0.165670 0.085390 0.026437
v -0.335419 0.383146 0.053969
v -0.176228 0.109043 0.021940
v 0.269968 0.420967 0.045714
v -0.048002 0.719960 0.078540
v 0.020265 0.718659 0.071609
v -0.077868 0.722404 0.095379
v 0.004999 0.634707 0.005315
v 0.004046 0.621136 0.000241
v 0.279801 0.418612 0.052211
v 0.113616 0.429595 -0.040908
v 0.081816 0.370298 0.119150
v -0.128856 0.433216 0.007081
v -0.052629 0.347516 0.088975
v -0.088472 0.465258 0.066928
v 0.068601 0.440719 0.147307
v -0.070968 0.580082 0.054299
v 0.014883 0.712692 0.066973
v -0.132165 0.602131 0.099771
v -0.004153 0.792505 0.118451
v -0.051104 0.729574 0.100717
v -0.004419 0.604870 -0.000347
v -0.101217 0.453225 0.084378
v -0.013589 0.463348 0.151465
v -0.079226 0.708916 0.061952
v 0.019056 0.745933 0.083296
v 0.103705 0.399144 -0.067400
v 0.162960 0.169647 -0.052583
v -0.085042 0.718359 0.100080
v 0.147812 0.189139 -0.014386
v 0.012321 0.640420 0.008546
v 0.129852 0.388207 0.053591
v 0.084901 0.381436 0.126690
v 0.013104 0.372298 0.135272
v 0.131361 0.428285 0.063449
v -0.085176 0.651133 0.112829
v 0.073533 0.637268 0.045932
v -0.084702 0.718462 0.090867
v 0.278082 0.463444 0.080893
v 0.116868 0.448241 0.072809
v 0.088835 0.458196 0.025231
v 0.290441 0.423400 0.067285
v -0.192482 0.568613 0.064583
v 0.282414 0.462297 0.057325
v -0.076802 0.648876 0.058339
v 0.148827 0.171627 -0.047402
v 0.173963 0.108859 0.026133
v 0.108156 0.433240 0.104756
v 0.083200 0.691341 0.053355
v -0.020507 0.659194 0.136175
v -0.059246 0.534178 0.091840
v -0.076216 0.372549 0.129486
v -0.328764 0.411932 0.073779
v 0.062403 0.436361 0.007228
v 0.121594 0.393845 0.073078
v -0.122751 0.054413 -0.074601
v -0.163559 0.198183 -0.012634
v -0.086028 0.647858 0.093589
v -0.032741 0.649657 0.018002
v 0.074261 0.656410 0.051736
v 0.084379 0.704557 0.059953
v -0.323933 0.401813 0.049023
v -0.314567 0.414872 0.047774
v 0.338001 0.397890 0.078513
v 0.093399 0.453874 0.112192
v -0.116298 0.428821 -0.026004
v -0.105380 0.449737 0.077480
v 0.287334 0.417632 0.044356
v -0.101574 0.632232 0.091927
v 0.150963 0.065636 0.018377
v -0.167071 0.047890 -0.035088
v -0.028152 0.670288 0.034999
v -0.149849 0.342523 -0.104332
v -0.078998 0.702051 0.123969
v 0.337482 0.387852 0.080563
v 0.288096 0.417142 0.052350
v -0.077251 0.721377 0.084939
v -0.115465 0.440799 0.057933
v 0.076757 0.674431 0.127297
v -0.315532 0.422245 0.095362
v -0.176342 0.561482 0.104232
v -0.080428 0.646523 0.116752
v -0.006584 0.588440 0.002520
v 0.043537 0.579003 0.015522
v -0.150849 0.307714 -0.066963
v -0.141268 0.425297 -0.016015
v 0.298932 0.431946 0.094102
v 0.149487 0.075287 0.024881
v -0.077728 0.641639 0.063706
v 0.017749 0.748394 0.105337
v -0.075660 0.685203 0.050354
v -0.054098 0.475704 0.052820
v 0.056778 0.708790 0.063275
v -0.087652 0.355365 0.079930
v -0.106179 0.642026 0.108227
v 0.187530 0.294110 -0.103509
v 0.071013 0.492022 0.094454
v 0.175638 0.160997 -0.006574
v 0.052744 0.416203 0.156419
v 0.105113 0.705571 0.083190
v 0.076560 0.643481 0.059370
v -0.171639 0.396028 -0.099861
v 0.155240 0.075501 0.026919
v 0.005896 0.379371 0.039468
v 0.037572 0.732389 0.079125
v -0.177705 0.113417 0.010036
v -0.079058 0.699141 0.056193
v -0.075905 0.476901 0.076292
v 0.104003 0.697293 0.068322
v 0.109493 0.649707 0.058732
v -0.157853 0.170938 -0.059698
v -0.165048 0.080291 0.000728
v -0.000186 0.493564 0.132529
v 0.007859 0.648895 0.014030
v -0.146011 0.189729 -0.022524
v 0.097052 0.456885 0.100151
v -0.326516 0.418699 0.076691
v -0.141161 0.177965 -0.035155
v 0.081865 0.415619 0.140640
v 0.025790 0.523518 0.016147
v 0.159926 0.167295 -0.058994
v -0.087720 0.683521 0.052231
v 0.000988 0.380763 0.040292
v 0.092178 0.657317 0.058302
v 0.336911 0.386362 0.061542
v 0.050976 0.504245 0.040800
v 0.075816 0.657465 0.053104
v 0.328488 0.405612 0.072048
v 0.082439 0.645033 0.106771
v 0.144088 0.071447 -0.053344
v 0.074079 0.596896 0.077619
v -0.154460 0.389001 -0.112458
v 0.099978 0.462658 0.067933
v 0.089957 0.416029 0.133409
v 0.069597 0.465153 0.049083
v -0.099055 0.457797 0.074262
v 0.096266 0.437577 0.121177
v 0.117591 0.686866 0.101730
v -0.308807 0.422683 0.046849
v -0.052820 0.738283 0.093958
v 0.062900 0.552880 0.083432
v -0.162097 0.051853 -0.071278
v 0.037053 0.499542 0.030007
v 0.117039 0.437146 0.086144
v 0.339799 0.389128 0.075871
v -0.129064 0.657520 0.107706
v -0.335051 0.380564 0.054984
v -0.109424 0.440779 0.010550
v -0.080206 0.473421 0.087680
v 0.082294 0.653713 0.061578
v -0.174966 0.091676 -0.002511
v -0.110037 0.427061 0.094057
v 0.299710 0.414871 0.048349
v -0.170635 0.329922 -0.132585
v 0.176342 0.561482 0.104232
v 0.312939 0.418620 0.071562
v 0.064199 0.542496 0.077470
v 0.055243 0.645306 0.023830
v 0.014486 0.579463 0.005277
v 0.079198 0.719496 0.085472
v -0.164384 0.059076 -0.062663
v 0.262729 0.440120 0.060519
v -0.032484 0.349874 0.096928
v -0.047382 0.552750 0.020452
v -0.041648 0.730713 0.075359
v -0.336198 0.387378 0.055090
v -0.054925 0.737821 0.088483
v -0.260736 0.450351 0.069194
v -0.000930 0.756706 0.062404
v 0.066753 0.509434 0.078751
v 0.070871 0.498227 0.088306
v 0.013146 0.756917 0.107527
v 0.062028 0.508252 0.057881
v 0.015558 0.667695 0.030138
v 0.112250 0.456234 0.057127
v 0.003860 0.393171 0.027745
v -0.046449 0.736925 0.084304
v 0.086028 0.647858 0.093589
v 0.151085 0.068639 0.025457
v 0.278082 0.470331 0.075697
v -0.039833 0.731807 0.074786
v -0.024912 0.558478 0.009676
v -0.090601 0.706729 0.063114
v 0.289992 0.423707 0.045729
v -0.083200 0.691341 0.053355
v 0.129064 0.657520 0.107706
v 0.282848 0.418649 0.038636
v -0.105113 0.705571 0.083190
v 0.101152 0.460228 0.081506
v 0.316541 0.422098 0.049466
v -0.080782 0.451327 0.126384
v 0.078998 0.702051 0.123969
v 0.180507 0.053507 -0.050383
v 0.149524 0.067504 0.022078
v -0.129722 0.046960 -0.040112
v -0.100307 0.448423 0.095151
v -0.076067 0.435158 0.141562
v 0.007457 0.408264 0.019268
v 0.048344 0.734126 0.079352
v 0.000000 0.656015 0.018982
v 0.100844 0.634094 0.076403
v 0.081172 0.639781 0.099598
v 0.307942 0.429945 0.095295
v 0.061026 0.612081 0.010533
v 0.079416 0.654639 0.056770
v -0.129714 0.052058 -0.082329
v 0.060468 0.474497 0.136097
v 0.012560 0.501239 0.127608
v -0.067481 0.724969 0.103749
v 0.132072 0.656344 0.074072
v 0.304959 0.445860 0.076316
v -0.049158 0.728081 0.089938
v -0.153331 0.301290 -0.087728
v 0.017181 0.415522 0.016294
v -0.035694 0.727623 0.073316
v -0.068530 0.488633 0.106248
v -0.063947 0.486132 0.068274
v 0.169520 0.344606 -0.089751
v 0.148734 0.639590 0.087405
v -0.163627 0.066456 -0.012410
v -0.017112 0.673226 0.136272
v 0.041007 0.543077 0.018433
v 0.304741 0.444263 0.060062
v 0.281509 0.422863 0.056291
v 0.012117 0.517105 0.118144
v 0.013155 0.423261 0.016319
v -0.091507 0.649727 0.109198
v 0.134216 0.660276 0.088496
v 0.334957 0.395051 0.073463
v -0.051340 0.731168 0.100208
v 0.053346 0.544512 0.027181
v 0.007709 0.572196 0.005326
v 0.086853 0.674151 0.125749
v 0.031821 0.625041 -0.001190
v -0.126263 0.050963 -0.040741
v -0.192919 0.295621 -0.104502
v -0.049541 0.371646 0.141509
v 0.069662 0.349303 0.040521
v 0.081762 0.637633 0.100587
v 0.022017 0.752096 0.090832
v 0.000000 0.733454 0.116057
v -0.283576 0.463549 0.077712
v 0.041522 0.524716 0.023704
v -0.180895 0.328491 -0.132676
v 0.112085 0.350654 -0.068248
v -0.272534 0.413149 0.047783
v -0.320953 0.412344 0.084580
v 0.031551 0.613507 -0.001927
v -0.275902 0.456386 0.084526
v 0.039058 0.733027 0.094469
v 0.006584 0.588440 0.002520
v -0.151209 0.118864 -0.037538
v -0.044151 0.733154 0.075353
v 0.060340 0.645320 0.028155
v 0.084453 0.710429 0.066049
v 0.331985 0.384768 0.072015
v -0.115656 0.613310 0.083690
v -0.087842 0.652184 0.063681
v 0.079054 0.714737 0.072046
v -0.078554 0.721275 0.105636
v -0.073798 0.724778 0.083699
v -0.159359 0.076071 0.010745
v -0.328524 0.405050 0.055461
v -0.328960 0.393434 0.075579
v 0.000721 0.400501 0.023101
v -0.172104 0.076100 -0.016778
v 0.336637 0.381061 0.063528
v 0.017413 0.715355 0.069409
v -0.334093 0.402053 0.075197
v 0.326068 0.404469 0.072596
v 0.054870 0.652864 0.031283
v -0.125629 0.428090 0.059740
v -0.087291 0.397762 0.133766
v -0.096190 0.711953 0.080568
v 0.074015 0.670874 0.049619
v -0.084260 0.651163 0.073114
v -0.158562 0.339678 -0.051577
v -0.163132 0.408921 -0.004870
v 0.193928 0.570698 0.097654
v 0.116286 0.679756 0.111307
v 0.325315 0.406673 0.084535
v 0.320655 0.409041 0.071430
v 0.168047 0.381849 -0.013500
v -0.062205 0.562227 0.035060
v 0.010882 0.710538 0.065775
v -0.166143 0.117272 -0.028537
v 0.305055 0.445474 0.080478
v -0.109308 0.445287 0.042663
v 0.084451 0.716368 0.079706
v -0.328971 0.413246 0.080915
v -0.063618 0.488560 0.064613
v 0.080428 0.646523 0.116752
v 0.046865 0.613309 0.001376
v -0.088267 0.384714 0.127350
v -0.000450 0.386701 0.033594
v 0.150643 0.580758 0.098470
v -0.069049 0.493958 0.081854
v 0.106179 0.642025 0.108227
v 0.276371 0.414908 0.050866
v 0.090915 0.715843 0.085889
v -0.008392 0.452691 0.028935
v -0.021837 0.645391 0.135037
v -0.043537 0.579003 0.015522
v 0.077040 0.613815 0.077372
v 0.185929 0.367763 -0.092973
v 0.047794 0.535020 0.025276
v 0.033745 0.533035 0.016924
v 0.174778 0.372282 -0.036559
v -0.146373 0.044648 -0.041691
v 0.175674 0.055866 -0.020830
v -0.137311 0.423572 0.043034
v -0.093984 0.686451 0.124317
v 0.076180 0.348271 0.061489
v -0.303820 0.418941 0.079509
v -0.051824 0.721645 0.078090
v -0.093575 0.461846 0.063907
v -0.081168 0.464971 0.108101
v 0.138362 0.047533 -0.043255
v 0.077578 0.659084 0.125809
v -0.095435 0.707296 0.067810
v -0.051287 0.719347 0.076784
v -0.135050 0.391810 0.054182
v 0.005274 0.385859 0.033376
v -0.022814 0.764943 0.087067
v -0.046806 0.735463 0.078779
v 0.048566 0.737777 0.097820
v -0.306126 0.416084 0.046629
v 0.007304 0.373446 0.045263
v -0.325315 0.406673 0.084535
v -0.336617 0.395894 0.084088
v 0.059218 0.627729 0.012469
v -0.192871 0.324526 -0.124600
v 0.155761 0.066146 0.021087
v 0.016962 0.513975 0.015631
v -0.176936 0.100533 0.007981
v -0.048238 0.721554 0.078032
v -0.052299 0.471362 0.141287
v -0.104299 0.639909 0.063599
v 0.019013 0.372196 0.042723
v -0.044195 0.737686 0.091482
v 0.050638 0.634490 0.010697
v 0.018990 0.756082 0.103532
v 0.166028 0.146460 0.005304
v -0.122456 0.345190 -0.024508
v -0.315789 0.398360 0.049536
v 0.067474 0.496838 0.068434
v -0.162485 0.327740 -0.125041
v 0.332318 0.406129 0.068182
v 0.177569 0.067468 -0.010043
v 0.144229 0.175861 -0.040143
v 0.141364 0.631768 0.063286
v -0.327542 0.399494 0.072719
v 0.179790 0.046326 -0.059735
v 0.043786 0.735784 0.098169
v 0.311561 0.408198 0.062932
v -0.319635 0.413323 0.071815
v -0.095094 0.661576 0.119306
v 0.090948 0.407619 -0.045801
v 0.075939 0.722127 0.084630
v 0.331170 0.404734 0.060950
v 0.071011 0.609386 0.027266
v 0.127180 0.618627 0.106521
v -0.270399 0.447191 0.046151
v -0.022074 0.770997 0.102523
v -0.099620 0.685022 0.119732
v 0.322301 0.412359 0.058619
v -0.154583 0.078071 0.025587
v 0.136952 0.112713 0.013557
v 0.101757 0.670204 0.119995
v -0.304305 0.410389 0.048627
v 0.136600 0.359676 -0.123421
v 0.000000 0.746551 0.110496
v 0.097289 0.359116 0.061922
v -0.336921 0.396225 0.075370
v 0.001506 0.416194 0.017504
v -0.013881 0.737918 0.076187
v -0.122491 0.397004 0.072511
v -0.110462 0.696676 0.108873
v 0.142134 0.180768 -0.034993
v 0.040394 0.730586 0.080027
v -0.068434 0.491890 0.084599
v -0.007932 0.733723 0.072570
v 0.084260 0.651163 0.073114
v -0.123114 0.055326 -0.051093
v 0.173775 0.080215 -0.036693
v -0.024652 0.620299 -0.002110
v -0.095007 0.714625 0.090684
v 0.143018 0.184894 -0.017931
v -0.328945 0.394525 0.082896
v -0.058684 0.724050 0.083494
v -0.166994 0.080167 0.010418
v -0.328367 0.401035 0.084716
v 0.333845 0.379884 0.068809
v -0.014486 0.579463 0.005277
v -0.316008 0.409323 0.078512
v 0.067481 0.724969 0.103749
v 0.177114 0.090792 -0.008116
v -0.072302 0.421622 -0.011303
v -0.168678 0.405934 -0.045512
v 0.019412 0.736110 0.113623
v 0.105747 0.380413 -0.078115
v 0.079081 0.352379 0.079767
v -0.122563 0.060685 -0.064370
v 0.100154 0.688327 0.061373
v 0.324861 0.396801 0.071805
v 0.059829 0.728524 0.096540
v -0.173413 0.399300 -0.029125
v 0.017095 0.382899 0.148872
v 0.319635 0.413323 0.071815
v 0.303062 0.414695 0.065970
v 0.006810 0.736583 0.114321
v 0.132165 0.602131 0.099771
v -0.153727 0.071689 0.012933
v 0.058019 0.737189 0.092304
v 0.097693 0.651174 0.112327
v 0.327635 0.413113 0.089097
v 0.192698 0.361609 -0.108320
v 0.010061 0.366321 0.056312
v 0.112520 0.662265 0.116117
v 0.049275 0.650895 0.025713
v 0.024700 0.593540 0.003230
v 0.167518 0.562999 0.098009
v -0.265666 0.444148 0.048902
v 0.150463 0.426353 0.003727
v 0.315599 0.409417 0.059799
v -0.192365 0.580179 0.077186
v 0.090891 0.711961 0.073041
v -0.140899 0.364927 -0.111923
v 0.072577 0.410675 -0.024385
v -0.001157 0.383479 0.149307
v 0.095116 0.714338 0.099419
v -0.332318 0.406129 0.068182
v -0.150526 0.189147 -0.007040
v 0.272517 0.465754 0.082612
v -0.127787 0.059337 -0.033432
v 0.311700 0.415873 0.082735
v -0.096890 0.381437 -0.055089
v 0.007271 0.732625 0.116536
v -0.340498 0.392376 0.081246
v -0.332885 0.407360 0.077844
v -0.051088 0.730558 0.095792
v -0.185521 0.547364 0.102379
v 0.153691 0.065203 0.018266
v -0.031295 0.566119 0.011027
v 0.147232 0.640160 0.096444
v 0.068149 0.493701 0.111931
v -0.104003 0.697293 0.068322
v -0.078414 0.398201 0.142249
v 0.017715 0.496562 0.020307
v 0.159206 0.414819 -0.023607
v 0.167426 0.072955 -0.051102
v 0.079413 0.633079 0.078843
v -0.065113 0.464468 0.047009
v -0.005743 0.365089 0.075042
v 0.012609 0.389987 0.028221
v 0.017074 0.439017 0.022480
v 0.286623 0.420278 0.048382
v 0.064405 0.507811 0.100843
v 0.051824 0.721645 0.078090
v -0.005383 0.373998 0.047287
v 0.193394 0.331020 -0.118072
v 0.054624 0.619524 0.005562
v 0.275902 0.456386 0.084526
v -0.075355 0.608007 0.050888
v -0.088004 0.648180 0.084385
v -0.179246 0.288950 -0.032810
v -0.094233 0.677495 0.124016
v 0.254695 0.462810 0.055332
v -0.135110 0.424050 -0.032679
v 0.192365 0.580178 0.077186
v -0.023907 0.768547 0.093932
v -0.016241 0.565408 0.007102
v 0.000000 0.580495 0.003587
v -0.202241 0.535215 0.056158
v 0.013556 0.735936 0.114275
v -0.336911 0.386362 0.061542
v 0.056969 0.569795 0.026846
v -0.099315 0.659191 0.057449
v -0.097141 0.666570 0.055814
v -0.177371 0.138345 -0.013130
v 0.077868 0.722404 0.095379
v -0.336637 0.381061 0.063528
v -0.008713 0.773064 0.112286
v -0.169999 0.062783 -0.044297
v 0.059504 0.500176 0.053381
v 0.083837 0.649540 0.082057
v -0.024972 0.606766 -0.001167
v 0.067577 0.503297 0.072994
v -0.212998 0.318825 -0.080904
v -0.100844 0.634094 0.076403
v 0.035876 0.583025 0.011064
v -0.010488 0.364179 0.113748
v 0.008445 0.436105 0.020403
v -0.042629 0.732764 0.107819
v -0.176385 0.106241 -0.000989
v -0.073690 0.612882 0.034186
v -0.071845 0.471781 0.060348
v 0.097583 0.713075 0.094634
v -0.049347 0.404268 -0.000508
v -0.114315 0.646742 0.111950
v -0.323702 0.399126 0.078831
v 0.059506 0.515365 0.103794
v -0.208288 0.314413 -0.102398
v -0.170074 0.344997 -0.137555
v -0.084379 0.704557 0.059953
v 0.102250 0.708549 0.094095
v 0.037472 0.573154 0.013083
v -0.086578 0.374900 0.119887
v -0.328488 0.405612 0.072048
v -0.053835 0.524349 0.104103
v 0.058684 0.724050 0.083494
v -0.110430 0.700225 0.093725
v -0.077147 0.710175 0.060828
v -0.043451 0.639622 0.011723
v 0.054432 0.730805 0.100864
v 0.057563 0.553132 0.029811
v 0.175268 0.088252 -0.020770
v -0.032952 0.468849 0.036778
v 0.011548 0.716533 0.069681
v 0.110995 0.620839 0.091595
v 0.033130 0.737460 0.105086
v 0.075920 0.723576 0.084156
v 0.186169 0.568664 0.104671
v 0.101079 0.650273 0.059710
v -0.289993 0.423707 0.045729
v -0.067486 0.590964 0.035318
v 0.021837 0.754165 0.097451
v 0.111255 0.449692 0.082022
v 0.097262 0.700749 0.063299
v 0.079062 0.664290 0.052485
v -0.305055 0.445474 0.080478
v 0.065651 0.555372 0.045519
v -0.085458 0.715164 0.109738
v 0.100338 0.706857 0.074738
v -0.156822 0.075178 -0.004536
v 0.156899 0.195826 -0.012446
v 0.328524 0.405050 0.055461
v -0.037572 0.732389 0.079125
v -0.095185 0.460549 0.076843
v 0.004724 0.756055 0.110176
v 0.162099 0.405217 -0.004585
v -0.159501 0.083080 0.024920
v -0.171256 0.071646 -0.030919
v 0.038758 0.631253 0.003356
v 0.062494 0.579272 0.032791
v 0.286511 0.417944 0.040632
v 0.328945 0.394525 0.082896
v -0.136222 0.385649 -0.099741
v -0.129443 0.419157 -0.048021
v 0.331166 0.396690 0.059974
v -0.022646 0.572463 0.007852
v 0.051104 0.729574 0.100717
v 0.072577 0.613619 0.100777
v 0.009914 0.403279 0.162986
v -0.331170 0.404734 0.060950
v 0.261779 0.463180 0.051236
v -0.077102 0.636992 0.062134
v 0.312949 0.414898 0.059698
v 0.323379 0.422403 0.066463
v -0.036114 0.499114 0.030235
v -0.037472 0.573154 0.013083
v 0.081485 0.677555 0.051175
v 0.156637 0.067250 0.024200
v 0.097446 0.418994 0.125390
v -0.053875 0.727668 0.090032
v -0.159164 0.414856 -0.022735
v 0.263579 0.471251 0.050022
v -0.043084 0.727702 0.089698
v 0.053314 0.736599 0.083637
v -0.067088 0.571717 0.043271
v 0.092931 0.643263 0.096428
v -0.170708 0.102478 -0.017124
v -0.160993 0.189809 -0.009507
v 0.082810 0.442406 0.001516
v 0.076068 0.723517 0.089959
v -0.202181 0.345038 -0.125964
v -0.106584 0.362830 -0.061842
v -0.094883 0.401455 0.125616
v 0.054943 0.364726 0.132440
v -0.330030 0.383943 0.065011
v -0.031665 0.737618 0.108507
v 0.328367 0.401035 0.084716
v 0.059476 0.348964 0.093947
v 0.008183 0.389693 0.156273
v 0.089993 0.434946 0.129957
v 0.068433 0.502228 0.095212
v 0.113661 0.425214 0.097248
v -0.334359 0.402825 0.081558
v -0.317889 0.402527 0.067505
v 0.286581 0.420874 0.056610
v -0.063721 0.478020 0.129080
v 0.062060 0.373292 0.137075
v 0.075660 0.685203 0.050354
v 0.068784 0.484360 0.118518
v 0.178828 0.154098 -0.022268
v -0.027613 0.641797 0.010038
v -0.109844 0.696737 0.075710
v 0.105216 0.457664 0.079257
v -0.082391 0.415073 0.139998
v 0.076279 0.670779 0.050792
v -0.304959 0.445860 0.076316
v -0.150625 0.049974 -0.080700
v -0.147293 0.173381 -0.051463
v -0.080421 0.719314 0.105182
v 0.054403 0.411190 0.000847
v 0.166615 0.403449 -0.046062
v 0.142097 0.043868 -0.042252
v -0.033660 0.666571 0.033350
v 0.140853 0.180019 -0.028884
v -0.160062 0.043190 -0.072113
v -0.124867 0.064703 -0.039934
v 0.271940 0.478124 0.074494
v -0.073265 0.604754 0.041374
v 0.038559 0.606212 0.000456
v -0.136979 0.399106 -0.085712
v -0.069976 0.614901 0.022176
v 0.065367 0.360881 0.121758
v -0.149919 0.181126 -0.044088
v -0.150371 0.325824 -0.098544
v 0.095985 0.348103 0.000738
v 0.052687 0.605664 0.006480
v -0.075214 0.617058 0.043103
v 0.078189 0.684812 0.051344
v 0.098685 0.711774 0.088094
v -0.147132 0.073792 0.014851
v -0.326068 0.404469 0.072596
v -0.049301 0.725051 0.083137
v -0.036265 0.725312 0.081939
v 0.093199 0.369054 0.097435
v 0.256345 0.469693 0.052259
v -0.093570 0.458708 0.052329
v 0.165790 0.121242 0.027055
v -0.049706 0.503763 0.040973
v 0.085584 0.465934 0.108911
v -0.007866 0.712966 0.128015
v 0.033895 0.725417 0.075497
v 0.020875 0.394470 0.158155
v 0.114937 0.632614 0.106857
v 0.105630 0.704995 0.103777
v 0.073798 0.724778 0.083699
v -0.108898 0.409552 -0.054920
v -0.019438 0.366278 0.043077
v -0.145879 0.415885 -0.055032
v -0.008618 0.558221 0.006786
v 0.022961 0.745385 0.095005
v -0.001129 0.395156 0.160848
v 0.096732 0.710430 0.107629
v 0.179164 0.157399 -0.013538
v 0.028328 0.737538 0.110704
v -0.152744 0.061660 -0.076280
v -0.176731 0.123592 -0.002304
v -0.170879 0.075182 -0.004681
v 0.023706 0.525135 0.114257
v -0.009517 0.458351 0.030054
v -0.135187 0.430629 0.025307
v 0.145164 0.295817 -0.092104
v 0.045430 0.346087 0.089842
v -0.183413 0.347542 -0.088096
v 0.142849 0.233693 -0.056996
v 0.107953 0.457734 0.068860
v -0.152567 0.057118 -0.022080
v 0.076629 0.723112 0.095459
v 0.038452 0.617928 0.127004
v -0.337283 0.396967 0.081941
v -0.052633 0.478602 0.049767
v 0.311584 0.411573 0.071248
v -0.047876 0.416999 0.004456
v 0.170422 0.550805 0.072406
v -0.275180 0.414973 0.038974
v 0.306126 0.416084 0.046629
v -0.054870 0.652864 0.031283
v -0.092844 0.418568 -0.033859
v -0.046136 0.646585 0.019721
v 0.000000 0.622580 0.131827
v -0.262729 0.440120 0.060519
v 0.036426 0.656534 0.025396
v 0.142505 0.201621 -0.042718
v 0.160869 0.292698 -0.103799
v -0.337119 0.390754 0.083409
v 0.280924 0.421081 0.054846
v 0.102528 0.459573 0.040024
v -0.338001 0.397890 0.078513
v 0.072551 0.620570 0.028446
v -0.196719 0.572319 0.072883
v 0.015681 0.716913 0.070560
v 0.010583 0.399669 0.022675
v -0.320988 0.403963 0.074012
v -0.131265 0.073000 -0.026194
v 0.260073 0.447423 0.060580
v -0.325651 0.413691 0.070559
v -0.166146 0.176859 -0.050223
v 0.023676 0.352820 0.077772
v -0.054241 0.728245 0.104460
v -0.066287 0.548936 0.059799
v 0.146052 0.078768 0.011487
v -0.152462 0.417425 -0.039520
v 0.019627 0.406798 0.017975
v 0.106544 0.452902 0.088700
v -0.174537 0.129199 0.007216
v 0.322272 0.420873 0.059851
v 0.005538 0.709475 0.065060
v 0.144406 0.280346 -0.080823
v -0.322352 0.401532 0.060187
v 0.322018 0.419549 0.082886
v 0.000000 0.742437 0.067275
v -0.329672 0.389974 0.061638
v 0.293555 0.427024 0.045308
v 0.030141 0.423027 0.013904
v 0.151792 0.067403 0.023674
v -0.013740 0.439770 0.162390
v 0.098199 0.439106 -0.018263
v 0.036747 0.466415 0.038284
v -0.201372 0.366573 -0.122163
v -0.089794 0.415905 0.131795
v 0.090926 0.646677 0.072878
v 0.151172 0.066073 0.020123
v 0.143721 0.082836 0.017562
v 0.272845 0.472731 0.078582
v -0.074751 0.725845 0.099182
v 0.062995 0.608147 0.110705
v 0.039200 0.620073 -0.000846
v -0.024658 0.443497 0.027932
v -0.175586 0.090826 0.004925
v 0.142234 0.368511 -0.128662
v 0.132252 0.367154 -0.115062
v -0.329697 0.407083 0.084171
v -0.067808 0.727734 0.100274
v -0.156524 0.176154 -0.048671
v -0.149626 0.071665 0.024816
v 0.262523 0.446410 0.068769
v 0.174215 0.134593 -0.022111
v 0.141546 0.207400 -0.030126
v 0.267496 0.450825 0.048758
v -0.074583 0.598717 0.058234
v -0.019489 0.438276 0.023225
v 0.270511 0.455868 0.048356
v -0.182202 0.343634 -0.137368
v -0.059659 0.729155 0.103063
v 0.031119 0.598724 0.002104
v 0.139200 0.269788 -0.052169
v -0.077601 0.708921 0.122467
v 0.011918 0.460119 0.029854
v 0.073333 0.627145 0.035950
v 0.170061 0.394288 -0.029575
v 0.093946 0.375811 0.109041
v -0.148302 0.068634 0.017830
v 0.021683 0.364044 0.127952
v 0.033660 0.666571 0.033350
v 0.078554 0.721275 0.105636
v 0.033965 0.534925 0.109926
v -0.103308 0.672066 0.057824
v -0.276164 0.406615 0.040701
v -0.057263 0.486784 0.129232
v -0.267887 0.447416 0.079799
v 0.260076 0.451416 0.057079
v 0.077747 0.625946 0.067521
v 0.027540 0.351270 0.096737
v -0.035539 0.475666 0.143296
v -0.147335 0.089084 0.025064
v 0.329971 0.384790 0.051853
v 0.138633 0.046177 -0.065021
v -0.000000 0.707873 0.062658
v 0.060408 0.564074 0.091216
v 0.111152 0.441553 0.093613
v 0.134298 0.622527 0.058864
v -0.176086 0.355541 -0.139335
v 0.013186 0.482504 0.140081
v 0.096572 0.643119 0.068208
v 0.085385 0.670099 0.052436
v -0.320655 0.409041 0.071430
v 0.017959 0.592241 0.002769
v -0.326007 0.389604 0.068395
v 0.285038 0.464529 0.067581
v -0.177649 0.541776 0.087092
v 0.062428 0.354489 0.011246
v -0.331166 0.396690 0.059974
v -0.057369 0.720206 0.076970
v -0.020786 0.723557 0.076334
v -0.141912 0.045474 -0.067032
v 0.022509 0.722519 0.075718
v 0.076107 0.605820 0.066927
v 0.201537 0.560445 0.098050
v 0.022766 0.777593 0.080317
v -0.073427 0.723160 0.079489
v -0.175930 0.379773 -0.133730
v 0.323702 0.399126 0.078831
v 0.316007 0.409323 0.078512
v 0.063018 0.463475 0.140675
v -0.137473 0.357142 -0.100965
v 0.183758 0.349497 -0.086144
v -0.155560 0.350575 -0.130152
v -0.177901 0.345081 -0.060659
v -0.269401 0.463597 0.084292
v 0.127381 0.613629 0.062308
v 0.115435 0.627332 0.063516
v 0.053026 0.591357 0.016885
v -0.149406 0.076719 0.010917
v 0.150022 0.092033 0.030574
v -0.280923 0.421081 0.054846
v -0.319946 0.418952 0.053532
v -0.032884 0.694554 0.054734
v 0.120986 0.662473 0.112598
v -0.041508 0.448258 0.032289
v 0.270625 0.481464 0.070904
v -0.127381 0.613629 0.062308
v -0.147683 0.082731 0.007313
v -0.122495 0.358309 -0.083270
v 0.177650 0.541776 0.087092
v 0.260736 0.450351 0.069194
v 0.128178 0.648508 0.063905
v 0.014029 0.713110 0.067950
v 0.177479 0.079075 -0.002723
v -0.075939 0.722127 0.084630
v -0.180139 0.304547 -0.041328
v 0.071686 0.475665 0.123157
v -0.279642 0.399707 0.040333
v -0.126007 0.670197 0.080011
v 0.000000 0.569226 0.113900
v -0.022311 0.436208 0.021608
v -0.068540 0.628990 0.023874
v 0.287327 0.411747 0.040740
v 0.077251 0.721377 0.084939
v 0.009472 0.712593 0.067294
v -0.304050 0.427768 0.095061
v 0.160467 0.166681 0.003044
v 0.073340 0.710245 0.060953
v 0.048542 0.518399 0.032900
v -0.126570 0.672918 0.094499
v 0.327542 0.399494 0.072719
v -0.176218 0.264256 -0.025791
v 0.000000 0.738330 0.113526
v -0.038868 0.662278 0.031449
v 0.082305 0.475914 0.093974
v -0.066772 0.663798 0.047670
v 0.073966 0.484433 0.100975
v 0.021637 0.584588 0.006003
v 0.042495 0.346425 0.057948
v -0.184628 0.180091 -0.015773
v 0.263500 0.451166 0.052305
v 0.143182 0.322236 -0.119331
v -0.027342 0.737879 0.109508
v 0.336198 0.387378 0.055090
v 0.056385 0.544929 0.095543
v -0.157747 0.341592 -0.085647
v -0.030885 0.706289 0.062384
v 0.058909 0.522190 0.047544
v 0.054093 0.469904 0.141626
v -0.025119 0.727479 0.081532
v 0.009819 0.439815 0.022999
v -0.171155 0.067420 -0.013342
v -0.007528 0.731572 0.117890
v -0.059040 0.474258 0.136714
v 0.026839 0.680611 0.043569
v 0.022646 0.572462 0.007852
v 0.140267 0.242165 -0.041786
v 0.142909 0.088377 0.021712
v 0.180793 0.063633 -0.040971
v 0.304549 0.441430 0.056128
v -0.043035 0.486135 0.135476
v 0.025679 0.480840 0.141859
v -0.160182 0.343248 -0.131924
v -0.150938 0.067930 0.017388
v 0.147465 0.342940 -0.093369
v 0.091406 0.388112 -0.055693
v -0.031768 0.715628 0.070080
v -0.000010 0.526857 0.114442
v -0.206223 0.327028 -0.073957
v 0.142567 0.082660 0.007875
v -0.019412 0.736110 0.113623
v -0.145660 0.083446 0.021698
v -0.013085 0.621032 -0.000830
v 0.037678 0.556637 0.106651
v -0.174033 0.602581 0.097207
v 0.283576 0.463549 0.077712
v 0.154109 0.068182 0.026110
v -0.172484 0.174344 -0.048342
v -0.177384 0.184550 -0.013607
v -0.025202 0.740190 0.107175
v 0.066115 0.476283 0.129731
v 0.071539 0.492274 0.104082
v 0.071146 0.671011 0.049800
v -0.189347 0.351869 -0.135440
v 0.086065 0.355804 -0.023830
v -0.158820 0.184534 -0.001179
v -0.188826 0.368362 -0.060816
v -0.017108 0.592692 0.121329
v -0.034142 0.441069 0.025009
v -0.151493 0.094866 0.029452
v 0.155617 0.086848 0.029332
v -0.019197 0.611562 0.128085
v 0.330793 0.390193 0.051543
v -0.055243 0.645306 0.023830
v -0.043984 0.656848 0.028640
v 0.126570 0.672918 0.094499
v -0.163852 0.081318 0.006401
v -0.076747 0.615405 0.058830
v -0.046144 0.447203 0.030019
v 0.261984 0.445613 0.054526
v -0.076068 0.723517 0.089959
v -0.066237 0.722616 0.078948
v -0.168456 0.399631 -0.081017
v 0.165590 0.616449 0.094012
v 0.043339 0.545724 0.105088
v 0.175593 0.572566 0.106751
v -0.037940 0.644960 0.014958
v 0.070978 0.486751 0.107900
v -0.279252 0.399302 0.044071
v -0.061404 0.656938 0.039910
v 0.022074 0.770997 0.102523
v -0.193253 0.580066 0.085320
v 0.198673 0.335438 -0.113509
v 0.270313 0.471125 0.052070
v -0.006277 0.699899 0.056167
v -0.096572 0.643119 0.068208
v -0.065630 0.599729 0.024842
v 0.166532 0.616373 0.085168
v 0.156628 0.069300 0.014209
v 0.320985 0.405631 0.083033
v -0.020723 0.643318 0.010669
v 0.035917 0.480767 0.140947
v 0.070968 0.580082 0.054299
v -0.028475 0.739493 0.102452
v -0.143880 0.082150 0.011433
v 0.264858 0.477302 0.052164
v 0.175101 0.141239 -0.003228
v 0.027833 0.443462 0.026482
v 0.078091 0.479765 0.097559
v -0.290355 0.397954 0.038453
v 0.068056 0.479555 0.063670
v 0.315789 0.398360 0.049536
v 0.016935 0.772988 0.108259
v 0.160785 0.345712 -0.087478
v 0.041038 0.414046 0.007171
v 0.014807 0.557711 0.111137
v -0.287327 0.411747 0.040740
v -0.053511 0.666330 0.042123
v -0.014424 0.439463 0.023929
v -0.272517 0.465754 0.082612
v -0.185590 0.173118 -0.018948
v 0.304305 0.410389 0.048627
v 0.012502 0.740433 0.111510
v 0.320988 0.403963 0.074012
v -0.041496 0.668072 0.037562
v 0.045246 0.473363 0.142652
v -0.176132 0.395081 -0.066860
v 0.038940 0.402863 0.008988
v 0.033480 0.443334 0.025768
v 0.206761 0.562381 0.088736
v -0.059857 0.481602 0.059392
v -0.065839 0.720694 0.077822
v 0.146386 0.080049 0.021958
v 0.055290 0.390729 -0.007310
v 0.275387 0.475167 0.071468
v 0.304050 0.427768 0.095061
v 0.272534 0.413149 0.047783
v -0.006503 0.384615 0.033257
v -0.023815 0.432818 0.019033
v 0.139331 0.337720 -0.110438
v -0.281509 0.422863 0.056291
v 0.021953 0.792154 0.108973
v -0.163844 0.093461 0.028439
v -0.063816 0.539614 0.054239
v 0.105451 0.386079 0.098543
v 0.064243 0.532827 0.072370
v 0.105809 0.625614 0.084092
v -0.333845 0.379884 0.068809
v 0.017656 0.754848 0.077303
v -0.154976 0.079157 0.007813
v -0.281888 0.409124 0.036209
v -0.045586 0.470529 0.045080
v 0.012911 0.536184 0.111957
v 0.140899 0.292376 -0.077202
v 0.140068 0.274973 -0.066041
v -0.173122 0.135675 -0.025514
v -0.160028 0.591375 0.107956
v -0.201739 0.305179 -0.104410
v 0.122539 0.606836 0.075099
v 0.107880 0.629778 0.069629
v -0.137413 0.346405 -0.085852
v -0.192072 0.577587 0.093773
v 0.194993 0.556067 0.104157
v -0.332836 0.395131 0.084579
v -0.021152 0.461886 0.032966
v 0.039482 0.433348 0.160530
v -0.278767 0.411160 0.048263
v 0.028992 0.578573 0.009252
v 0.198027 0.573904 0.081253
v 0.332836 0.395131 0.084579
v -0.175593 0.572566 0.106751
v 0.021834 0.747116 0.101158
v -0.316541 0.422098 0.049466
v -0.028717 0.738675 0.106180
v 0.047372 0.565960 0.103723
v -0.172459 0.083782 0.011015
v -0.286920 0.396721 0.035525
v 0.073624 0.684008 0.130061
v -0.155846 0.334350 -0.124089
v 0.029025 0.731651 0.087869
v 0.007631 0.432420 0.018426
v -0.068743 0.484750 0.083440
v 0.084761 0.371790 -0.041736
v 0.054136 0.343925 0.070286
v -0.288772 0.404657 0.039300
v -0.267920 0.462372 0.048945
v -0.324861 0.396801 0.071805
v -0.255806 0.457253 0.058565
v 0.328960 0.393434 0.075579
v -0.023167 0.738443 0.110560
v -0.170422 0.550805 0.072406
v -0.062995 0.608147 0.110705
v 0.068741 0.563831 0.054086
v -0.182860 0.367588 -0.136100
v 0.012598 0.429383 0.017277
v 0.177938 0.059944 -0.059967
v -0.059423 0.727561 0.103572
v -0.117520 0.619391 0.099790
v 0.071282 0.458621 0.137223
v 0.126007 0.670197 0.080011
v -0.000000 0.708216 0.063738
v 0.146575 0.421002 -0.054300
v 0.026064 0.471316 0.146975
v 0.177489 0.052786 -0.068922
v 0.010947 0.747742 0.071283
v 0.339824 0.391727 0.075887
v 0.139214 0.176459 -0.028961
v 0.018178 0.715377 0.068658
v 0.028152 0.670288 0.034999
v -0.268475 0.469352 0.083610
v -0.067771 0.641906 0.035322
v -0.146247 0.087922 -0.044228
v 0.022814 0.764943 0.087067
v 0.010368 0.747874 0.108801
v -0.038452 0.617928 0.127004
v 0.016246 0.733479 0.078741
v 0.001323 0.437688 0.021668
v 0.174148 0.083205 0.014705
v -0.272845 0.472731 0.078582
v -0.017019 0.533595 0.011698
v -0.154809 0.069720 0.022903
v -0.307942 0.429945 0.095295
v -0.182654 0.178070 -0.030177
v 0.121099 0.636618 0.059435
v -0.047924 0.723888 0.083514
v -0.058348 0.514971 0.103517
v 0.141644 0.083533 0.012767
v -0.268798 0.479687 0.078311
v -0.154490 0.407332 -0.076033
v 0.173169 0.352822 -0.048519
v 0.094141 0.701798 0.060821
v -0.068736 0.649001 0.043850
v -0.094141 0.701798 0.060821
v 0.098035 0.368188 -0.063233
v 0.176485 0.113328 0.014389
v -0.076629 0.723112 0.095459
v -0.061051 0.530645 0.050987
v -0.270625 0.481464 0.070904
v 0.099502 0.354799 -0.046495
v -0.331985 0.384768 0.072015
v -0.049809 0.729486 0.096049
v 0.185352 0.372374 -0.103994
v -0.066433 0.374633 0.138328
v -0.016935 0.772988 0.108259
v -0.184967 0.590071 0.090999
v -0.033721 0.533015 0.016906
v -0.274419 0.454187 0.047425
v 0.003951 0.744268 0.068131
v -0.169807 0.598998 0.105585
v 0.014426 0.725788 0.074748
v -0.320985 0.405631 0.083033
v 0.185000 0.194115 -0.044337
v 0.162024 0.074253 0.012735
v -0.025735 0.523486 0.016147
v -0.075317 0.698323 0.127621
v -0.049275 0.650895 0.025713
v -0.010825 0.435154 0.020674
v -0.064451 0.484766 0.071122
v 0.114315 0.646742 0.111950
v 0.045682 0.449926 0.031830
v 0.340468 0.389681 0.080746
v -0.096732 0.710430 0.107629
v 0.009244 0.721853 0.071648
v 0.058544 0.476270 0.053519
v -0.188052 0.332725 -0.132130
v 0.137967 0.431624 -0.033731
v -0.175893 0.603768 0.088546
v -0.108994 0.679942 0.063097
v 0.051287 0.719347 0.076784
v 0.055385 0.479948 0.049319
v -0.202764 0.355541 -0.095884
v -0.064875 0.478848 0.066491
v 0.196828 0.353663 -0.106198
v -0.143307 0.148585 -0.000264
v -0.025437 0.542509 0.012133
v 0.074864 0.691576 0.128626
v -0.172721 0.546614 0.079563
v -0.166532 0.616373 0.085168
v -0.038189 0.718966 0.124417
v 0.174059 0.082675 0.009688
v 0.015249 0.766110 0.070110
v 0.138819 0.051607 -0.077224
v 0.143349 0.259753 -0.069749
v 0.272479 0.478804 0.067291
v -0.062124 0.640989 0.025315
v -0.013788 0.606479 -0.000874
v 0.013788 0.606479 -0.000874
v -0.009222 0.398007 0.022757
v -0.025401 0.427641 0.016146
v -0.268663 0.475098 0.081779
v -0.149562 0.399538 -0.090618
v 0.020903 0.742161 0.087491
v -0.156976 0.100383 -0.036998
v -0.085281 0.466064 0.085681
v -0.159254 0.306365 -0.101156
v 0.064349 0.472168 0.054813
v 0.199936 0.341556 -0.106050
v -0.280710 0.404130 0.045937
v -0.271940 0.478124 0.074494
v -0.008674 0.542702 0.008954
v -0.194314 0.365115 -0.080762
v -0.139606 0.092385 0.016044
v 0.182442 0.169645 -0.022948
v 0.136123 0.051868 -0.053851
v -0.048922 0.726487 0.090447
v -0.146023 0.339451 -0.069125
v 0.163677 0.339227 -0.087214
v -0.161952 0.397879 -0.094074
v -0.156357 0.089217 0.027635
v -0.024797 0.490748 0.134995
v 0.007816 0.673885 0.034699
v -0.108862 0.680068 0.116876
v 0.322352 0.401532 0.060187
v 0.071657 0.494737 0.081768
v -0.151301 0.084121 0.025631
v -0.285038 0.464529 0.067581
v -0.044339 0.473184 0.143031
v -0.069186 0.491426 0.104250
v 0.317888 0.402527 0.067505
v 0.269811 0.476965 0.056353
v -0.322832 0.395380 0.063506
v 0.027646 0.373134 0.141371
v -0.095932 0.452862 0.041219
v -0.051020 0.438576 0.155923
v -0.020681 0.457752 0.032684
v 0.153215 0.420435 -0.040702
v -0.095335 0.430247 -0.019705
v -0.122539 0.606836 0.075099
v 0.172721 0.546614 0.079563
v -0.287747 0.403148 0.036523
v -0.063764 0.482354 0.127006
v 0.032741 0.649657 0.018002
v -0.008346 0.524001 0.012061
v -0.124296 0.670568 0.105365
v 0.274490 0.474579 0.062140
v -0.174123 0.584521 0.106940
v -0.177784 0.179154 -0.006636
v 0.176916 0.086363 0.011342
v 0.006506 0.759989 0.064765
v -0.067634 0.726542 0.102195
v 0.062509 0.524563 0.089252
v 0.136995 0.348810 -0.102807
v 0.003082 0.720459 0.070134
v -0.152648 0.070914 0.025096
v 0.074952 0.674682 0.129025
v 0.112370 0.375171 0.068068
v 0.151390 0.081230 0.026616
v -0.016106 0.577409 0.115307
v -0.071893 0.479467 0.080705
v 0.033907 0.382964 0.149986
v 0.146163 0.076977 0.015587
v 0.325651 0.413691 0.070559
v 0.024972 0.606766 -0.001167
v -0.000987 0.410932 0.165592
v 0.265761 0.456249 0.050437
v 0.064083 0.523901 0.067615
v 0.076054 0.627458 0.053738
v 0.032815 0.717618 0.125243
v 0.096822 0.694355 0.120671
v 0.275180 0.414973 0.038974
v 0.013751 0.435103 0.019611
v 0.269390 0.480977 0.061696
v 0.052228 0.556011 0.098966
v -0.153661 0.192501 -0.013534
v 0.144466 0.432108 -0.016120
v -0.278082 0.470331 0.075697
v 0.328267 0.414218 0.063535
v 0.141983 0.044581 -0.076096
v -0.189185 0.377001 -0.128201
v 0.001594 0.429340 0.017776
v 0.140229 0.088463 0.015606
v -0.073624 0.684008 0.130061
v -0.302046 0.425839 0.092920
v -0.081208 0.635771 0.090714
v -0.034349 0.711789 0.127608
v -0.196093 0.360784 -0.129644
v 0.041154 0.370253 0.020143
v -0.290033 0.457898 0.062737
v 0.062205 0.562236 0.035087
v -0.146380 0.388100 -0.105188
v 0.132454 0.440661 0.048571
v -0.177033 0.141796 -0.006774
v 0.076184 0.713164 0.064338
v 0.080072 0.633299 0.101263
v 0.160028 0.591375 0.107956
v 0.099006 0.711228 0.100737
v 0.161355 0.055669 -0.021274
v 0.026848 0.505528 0.021990
v 0.181924 0.268708 -0.028440
v 0.147050 0.085829 0.025610
v -0.035270 0.737001 0.105756
v -0.162839 0.614188 0.102639
v -0.272477 0.460526 0.048531
v 0.024851 0.742948 0.099859
v -0.041070 0.712079 0.127083
v 0.011371 0.710371 0.064838
v 0.030677 0.737528 0.107788
v -0.060255 0.366345 0.132251
v 0.183115 0.292731 -0.037063
v -0.030050 0.442643 0.027110
v 0.112678 0.637745 0.060372
v 0.205575 0.286663 -0.054178
v -0.120986 0.662474 0.112598
v 0.118889 0.649561 0.060524
v -0.084574 0.464638 0.099167
v 0.028811 0.429656 0.015488
v 0.060061 0.719937 0.118623
v 0.286423 0.407261 0.045515
v 0.337119 0.390754 0.083409
v 0.000930 0.756706 0.062404
v 0.203138 0.260892 -0.044067
v -0.282550 0.394550 0.039535
v 0.023816 0.740857 0.092309
v -0.139301 0.049594 -0.031715
v 0.341345 0.389770 0.078208
v 0.146306 0.098706 -0.034923
v -0.076757 0.674431 0.127297
v -0.078783 0.434649 0.001227
v -0.000166 0.452994 0.157144
v 0.175589 0.603084 0.078757
v -0.152917 0.315657 -0.100715
v -0.169024 0.339465 -0.072320
v -0.106375 0.660951 0.057440
v 0.019365 0.733991 0.082071
v 0.022476 0.438330 0.021705
v -0.143007 0.092020 0.021698
v 0.016184 0.744275 0.108319
v 0.178364 0.238476 -0.021167
v -0.286581 0.420874 0.056611
v -0.321938 0.428996 0.075808
v 0.146900 0.050165 -0.084032
v 0.000000 0.639760 0.134969
v 0.198020 0.572615 0.088553
v 0.131382 0.427487 -0.047464
v 0.101707 0.405873 0.118217
v -0.260464 0.456299 0.053964
v 0.066408 0.489575 0.064427
v -0.022332 0.729762 0.081826
v 0.144494 0.060417 -0.080628
v 0.046277 0.626510 0.003309
v -0.014212 0.413911 0.016239
v 0.026677 0.786295 0.090554
v -0.048370 0.728635 0.096370
v -0.175589 0.603084 0.078757
v 0.111067 0.620976 0.076743
v -0.286623 0.420278 0.048382
v -0.250097 0.464046 0.059821
v -0.116752 0.353588 0.028434
v -0.148776 0.069062 0.019541
v -0.293555 0.427024 0.045308
v -0.013266 0.485875 0.138341
v -0.047362 0.713560 0.125981
v -0.036075 0.694170 0.132856
v -0.000105 0.509898 0.121628
v 0.011398 0.727853 0.074191
v 0.066237 0.722616 0.078948
v -0.035322 0.479891 0.141202
v 0.029294 0.566420 0.110364
v -0.034778 0.464242 0.038975
v -0.166135 0.170893 -0.056064
v -0.154696 0.367606 -0.130318
v -0.189832 0.354757 -0.070338
v -0.218115 0.499588 0.083878
v -0.296960 0.420677 0.046250
v -0.129332 0.369467 -0.098300
v 0.190188 0.576864 0.068385
v -0.185005 0.177750 -0.022539
v -0.006149 0.707502 0.062211
v -0.043967 0.720684 0.122520
v -0.051937 0.476333 0.139162
v 0.075317 0.698323 0.127621
v -0.153058 0.201123 -0.053004
v 0.143861 0.171414 -0.043814
v 0.052056 0.468804 0.046319
v -0.157119 0.608581 0.108876
v 0.087842 0.652184 0.063681
v 0.141062 0.182837 -0.015393
v 0.057369 0.720206 0.076970
v -0.095116 0.714338 0.099419
v -0.322044 0.417493 0.071253
v -0.069209 0.462962 0.044894
v 0.155066 0.628015 0.099395
v -0.066324 0.705883 0.059504
v 0.020573 0.685572 0.046546
v 0.006095 0.742402 0.111432
v 0.000000 0.695661 0.133286
v -0.151111 0.334240 -0.094482
v 0.133472 0.408522 0.060340
v 0.030161 0.686963 0.049166
v -0.013091 0.720621 0.072094
v -0.219982 0.498549 0.064228
v 0.076652 0.472356 0.117423
v 0.065839 0.720694 0.077822
v -0.330179 0.381340 0.053920
v 0.035270 0.737001 0.105756
v -0.165607 0.375065 0.001451
v 0.101574 0.632232 0.091927
v 0.014909 0.679276 0.040354
v 0.124296 0.670568 0.105365
v 0.101538 0.704518 0.111143
v -0.031682 0.737381 0.104557
v -0.151477 0.384553 0.028751
v -0.047719 0.514354 0.114093
v -0.185059 0.562618 0.059936
v -0.142067 0.181200 -0.027134
v -0.045357 0.493896 0.039019
v 0.023557 0.697363 0.132604
v -0.218174 0.497114 0.072551
v 0.022225 0.744264 0.104470
v 0.104299 0.639909 0.063599
v -0.141364 0.631768 0.063286
v 0.251593 0.493591 0.054162
v 0.096190 0.711953 0.080568
v -0.147511 0.406155 0.038353
v 0.256615 0.497477 0.062674
v 0.099620 0.685021 0.119732
v -0.149974 0.070352 0.022981
v -0.034109 0.465274 0.038767
v 0.036733 0.710181 0.066046
v 0.035965 0.725101 0.121116
v -0.224041 0.504374 0.094424
v 0.157078 0.628865 0.090924
v 0.143871 0.194830 -0.020565
v -0.124812 0.410763 -0.063039
v 0.095007 0.714625 0.090684
v -0.150754 0.417575 0.020882
v -0.138685 0.632433 0.110195
v -0.160183 0.355797 -0.011746
v 0.335024 0.381053 0.059991
v -0.144061 0.184574 -0.027200
v -0.026917 0.732893 0.088096
v -0.176385 0.341300 -0.077820
v -0.067468 0.440986 0.145823
v 0.196342 0.298028 -0.048617
v -0.057711 0.499550 0.053533
v 0.258343 0.497763 0.071826
v 0.119680 0.438732 -0.025346
v -0.329275 0.407471 0.085619
v -0.249863 0.465010 0.075795
v -0.079453 0.473441 0.076140
v 0.296125 0.416760 0.061561
v -0.322172 0.425309 0.079389
v 0.052238 0.381401 0.145528
v 0.256744 0.496619 0.080255
v 0.055316 0.621372 0.121583
v -0.083837 0.649540 0.082057
v 0.310742 0.413340 0.073712
v -0.165481 0.335892 -0.132590
v -0.155870 0.082163 0.003641
v -0.239886 0.513813 0.090077
v -0.140163 0.087344 0.013181
v 0.182523 0.175911 -0.021252
v -0.041289 0.524603 0.023683
v 0.041773 0.634837 0.130344
v -0.058274 0.443598 0.021564
v 0.046126 0.722918 0.083670
v -0.148053 0.188868 -0.016522
v -0.137241 0.348476 -0.003718
v 0.022336 0.452942 0.031195
v 0.251377 0.494584 0.088082
v -0.261470 0.456544 0.079526
v -0.000000 0.693751 0.051351
v -0.154321 0.350038 -0.100897
v -0.040987 0.543065 0.018427
v -0.030548 0.737288 0.100036
v -0.112520 0.662265 0.116117
v 0.090882 0.709020 0.114148
v -0.144330 0.080387 0.015484
v 0.064856 0.516133 0.084758
v -0.048716 0.734703 0.085151
v -0.137656 0.374668 -0.108738
v -0.188905 0.251973 -0.085908
v 0.121983 0.342332 -0.049153
v 0.015174 0.433211 0.018536
v -0.036243 0.704184 0.130207
v -0.061865 0.546205 0.039632
v 0.007354 0.686164 0.045595
v -0.007271 0.732625 0.116536
v 0.135193 0.356304 -0.113943
v -0.017207 0.404312 0.017674
v 0.027184 0.434020 0.017889
v 0.144235 0.185596 -0.008230
v 0.038412 0.363740 0.134243
v 0.183907 0.589284 0.073025
v 0.163091 0.576530 0.104659
v 0.088004 0.648180 0.084385
v -0.175028 0.366839 -0.021554
v -0.147232 0.640161 0.096444
v -0.092277 0.689331 0.054322
v -0.076560 0.643482 0.059370
v 0.192520 0.248181 -0.029790
v -0.054288 0.506055 0.115856
v -0.030802 0.734784 0.094810
v -0.011969 0.387318 0.028182
v -0.259933 0.475260 0.050920
v -0.253111 0.468967 0.083197
v 0.034363 0.736816 0.100826
v -0.129888 0.596115 0.082497
v 0.049809 0.729486 0.096049
v 0.067088 0.571717 0.043271
v -0.073533 0.637268 0.045932
v -0.007755 0.730291 0.119212
v 0.033031 0.736414 0.100874
v 0.054241 0.728245 0.104460
v -0.153483 0.340948 -0.091322
v 0.127592 0.449400 0.031209
v -0.055898 0.599996 0.012260
v 0.042308 0.421710 0.008930
v 0.073427 0.723160 0.079489
v -0.036355 0.459918 0.037034
v 0.136754 0.369358 -0.122857
v 0.314845 0.429014 0.052585
v 0.157670 0.044356 -0.067406
v 0.181701 0.174325 -0.026503
v -0.111888 0.421521 -0.041103
v 0.039527 0.719483 0.076263
v -0.007125 0.717504 0.069510
v 0.204140 0.299174 -0.087293
v 0.172325 0.150762 -0.039810
v -0.000000 0.680364 0.040265
v 0.043392 0.508872 0.031715
v -0.144218 0.638184 0.104719
v -0.255249 0.456371 0.067243
v 0.144229 0.166189 -0.002233
v 0.183693 0.371571 -0.114648
v 0.103919 0.394150 0.108773
v -0.057746 0.537244 0.037005
v 0.049939 0.449493 0.029199
v 0.140740 0.221773 -0.042732
v -0.266166 0.480735 0.056600
v -0.175664 0.336210 -0.135973
v -0.139488 0.587074 0.090869
v -0.084453 0.710429 0.066049
v 0.122880 0.606521 0.091534
v 0.093984 0.686451 0.124317
v -0.014571 0.632411 0.003312
v 0.145121 0.379064 -0.122692
v 0.008713 0.773064 0.112286
v 0.074981 0.715556 0.117350
v -0.178599 0.171788 -0.043372
v -0.161830 0.397806 0.012330
v -0.008364 0.444169 0.026274
v -0.086853 0.674151 0.125749
v -0.073340 0.710245 0.060953
v 0.141622 0.615628 0.109284
v 0.051088 0.730558 0.095792
v -0.232751 0.510144 0.096328
v -0.321799 0.428029 0.072315
v 0.329341 0.395197 0.087527
v 0.067486 0.590964 0.035318
v -0.207594 0.519217 0.059252
v -0.046643 0.735443 0.092174
v 0.070908 0.626680 0.111915
v 0.091507 0.649727 0.109198
v -0.259508 0.454145 0.073893
v 0.243294 0.490932 0.091360
v -0.047498 0.661572 0.034853
v -0.076098 0.469294 0.059797
v -0.062247 0.472135 0.056041
v -0.072899 0.663229 0.050241
v -0.322686 0.423306 0.072855
v 0.321799 0.428029 0.072315
v -0.158806 0.184967 -0.051159
v 0.023329 0.722569 0.075056
v -0.100321 0.447255 0.027448
v -0.055586 0.474991 0.054213
v -0.144429 0.156308 -0.040360
v 0.155785 0.116314 -0.036369
v 0.023907 0.768547 0.093932
v 0.021092 0.630399 0.132791
v -0.159866 0.188757 -0.004906
v -0.195662 0.338521 -0.130152
v 0.151662 0.310038 -0.053601
v 0.253111 0.468967 0.083197
v -0.193518 0.276342 -0.096373
v -0.070326 0.602433 0.032144
v -0.053026 0.591357 0.016885
v -0.185707 0.176085 -0.024957
v 0.169550 0.116121 -0.025553
v -0.252136 0.460491 0.071021
v 0.162915 0.185650 -0.001769
v 0.029894 0.731754 0.087438
v -0.145573 0.180447 -0.038868
v 0.041113 0.351089 0.105142
v -0.005907 0.708812 0.063861
v 0.089008 0.462865 0.038159
v -0.171685 0.083216 0.006114
v -0.060582 0.671512 0.048062
v -0.027438 0.737054 0.093975
v 0.021324 0.636215 0.005243
v 0.137987 0.098684 0.019770
v 0.172134 0.128664 0.010755
v -0.258747 0.467791 0.084331
v 0.179900 0.179950 -0.012399
v 0.178407 0.344203 -0.088847
v -0.060740 0.498340 0.115436
v 0.048196 0.356967 0.123216
v -0.073822 0.418024 0.147672
v 0.062512 0.426858 0.152894
v -0.053034 0.527930 0.034725
v 0.041911 0.587296 0.011778
v -0.156380 0.272227 -0.079500
v -0.266998 0.460981 0.083559
v -0.316972 0.432883 0.088587
v -0.025727 0.630090 0.001091
v -0.193883 0.334427 -0.071362
v -0.092633 0.674729 0.053570
v 0.049301 0.725051 0.083137
v -0.332311 0.391754 0.073235
v -0.224498 0.532259 0.060999
v 0.078687 0.714078 0.117131
v -0.043786 0.735784 0.098169
v -0.047639 0.534944 0.025235
v -0.109540 0.445805 0.068720
v 0.206298 0.561912 0.071847
v -0.043774 0.598786 0.005505
v 0.151831 0.375741 -0.128030
v 0.207977 0.563101 0.081111
v 0.164461 0.133672 -0.036429
v 0.161537 0.073531 -0.002999
v -0.263822 0.471413 0.085168
v 0.333680 0.396415 0.088224
v 0.172232 0.182824 -0.007476
v -0.007777 0.725066 0.122123
v -0.075727 0.454375 0.131202
v -0.146607 0.637604 0.074440
v 0.140355 0.329798 -0.114895
v 0.078041 0.454795 0.132488
v -0.041144 0.651638 0.022488
v -0.060340 0.645320 0.028155
v 0.001466 0.433798 0.019276
v 0.070628 0.581495 0.077513
v 0.081167 0.640173 0.109933
v -0.082773 0.433018 0.135186
v 0.158866 0.080143 0.005162
v 0.296960 0.420677 0.046250
v -0.039527 0.719483 0.076263
v -0.207666 0.311798 -0.061957
v 0.025518 0.436728 0.020092
v 0.181358 0.177539 -0.018992
v -0.067313 0.484829 0.118350
v -0.214366 0.309344 -0.086826
v -0.028240 0.488944 0.028268
v -0.202890 0.265134 -0.086321
v 0.140028 0.251640 -0.056104
v -0.334623 0.392844 0.057375
v 0.337748 0.382708 0.059634
v -0.067331 0.490438 0.075295
v -0.196264 0.237511 -0.074953
v 0.156797 0.347316 -0.093211
v 0.322044 0.417493 0.071253
v 0.135967 0.442654 0.009866
v 0.098913 0.459081 0.089167
v 0.282701 0.417185 0.051382
v 0.176452 0.043994 -0.070153
v -0.185926 0.576126 0.102553
v -0.104592 0.655840 0.115694
v 0.117012 0.451588 0.012790
v 0.077245 0.703309 0.125346
v -0.275387 0.475167 0.071468
v -0.017888 0.726530 0.076925
v 0.080782 0.468130 0.113410
v 0.060063 0.354053 0.109613
v 0.029373 0.356796 0.117128
v -0.034363 0.736816 0.100826
v -0.165590 0.616449 0.094012
v 0.225067 0.502979 0.057339
v -0.258766 0.472796 0.086179
v -0.204896 0.287148 -0.094823
v -0.185161 0.591112 0.082523
v 0.107644 0.380149 0.085241
v 0.123430 0.662199 0.067263
v 0.013571 0.793520 0.114760
v -0.152426 0.232547 -0.025864
v 0.248443 0.465323 0.071242
v -0.184084 0.174751 -0.030090
v 0.289193 0.394659 0.039110
v -0.078179 0.623372 0.089918
v -0.155700 0.318011 -0.063852
v -0.134298 0.622527 0.058864
v 0.091307 0.465703 0.054558
v -0.176481 0.551065 0.096745
v -0.172143 0.240860 -0.078619
v -0.025938 0.470536 0.147410
v 0.037536 0.442453 0.023632
v -0.137585 0.090635 0.010347
v 0.175428 0.074905 -0.001329
v -0.053289 0.544487 0.027164
v -0.104094 0.450841 0.054853
v -0.008523 0.448056 0.027638
v -0.274490 0.474579 0.062140
v 0.331713 0.396128 0.090372
v 0.000000 0.772017 0.113998
v -0.166185 0.213535 -0.064601
v -0.164783 0.327405 -0.065578
v -0.128342 0.371248 0.045434
v 0.141271 0.190176 -0.031792
v -0.074952 0.674682 0.129025
v 0.013239 0.692707 0.051181
v -0.090915 0.715843 0.085889
v 0.094384 0.465244 0.070840
v 0.185521 0.547364 0.102379
v -0.264420 0.476454 0.084482
v -0.054114 0.736719 0.094268
v -0.147441 0.363008 0.014464
v 0.329275 0.407471 0.085619
v 0.156315 0.628384 0.080270
v -0.333186 0.379893 0.056781
v -0.056140 0.736254 0.088901
v -0.025014 0.652232 0.018903
v -0.154083 0.290665 -0.043207
v 0.322172 0.425309 0.079389
v -0.046126 0.722918 0.083670
v -0.147001 0.082112 0.002016
v -0.129757 0.081653 -0.036346
v -0.064455 0.607416 0.016576
v 0.001064 0.459833 0.028817
v -0.182272 0.182399 -0.021974
v -0.180246 0.191959 -0.017073
v -0.256153 0.458748 0.075606
v 0.078563 0.652738 0.122803
v -0.180884 0.287015 -0.100139
v -0.040760 0.430409 0.160729
v -0.050114 0.468333 0.045853
v -0.017380 0.496391 0.020439
v -0.196384 0.292690 -0.038611
v -0.023047 0.663077 0.027598
v -0.203394 0.230028 -0.039542
v -0.016900 0.513951 0.015654
v -0.230551 0.535714 0.082446
v -0.090891 0.711961 0.073041
v 0.067829 0.485932 0.070408
v 0.041201 0.727289 0.118022
v -0.192932 0.219829 -0.026039
v -0.074981 0.715556 0.117350
v 0.190033 0.357407 -0.095836
v -0.315166 0.436785 0.084591
v -0.181888 0.587599 0.099839
v -0.026819 0.420284 0.014011
v -0.012044 0.433094 0.019642
v 0.173411 0.376689 -0.121039
v -0.129864 0.051997 -0.031192
v -0.060061 0.719937 0.118623
v 0.080452 0.712264 0.116260
v -0.063807 0.542337 0.076947
v -0.301070 0.423852 0.087682
v -0.044662 0.703991 0.129803
v 0.196458 0.278993 -0.038836
v 0.075587 0.390594 -0.035416
v 0.255806 0.457253 0.058565
v 0.167236 0.045080 -0.075768
v 0.024110 0.693171 0.052799
v 0.191293 0.551902 0.058380
v -0.328448 0.407649 0.092031
v 0.049158 0.728081 0.089938
v 0.071257 0.490583 0.087215
v 0.026120 0.789276 0.099868
v 0.105930 0.447796 -0.003127
v -0.272479 0.478804 0.067291
v -0.095668 0.638673 0.083857
v 0.065647 0.483637 0.126553
v 0.026205 0.546331 0.109216
v -0.185878 0.559092 0.105382
v -0.324503 0.387401 0.051998
v -0.187128 0.209470 -0.061287
v 0.041251 0.440855 0.020230
v -0.333246 0.398844 0.071940
v -0.074674 0.650337 0.053814
v -0.193797 0.268653 -0.030341
v -0.069642 0.492167 0.093570
v 0.075628 0.665734 0.128289
v 0.063395 0.515960 0.062686
v 0.139547 0.289223 -0.061605
v 0.243462 0.475220 0.080771
v -0.260462 0.476267 0.085936
v -0.336411 0.398619 0.065035
v -0.332157 0.396065 0.085996
v -0.000006 0.547217 0.111615
v 0.178125 0.181890 -0.018912
v 0.321938 0.428996 0.075808
v 0.053166 0.477847 0.138569
v -0.063568 0.453489 0.033263
v -0.254551 0.472585 0.085282
v -0.138125 0.127261 0.002144
v -0.184771 0.169913 -0.026743
v -0.076183 0.713164 0.064338
v -0.045085 0.589043 0.113383
v 0.048431 0.471993 0.044494
v 0.162718 0.378623 -0.126144
v -0.140371 0.086332 0.008287
v -0.207918 0.277747 -0.042299
v -0.084451 0.716368 0.079706
v 0.302046 0.425839 0.092920
v 0.103494 0.425223 0.115944
v 0.168480 0.079260 0.003399
v 0.334623 0.392844 0.057375
v -0.025401 0.480351 0.141969
v 0.065630 0.599729 0.024842
v -0.046154 0.673458 0.043775
v -0.215432 0.269918 -0.065550
v -0.101079 0.650273 0.059710
v -0.341345 0.389770 0.078208
v -0.248541 0.465187 0.063838
v 0.051340 0.731168 0.100208
v 0.001287 0.449835 0.027214
v 0.055395 0.513201 0.044263
v -0.170179 0.552940 0.088571
v -0.338549 0.382118 0.072567
v 0.149890 0.315273 -0.119723
v 0.094233 0.677495 0.124016
v -0.296186 0.413201 0.051399
v 0.167543 0.050076 -0.079768
v -0.056944 0.573733 0.099098
v 0.183174 0.310580 -0.113556
v 0.167907 0.061779 -0.074921
v -0.036994 0.701818 0.059887
v 0.170118 0.065750 -0.010103
v -0.053646 0.716290 0.123620
v -0.248443 0.465323 0.071242
v -0.152924 0.172697 -0.055008
v -0.029398 0.587633 0.007004
v -0.183212 0.386794 -0.086572
v -0.265724 0.479547 0.081625
v -0.269390 0.480977 0.061696
v -0.041150 0.574278 0.109273
v -0.057992 0.521876 0.047463
v 0.073525 0.485690 0.082857
v 0.260108 0.462252 0.081888
v 0.035036 0.514945 0.023220
v 0.047382 0.552750 0.020452
v -0.175499 0.554764 0.062283
v 0.172733 0.301110 -0.110582
v -0.322018 0.419549 0.082886
v -0.114926 0.402714 0.086224
v 0.036372 0.473975 0.144115
v 0.285660 0.415904 0.048647
v -0.084241 0.361380 0.096271
v -0.177935 0.266675 -0.090787
v 0.260462 0.476268 0.085936
v -0.127180 0.618627 0.106521
v 0.079916 0.476920 0.074622
v 0.004153 0.792505 0.118451
v 0.049014 0.534617 0.104921
v -0.253887 0.464059 0.079673
v 0.181791 0.172441 -0.030934
v 0.338139 0.385326 0.058548
v -0.058744 0.430593 0.007761
v -0.006353 0.368946 0.125224
v -0.018178 0.715377 0.068658
v -0.037963 0.438531 0.021579
v -0.116286 0.679756 0.111307
v 0.095094 0.661576 0.119306
v -0.211997 0.259238 -0.048656
v -0.230354 0.536331 0.072913
v 0.266998 0.460981 0.083559
v -0.079054 0.714737 0.072046
v -0.264436 0.466013 0.084276
v -0.190714 0.200737 -0.028983
v 0.050296 0.440767 0.154539
v 0.148221 0.168784 -0.052206
v -0.152991 0.269388 -0.036178
v -0.182942 0.176066 -0.031952
v -0.130999 0.047370 -0.077460
v 0.164441 0.188230 -0.009845
v 0.248541 0.465187 0.063838
v 0.149359 0.042806 -0.052395
v -0.188065 0.238720 -0.023223
v 0.019684 0.714254 0.127390
v -0.192125 0.342538 -0.078827
v 0.055080 0.725681 0.113183
v -0.116532 0.679580 0.070750
v -0.338139 0.385326 0.058548
v -0.067488 0.598906 0.099553
v 0.026567 0.705774 0.130159
v -0.111546 0.437583 0.081954
v 0.076789 0.480208 0.077689
v -0.339824 0.391727 0.075887
v -0.045263 0.683735 0.049957
v 0.264436 0.466013 0.084276
v 0.138186 0.078206 -0.037926
v -0.099232 0.640529 0.102066
v 0.107883 0.630565 0.100024
v 0.050303 0.723058 0.118582
v 0.037786 0.733462 0.111728
v -0.175841 0.181660 -0.049790
v 0.322832 0.395380 0.063506
v 0.268475 0.469352 0.083610
v -0.187924 0.378277 -0.073802
v 0.181947 0.173057 -0.015215
v -0.315599 0.409417 0.059799
v -0.332190 0.402700 0.088604
v -0.161608 0.135992 -0.038536
v -0.145161 0.194723 -0.029955
v 0.013091 0.720621 0.072094
v 0.095435 0.707296 0.067810
v 0.138477 0.091817 0.014206
v -0.057663 0.594787 0.108374
v -0.182824 0.532859 0.078927
v 0.066490 0.370568 -0.017883
v 0.127014 0.443966 -0.008131
v 0.264420 0.476454 0.084482
v 0.144706 0.597489 0.105489
v 0.079355 0.645319 0.072601
v 0.137837 0.090260 0.007963
v 0.200045 0.558393 0.062485
v 0.332311 0.391754 0.073235
v 0.258766 0.472796 0.086179
v 0.147001 0.056185 -0.021969
v 0.034349 0.711789 0.127608
v 0.013085 0.621032 -0.000830
v -0.047881 0.518139 0.032919
v -0.034491 0.599045 0.121111
v -0.185086 0.533559 0.066921
v 0.182885 0.554293 0.060031
v -0.254695 0.462810 0.055332
v 0.140609 0.048634 -0.033306
v -0.212519 0.278581 -0.081137
v 0.031331 0.722243 0.123297
v 0.182020 0.183945 -0.030239
v 0.139996 0.345060 -0.106922
v 0.242866 0.472019 0.071707
v 0.336411 0.398619 0.065035
v 0.038189 0.718966 0.124417
v -0.162630 0.338820 -0.079795
v 0.138322 0.349244 -0.121465
v -0.289193 0.394659 0.039111
v 0.324503 0.387401 0.051998
v 0.143746 0.059545 -0.023233
v -0.031809 0.676689 0.041416
v -0.156107 0.154099 -0.049101
v 0.017259 0.550949 0.008918
v -0.157692 0.231562 -0.067766
v 0.235863 0.482500 0.061702
v -0.343058 0.382486 0.064406
v 0.192151 0.561701 0.061104
v -0.285660 0.415904 0.048647
v 0.043967 0.720684 0.122520
v -0.328267 0.414218 0.063535
v 0.025277 0.712216 0.066411
v -0.204223 0.517809 0.092616
v -0.200585 0.547698 0.057549
v -0.263579 0.471251 0.050022
v -0.172542 0.195269 -0.058198
v 0.175490 0.547653 0.066507
v -0.051176 0.705697 0.128808
v -0.037683 0.556658 0.106535
v -0.089488 0.656417 0.117063
v 0.323772 0.393794 0.049362
v 0.193158 0.213352 -0.040451
v 0.198866 0.566137 0.068186
v -0.152079 0.189054 -0.010488
v 0.268821 0.481978 0.074246
v -0.208188 0.240783 -0.055629
v 0.191509 0.335516 -0.079823
v 0.197191 0.349271 -0.116208
v 0.316972 0.432883 0.088587
v -0.026545 0.712079 0.127919
v -0.031419 0.582432 0.114985
v 0.202129 0.568329 0.077245
v -0.138594 0.142906 -0.011011
v 0.038145 0.457432 0.151971
v -0.148778 0.176000 -0.046724
v -0.060407 0.564067 0.091165
v 0.000000 0.727932 0.120202
v 0.202104 0.242020 -0.050886
v 0.250097 0.464046 0.059821
v -0.169767 0.187133 -0.002986
v 0.333246 0.398844 0.071940
v -0.134927 0.108206 0.003649
v 0.268798 0.479687 0.078311
v -0.036575 0.672725 0.039580
v -0.008601 0.378148 0.141585
v -0.311561 0.408198 0.062932
v 0.300843 0.411177 0.056340
v -0.204081 0.551114 0.102071
v -0.076946 0.716406 0.071235
v -0.189186 0.348758 -0.084203
v -0.211135 0.331873 -0.103266
v -0.062969 0.523571 0.067473
v 0.024941 0.731677 0.118068
v -0.213979 0.556135 0.084814
v 0.322692 0.412139 0.094765
v -0.197802 0.531516 0.100360
v -0.184929 0.184401 -0.033663
v 0.197802 0.531516 0.100360
v -0.036733 0.710181 0.066046
v 0.176265 0.323402 -0.125120
v -0.340468 0.389681 0.080746
v -0.073755 0.604622 0.088847
v -0.101581 0.366495 0.083542
v 0.265724 0.479547 0.081625
v -0.040375 0.678461 0.045314
v 0.245801 0.474201 0.058162
v -0.028403 0.401526 0.011980
v 0.159790 0.308155 -0.116086
v -0.182599 0.180206 -0.018914
v -0.261779 0.463180 0.051236
v -0.023557 0.697363 0.132604
v 0.048370 0.728635 0.096370
v 0.007866 0.712966 0.128015
v -0.297826 0.414295 0.057303
v -0.191266 0.539684 0.058939
v 0.163428 0.321341 -0.128370
v 0.023482 0.462567 0.032695
v -0.182102 0.224501 -0.072385
v -0.179039 0.332117 -0.067523
v -0.026651 0.404845 0.164163
v -0.269038 0.482583 0.066776
v 0.139009 0.085864 -0.021016
v -0.003387 0.365142 0.096151
v -0.310742 0.413340 0.073712
v 0.145703 0.151793 -0.040960
v -0.337112 0.392211 0.062335
v -0.235863 0.482500 0.061702
v 0.182093 0.320694 -0.058701
v -0.284429 0.392708 0.039722
v 0.070190 0.491375 0.075162
v -0.337748 0.382708 0.059634
v -0.208558 0.296990 -0.051643
v -0.270313 0.471125 0.052070
v -0.174724 0.118707 -0.011770
v -0.062316 0.586585 0.099284
v -0.162471 0.257462 -0.080416
v -0.179306 0.304127 -0.109149
v -0.202663 0.514420 0.067703
v -0.047795 0.681922 0.133760
v -0.067839 0.403077 0.150865
v 0.185086 0.533559 0.066921
v -0.182885 0.554293 0.060031
v -0.204470 0.336113 -0.081464
v 0.200585 0.547698 0.057549
v -0.084570 0.367688 0.109946
v -0.334957 0.395051 0.073463
v 0.137591 0.171285 -0.026898
v 0.014421 0.688123 0.134709
v 0.268663 0.475098 0.081779
v 0.062917 0.482916 0.059085
v 0.146355 0.215698 -0.056407
v 0.202463 0.323109 -0.094149
v -0.327635 0.413113 0.089097
v -0.051120 0.690003 0.053814
v 0.071700 0.474487 0.060181
v -0.133482 0.089458 -0.019906
v 0.028552 0.726903 0.120892
v -0.175490 0.547653 0.066507
v 0.194041 0.565223 0.101450
v -0.329341 0.395197 0.087527
v -0.311700 0.415872 0.082735
v -0.269811 0.476965 0.056353
v 0.024281 0.737039 0.112341
v 0.338549 0.382118 0.072567
v -0.067851 0.473757 0.060639
v -0.089530 0.663493 0.055263
v -0.296125 0.416760 0.061561
v -0.035883 0.472836 0.144656
v 0.147342 0.067365 -0.011746
v -0.236140 0.486287 0.086651
v 0.147889 0.327822 -0.129902
v -0.056159 0.544891 0.095020
v -0.003178 0.380345 0.040083
v -0.151669 0.348578 -0.100922
v -0.247758 0.468098 0.060770
v -0.251058 0.467596 0.056642
v -0.137365 0.086921 0.004229
v -0.286731 0.396000 0.040959
v 0.303820 0.418941 0.079509
v 0.322686 0.423306 0.072855
v 0.199773 0.567467 0.093009
v 0.322516 0.405865 0.094041
v 0.091081 0.668021 0.123282
v -0.215811 0.284935 -0.058527
v -0.261352 0.486240 0.056759
v 0.213979 0.556135 0.084814
v 0.185306 0.348652 -0.089917
v 0.143368 0.335496 -0.128953
v 0.210360 0.554362 0.093768
v -0.038374 0.455544 0.153274
v 0.139128 0.086622 0.009626
v 0.153223 0.186210 -0.004947
v 0.138598 0.154585 -0.027486
v -0.314845 0.429014 0.052585
v -0.340493 0.386947 0.063475
v -0.155344 0.332659 -0.080779
v -0.170743 0.152598 -0.042580
v 0.060645 0.475937 0.136026
v -0.012457 0.400647 0.164181
v 0.261603 0.485919 0.081880
v -0.322301 0.412359 0.058619
v -0.165989 0.168365 0.001755
v -0.195717 0.543951 0.104185
v -0.335024 0.381053 0.059991
v -0.055316 0.621372 0.121583
v 0.139783 0.358238 -0.129711
v -0.158693 0.101313 0.033606
v 0.135590 0.103886 0.002678
v -0.023329 0.722569 0.075056
v 0.258747 0.467791 0.084331
v 0.010671 0.702981 0.131419
v 0.021828 0.674341 0.037085
v -0.135920 0.121475 -0.008881
v -0.007816 0.673885 0.034699
v 0.180091 0.333259 -0.071159
v 0.264713 0.487574 0.074194
v -0.023417 0.736042 0.087596
v -0.264858 0.477302 0.052164
v -0.202129 0.568329 0.077245
v -0.155168 0.305554 -0.052925
v -0.151331 0.321849 -0.080634
v -0.038709 0.416979 0.008818
v 0.178259 0.170573 -0.040262
v 0.019964 0.726232 0.122236
v -0.178087 0.208346 -0.016360
v 0.152144 0.181970 -0.001249
v -0.077747 0.625946 0.067521
v -0.073226 0.588308 0.066345
v -0.000000 0.716429 0.068410
v 0.176277 0.094164 0.023051
v 0.170202 0.315873 -0.121882
v -0.249710 0.468675 0.079974
v -0.213913 0.556331 0.075861
v 0.243312 0.472068 0.064625
v -0.029294 0.566420 0.110364
v 0.166237 0.302800 -0.042129
v 0.198582 0.337980 -0.092675
v -0.006810 0.736583 0.114321
v 0.207589 0.271563 -0.060728
v -0.057133 0.718611 0.077479
v -0.057104 0.696773 0.130846
v 0.007755 0.730291 0.119212
v 0.182251 0.543794 0.062405
v -0.148830 0.068026 -0.011453
v -0.227157 0.533880 0.091387
v -0.033727 0.498164 0.129046
v -0.034657 0.514775 0.023280
v -0.041911 0.587296 0.011778
v 0.036243 0.704184 0.130207
v -0.042401 0.407603 0.160729
v 0.326007 0.389604 0.068395
v -0.019290 0.718854 0.072382
v -0.215466 0.525606 0.054888
v 0.170168 0.336330 -0.133056
v 0.182824 0.532859 0.078927
v 0.089488 0.656417 0.117063
v -0.178102 0.539995 0.072261
v -0.041773 0.634837 0.130344
v -0.312939 0.418620 0.071562
v -0.010760 0.387991 0.156638
v -0.157573 0.213835 -0.017101
v 0.255027 0.480884 0.051775
v -0.255395 0.483176 0.087534
v 0.145183 0.348336 -0.100722
v -0.026839 0.680611 0.043569
v 0.042597 0.706883 0.063504
v 0.041070 0.712079 0.127083
v 0.207802 0.292859 -0.070712
v 0.140610 0.316479 -0.085469
v 0.045552 0.431128 0.011367
v 0.328448 0.407649 0.092031
v 0.191899 0.319170 -0.112339
v 0.001289 0.441495 0.024035
v -0.191293 0.551902 0.058380
v -0.059479 0.684040 0.052030
v -0.182251 0.543794 0.062405
v -0.032349 0.350302 0.050977
v -0.050303 0.723058 0.118582
v -0.248203 0.479467 0.087061
v -0.233705 0.482203 0.077069
v 0.249710 0.468675 0.079974
v 0.186316 0.536378 0.094590
v 0.036075 0.694170 0.132856
v -0.243312 0.472068 0.064625
v -0.161328 0.253767 -0.024996
v -0.151841 0.341350 -0.121723
v -0.070159 0.675510 0.130585
v 0.040213 0.735829 0.100837
v 0.198739 0.325588 -0.107783
v -0.138029 0.095879 0.014816
v 0.182429 0.351007 -0.130044
v -0.162819 0.284459 -0.032912
v 0.144797 0.185347 -0.042882
v -0.333680 0.396415 0.088224
v -0.138532 0.120114 -0.025094
v -0.136456 0.094367 0.008778
v -0.058839 0.472709 0.136828
v -0.016822 0.721306 0.073370
v -0.242865 0.472019 0.071707
v -0.268821 0.481978 0.074246
v 0.175031 0.346560 -0.084951
v -0.063406 0.686681 0.131712
v 0.332157 0.396065 0.085996
v -0.164280 0.300415 -0.040329
v 0.144141 0.228615 -0.028000
v -0.276371 0.414908 0.050867
v 0.155960 0.099227 0.035610
v 0.328609 0.402115 0.093484
v 0.212797 0.524353 0.101377
v 0.014571 0.632411 0.003312
v 0.158552 0.150659 -0.048120
v -0.025645 0.741477 0.103618
v -0.014029 0.713110 0.067950
v -0.009312 0.429037 0.017965
v 0.142312 0.265127 -0.039294
v 0.233914 0.508933 0.054115
v -0.052198 0.556019 0.098817
v 0.141089 0.304974 -0.087901
v 0.330996 0.397249 0.052726
v 0.177297 0.090659 0.009126
v -0.202548 0.568637 0.084845
v -0.194041 0.565224 0.101450
v -0.198864 0.351415 -0.090390
v -0.255027 0.480884 0.051775
v -0.186315 0.536379 0.094590
v 0.310176 0.407814 0.060262
v -0.049228 0.496681 0.126395
v 0.241936 0.515247 0.062510
v 0.227157 0.533881 0.091387
v 0.041951 0.737114 0.097823
v 0.016836 0.708488 0.129628
v 0.178137 0.340906 -0.079036
v 0.072277 0.685102 0.051015
v 0.067643 0.711888 0.123369
v 0.244806 0.516697 0.072566
v 0.167647 0.168169 -0.054365
v 0.023358 0.720971 0.124448
v -0.157874 0.350768 -0.095552
v -0.318631 0.424551 0.056246
v 0.020723 0.643318 0.010669
v 0.220958 0.530669 0.099479
v -0.282848 0.418649 0.038636
v 0.077102 0.636992 0.062134
v -0.086668 0.647876 0.104587
v 0.139488 0.587074 0.090869
v -0.338657 0.392972 0.069336
v 0.296186 0.413201 0.051399
v -0.045933 0.731037 0.102106
v 0.140328 0.343168 -0.125402
v 0.163258 0.099182 -0.034916
v -0.047372 0.565960 0.103723
v 0.059659 0.729155 0.103063
v -0.148657 0.351678 -0.113951
v -0.012502 0.740433 0.111510
v -0.195733 0.321283 -0.059453
v -0.151810 0.356363 -0.126979
v 0.017888 0.726530 0.076925
v -0.176328 0.091926 0.011429
v -0.050211 0.604847 0.117883
v 0.170179 0.552939 0.088571
v 0.166464 0.315249 -0.053369
v 0.244215 0.515591 0.081373
v -0.220958 0.530668 0.099479
v 0.207594 0.519217 0.059252
v -0.323379 0.422403 0.066463
v 0.330030 0.383943 0.065011
v -0.076107 0.605820 0.066927
v 0.069534 0.485943 0.118001
v 0.074751 0.725845 0.099182
v 0.163834 0.569376 0.061596
v -0.260108 0.462252 0.081888
v 0.269401 0.463597 0.084292
v 0.067808 0.727734 0.100274
v -0.331713 0.396128 0.090372
v -0.343469 0.383517 0.069554
v 0.029053 0.735967 0.112868
v 0.190571 0.526401 0.086077
v -0.258343 0.497763 0.071827
v -0.158112 0.566616 0.089719
v 0.158337 0.369708 -0.131846
v 0.204298 0.304279 -0.065564
v 0.248203 0.479467 0.087061
v 0.236140 0.486287 0.086651
v -0.256615 0.497477 0.062674
v -0.322272 0.420873 0.059851
v -0.052915 0.678297 0.048996
v 0.162664 0.338593 -0.080110
v -0.142650 0.104249 0.028048
v -0.138907 0.058557 -0.085360
v -0.041085 0.505824 0.122186
v 0.057133 0.718611 0.077479
v 0.031701 0.726209 0.074911
v -0.147415 0.211773 -0.028027
v -0.003209 0.370053 0.059877
v 0.301070 0.423852 0.087682
v -0.072682 0.348273 0.076589
v -0.190571 0.526401 0.086077
v 0.152965 0.602028 0.058600
v -0.177966 0.183565 -0.009872
v -0.069788 0.590627 0.088912
v -0.000000 0.719117 0.124798
v 0.047362 0.713560 0.125981
v -0.282700 0.417185 0.051382
v -0.070908 0.626680 0.111915
v -0.035122 0.682396 0.046759
v -0.138523 0.049980 -0.084738
v 0.152255 0.343419 -0.097016
v 0.333186 0.379893 0.056781
v -0.245801 0.474201 0.058162
v 0.005551 0.725329 0.071862
v 0.158387 0.181499 -0.050838
v -0.146224 0.186941 -0.013795
v -0.063441 0.532580 0.072091
v 0.014361 0.719632 0.125307
v -0.167046 0.279575 -0.091067
v -0.091081 0.668021 0.123282
v 0.315166 0.436785 0.084591
v 0.251058 0.467596 0.056642
v 0.059423 0.727561 0.103572
v 0.195717 0.543951 0.104185
v 0.332190 0.402700 0.088604
v 0.086668 0.647876 0.104587
v -0.249291 0.463083 0.067294
v 0.330179 0.381340 0.053920
v 0.061260 0.639532 0.123393
v 0.209227 0.553545 0.065059
v -0.073347 0.699608 0.055278
v -0.062054 0.515553 0.062638
v -0.144298 0.176175 -0.042543
v 0.143529 0.313310 -0.067928
v -0.037786 0.733462 0.111728
v -0.072277 0.685102 0.051015
v -0.054279 0.512817 0.044321
v 0.026785 0.739947 0.097951
v -0.041201 0.727289 0.118022
v -0.065589 0.502706 0.073032
v 0.155862 0.384652 -0.121109
v 0.164360 0.615113 0.073570
v 0.044663 0.703991 0.129803
v 0.046990 0.728580 0.113494
v 0.021163 0.741862 0.107802
v -0.072577 0.613619 0.100777
v 0.233705 0.482203 0.077069
v 0.027678 0.720420 0.073244
v -0.004315 0.713561 0.067306
v -0.017332 0.443837 0.027479
v 0.052368 0.463409 0.044917
v 0.141580 0.116168 -0.025647
v 0.017112 0.673226 0.136272
v -0.207147 0.325617 -0.110751
v -0.009876 0.422396 0.016538
v 0.202548 0.568637 0.084845
v 0.247758 0.468098 0.060770
v 0.154294 0.168621 -0.055005
v -0.286511 0.417944 0.040632
v -0.005538 0.709475 0.065060
v -0.172381 0.095389 0.025388
v 0.143944 0.353132 -0.133351
v -0.257622 0.453133 0.062798
v -0.076852 0.722503 0.090224
v 0.014210 0.733652 0.116155
v 0.027416 0.717649 0.125518
v -0.210360 0.554362 0.093768
v 0.151250 0.286039 -0.093920
v 0.182774 0.306457 -0.046080
v 0.255395 0.483176 0.087534
v 0.166968 0.162754 -0.054733
v -0.183431 0.173005 -0.034530
v 0.263822 0.471413 0.085168
v -0.085259 0.451092 0.120313
v -0.067643 0.711888 0.123369
v -0.311584 0.411573 0.071248
v -0.063468 0.515713 0.084613
v 0.178102 0.539995 0.072261
v -0.339222 0.387508 0.072329
v 0.172087 0.178477 -0.004153
v -0.008739 0.486110 0.020691
v -0.244215 0.515591 0.081373
v -0.252038 0.460174 0.063186
v -0.179636 0.176986 -0.041286
v -0.199773 0.567467 0.093009
v 0.321780 0.412297 0.058106
v -0.044350 0.471825 0.143276
v 0.129888 0.596115 0.082497
v -0.144563 0.184931 -0.020845
v 0.043653 0.696156 0.056748
v -0.202938 0.344745 -0.087488
v 0.072248 0.493003 0.093444
v 0.032884 0.694554 0.054734
v -0.212797 0.524353 0.101377
v -0.164857 0.165564 -0.056456
v 0.259933 0.475260 0.050920
v -0.170058 0.367375 -0.138089
v 0.193548 0.327069 -0.071924
v 0.176262 0.344211 -0.132408
v -0.003082 0.720459 0.070134
v -0.009472 0.712593 0.067294
v -0.149486 0.352827 -0.107851
v -0.053356 0.455595 0.038434
v 0.140053 0.083063 0.003434
v 0.169826 0.325272 -0.129209
v -0.329706 0.391628 0.061881
v 0.158112 0.566616 0.089719
v -0.342307 0.386870 0.066511
v 0.196421 0.231120 -0.035193
v -0.329361 0.385749 0.061593
v 0.045933 0.731037 0.102106
v -0.066486 0.501598 0.095227
v -0.061473 0.524253 0.088953
v 0.031681 0.406863 0.012086
v 0.329672 0.389974 0.061638
v 0.000000 0.667290 0.136652
v 0.187616 0.356432 -0.124999
v -0.256345 0.469693 0.052259
v 0.234349 0.480955 0.068240
v -0.043541 0.343159 0.078297
v 0.177538 0.091607 0.001640
v -0.024110 0.693171 0.052799
v 0.193099 0.237189 -0.071427
v 0.191266 0.539684 0.058939
v 0.000000 0.724570 0.071236
v 0.156106 0.049024 -0.085325
v -0.066134 0.492847 0.112104
v -0.334680 0.384643 0.061842
v -0.072550 0.452575 0.030296
v -0.169532 0.088225 -0.024312
v 0.196235 0.347698 -0.097222
v 0.158838 0.585138 0.058901
v -0.136509 0.103160 0.012215
v -0.285907 0.392345 0.036070
v 0.155891 0.107550 0.038666
v -0.032739 0.514923 0.117509
v 0.070159 0.675510 0.130585
v -0.156101 0.070507 0.024780
v 0.342307 0.386870 0.066511
v -0.066507 0.483137 0.118919
v 0.036265 0.725312 0.081939
v -0.026907 0.448790 0.157876
v -0.019958 0.452353 0.031298
v -0.303668 0.446531 0.068141
v -0.018233 0.739221 0.111256
v -0.165310 0.556161 0.080447
v 0.218174 0.497114 0.072551
v 0.204081 0.551114 0.102071
v -0.303401 0.431589 0.047464
v -0.036235 0.448715 0.033326
v -0.175416 0.172626 -0.047858
v -0.089655 0.444531 0.013466
v 0.199150 0.287100 -0.091628
v 0.166002 0.108011 0.034846
v 0.033070 0.551003 0.013328
v -0.074986 0.460571 0.041892
v 0.184894 0.571375 0.061385
v -0.158439 0.069637 0.022972
v 0.343469 0.383517 0.069554
v 0.037842 0.663751 0.134832
v -0.303062 0.414695 0.065970
v 0.323707 0.387906 0.058428
v -0.208412 0.349599 -0.099452
v 0.172835 0.341348 -0.079249
v 0.145025 0.340876 -0.088504
v -0.021163 0.741862 0.107802
v -0.150934 0.577792 0.066092
v 0.175761 0.118209 -0.007869
v -0.071157 0.443688 0.016961
v 0.167484 0.593446 0.060588
v 0.339222 0.387508 0.072329
v -0.207972 0.253031 -0.072075
v -0.134174 0.104407 -0.012619
v 0.320874 0.427262 0.069047
v -0.023727 0.525392 0.113396
v 0.036994 0.701818 0.059887
v -0.313901 0.398731 0.056970
v -0.058459 0.708691 0.127086
v 0.051120 0.690003 0.053814
v 0.024652 0.620299 -0.002110
v -0.152613 0.248503 -0.068323
v -0.146773 0.189909 -0.041486
v -0.168009 0.557456 0.066359
v 0.246942 0.467203 0.067524
v -0.211377 0.329875 -0.089321
v 0.185413 0.220140 -0.022778
v 0.000000 0.731032 0.117694
v 0.071777 0.592575 0.047355
v 0.195477 0.224978 -0.056269
v 0.185505 0.200871 -0.025385
v 0.043774 0.598786 0.005505
v -0.219619 0.547139 0.088796
v 0.172990 0.599812 0.068250
v 0.301823 0.441077 0.052319
v -0.326458 0.383362 0.055541
v -0.026567 0.705774 0.130159
v -0.211902 0.322883 -0.097320
v -0.029921 0.682516 0.135051
v -0.026785 0.739947 0.097951
v -0.149770 0.220353 -0.054550
v 0.249950 0.472814 0.083332
v -0.261905 0.480027 0.052978
v -0.267734 0.484066 0.070531
v -0.176017 0.563817 0.059904
v -0.090882 0.709020 0.114148
v 0.160219 0.067521 0.024725
v -0.321842 0.403179 0.060985
v -0.301499 0.447065 0.084353
v -0.016836 0.708488 0.129628
v 0.269038 0.482583 0.066776
v 0.174551 0.191277 -0.014595
v -0.163091 0.576530 0.104659
v 0.152378 0.625253 0.067935
v 0.166324 0.174210 -0.048753
v -0.279801 0.418612 0.052211
v 0.025645 0.741477 0.103618
v -0.065449 0.700698 0.128712
v -0.080452 0.712264 0.116260
v 0.040761 0.449846 0.032927
v 0.151512 0.624627 0.107238
v 0.076946 0.716406 0.071235
v 0.135508 0.061034 -0.042405
v -0.026437 0.505344 0.022103
v 0.040700 0.731755 0.095574
v -0.138958 0.608968 0.059029
v -0.144706 0.597489 0.105489
v 0.175358 0.179991 -0.047273
v -0.181566 0.174152 -0.037954
v -0.160188 0.117256 0.033352
v -0.128772 0.062554 -0.078948
v 0.321988 0.427136 0.062168
v 0.142148 0.286273 -0.046786
v 0.176017 0.563817 0.059904
v -0.299264 0.425972 0.045579
v 0.166332 0.384122 -0.118347
v 0.000000 0.550697 0.007319
v -0.164071 0.375526 -0.134325
v -0.261773 0.480000 0.084323
v 0.060724 0.591843 0.025120
v -0.144529 0.593227 0.061242
v -0.148033 0.575221 0.081399
v 0.334680 0.384643 0.061842
v -0.080072 0.633299 0.101263
v -0.244806 0.516697 0.072566
v 0.198301 0.265138 -0.082729
v 0.076554 0.356553 0.096077
v 0.174123 0.584521 0.106940
v -0.142349 0.112356 0.024519
v 0.020507 0.659194 0.136175
v -0.140233 0.409753 -0.069995
v -0.062832 0.507275 0.100753
v 0.036129 0.476687 0.142930
v 0.038886 0.688495 0.051642
v -0.031551 0.613507 -0.001927
v -0.164729 0.354172 -0.136983
v -0.144622 0.182417 -0.010629
v 0.176060 0.123214 0.001717
v 0.155706 0.057612 -0.085751
v -0.011548 0.716533 0.069681
v -0.161249 0.409319 -0.061395
v -0.085601 0.466568 0.073736
v 0.247133 0.468942 0.075725
v 0.323219 0.399884 0.086344
v 0.030885 0.706289 0.062384
v 0.031295 0.566119 0.011027
v 0.037279 0.345696 0.078008
v 0.024093 0.408503 0.163285
v -0.159041 0.290998 -0.090034
v 0.092633 0.674729 0.053570
v -0.241936 0.515246 0.062510
v 0.026545 0.712079 0.127919
v 0.149449 0.267806 -0.083032
v 0.157597 0.068122 0.026229
v -0.306778 0.404438 0.052287
v -0.071398 0.692515 0.129786
v -0.071592 0.365263 0.121297
v 0.030019 0.386744 0.021844
v 0.340493 0.386947 0.063475
v -0.187177 0.194651 -0.047839
v 0.095482 0.702603 0.117450
v -0.335403 0.388858 0.060833
v -0.025277 0.712216 0.066411
v 0.023047 0.663077 0.027598
v 0.168267 0.388072 -0.109109
v 0.031809 0.676689 0.041416
v -0.180314 0.317229 -0.052279
v 0.023417 0.736042 0.087596
v -0.312949 0.414898 0.059698
v 0.171800 0.193034 -0.056439
v 0.149196 0.070249 0.023593
v 0.330469 0.398530 0.059885
v -0.210195 0.338563 -0.095171
v 0.242577 0.487068 0.054608
v -0.253726 0.473109 0.053563
v 0.165844 0.287349 -0.033312
v 0.176581 0.137763 -0.009397
v 0.316565 0.410190 0.092725
v 0.180411 0.584411 0.064191
v 0.157119 0.608581 0.108876
v -0.139114 0.586995 0.073374
v -0.013556 0.735936 0.114275
v -0.163834 0.569376 0.061596
v -0.151512 0.624628 0.107238
v 0.218115 0.499588 0.083878
v -0.316565 0.410190 0.092725
v -0.023614 0.507806 0.122720
v 0.029506 0.722475 0.073978
v -0.155066 0.628015 0.099395
v 0.164736 0.343021 -0.135107
v -0.031701 0.726209 0.074911
v -0.017959 0.592241 0.002769
v 0.083529 0.647830 0.089696
v -0.020573 0.685572 0.046546
v -0.072616 0.479879 0.096021
v 0.066551 0.385484 0.142060
v 0.021837 0.645391 0.135037
v 0.092277 0.689331 0.054322
v 0.049103 0.710659 0.066825
v -0.003734 0.392408 0.027902
v 0.026523 0.450768 0.158123
v 0.219982 0.498549 0.064228
v 0.175893 0.603768 0.088546
v -0.070370 0.572195 0.064943
v -0.142403 0.078067 -0.002738
v -0.173130 0.079112 -0.006444
v -0.165236 0.080114 -0.039668
v 0.174097 0.102145 -0.013409
v -0.234348 0.480955 0.068240
v -0.151040 0.124456 0.025740
v 0.337112 0.392211 0.062335
v 0.137278 0.100396 -0.013600
v 0.164441 0.262605 -0.025964
v 0.065268 0.404407 0.149182
v 0.332839 0.398672 0.090916
v -0.029894 0.731754 0.087438
v -0.056778 0.708790 0.063275
v -0.074132 0.645407 0.053333
v -0.161200 0.136395 0.017881
v -0.067511 0.558097 0.067992
v -0.199225 0.224663 -0.060439
v 0.205253 0.310265 -0.083167
v 0.255732 0.476658 0.086498
v -0.149545 0.347487 -0.117906
v 0.170691 0.207364 -0.014658
v 0.190958 0.524720 0.072531
v 0.343058 0.382486 0.064406
v 0.148024 0.045484 -0.079116
v 0.076391 0.720030 0.078567
v 0.033397 0.734850 0.094389
v 0.177274 0.100416 0.012415
v 0.070326 0.602433 0.032144
v 0.195245 0.312455 -0.059408
v 0.091000 0.680948 0.125900
v -0.266142 0.482627 0.077912
v 0.154828 0.086222 -0.043521
v 0.067634 0.726542 0.102195
v 0.000000 0.708160 0.129969
v -0.164858 0.042991 -0.052476
v -0.026783 0.700868 0.058387
v 0.025014 0.652232 0.018903
v -0.069517 0.386170 0.143680
v 0.048002 0.719960 0.078540
v 0.159613 0.389714 -0.114105
v -0.256744 0.496619 0.080255
v -0.153438 0.068685 0.019935
v 0.162469 0.069858 0.024281
v -0.161882 0.172777 -0.053680
v -0.159702 0.362554 -0.134395
v -0.185489 0.346092 -0.077353
v -0.145392 0.134327 0.012243
v -0.015681 0.716913 0.070560
v 0.146436 0.618014 0.059987
v 0.031768 0.715628 0.070080
v 0.074989 0.645988 0.119743
v 0.142952 0.301018 -0.056748
v 0.175500 0.381230 -0.111006
v -0.206927 0.351851 -0.119809
v -0.200045 0.558393 0.062485
v -0.068296 0.485884 0.107857
v -0.132085 0.600657 0.066844
v 0.303401 0.431589 0.047464
v -0.056525 0.714449 0.071670
v 0.056251 0.669008 0.132196
v 0.059479 0.684040 0.052030
v -0.304741 0.444263 0.060062
v -0.169636 0.187071 -0.007108
v -0.150374 0.310653 -0.083121
v 0.180607 0.367507 -0.123575
v -0.156413 0.073244 -0.052931
v -0.009597 0.463767 0.028524
v 0.230551 0.535714 0.082446
v 0.150324 0.079277 0.002390
v 0.042131 0.649243 0.132775
v -0.148629 0.359250 -0.122822
v -0.181637 0.387659 -0.051654
v 0.173232 0.577485 0.059269
v 0.153467 0.357945 -0.134955
v 0.329361 0.385749 0.061593
v -0.047845 0.694185 0.132168
v 0.178499 0.175888 -0.038226
v 0.202738 0.253882 -0.067603
v 0.147883 0.243793 -0.070738
v -0.216600 0.291382 -0.075094
v -0.158214 0.564964 0.072746
v 0.319064 0.404422 0.089166
v -0.070169 0.484693 0.099314
v 0.035286 0.469885 0.036343
v -0.011371 0.710371 0.064838
v -0.038886 0.688495 0.051642
v -0.219225 0.547546 0.069500
v -0.207090 0.539792 0.103780
v 0.194154 0.527694 0.062818
v 0.266166 0.480735 0.056600
v 0.077964 0.719329 0.111147
v 0.050737 0.575590 0.020485
v 0.130920 0.388236 -0.100447
v -0.142398 0.170869 -0.041516
v -0.035965 0.725101 0.121116
v 0.055898 0.599996 0.012260
v -0.013146 0.756917 0.107527
v 0.316810 0.434031 0.064804
v -0.013239 0.692707 0.051181
v 0.325606 0.396347 0.089194
v 0.067800 0.722232 0.112075
v -0.041951 0.737115 0.097823
v -0.067800 0.722232 0.112075
v 0.016241 0.565408 0.007102
v -0.024851 0.742948 0.099859
v 0.159081 0.350340 -0.135756
v -0.315351 0.428281 0.092412
v -0.055080 0.725681 0.113183
v 0.073347 0.699608 0.055278
v 0.048309 0.584820 0.016856
v -0.172623 0.390935 -0.119978
v 0.164565 0.361949 -0.133724
v 0.159761 0.066386 0.017229
v 0.328971 0.413246 0.080915
v 0.330205 0.381666 0.059023
v 0.265666 0.444148 0.048902
v -0.021837 0.754165 0.097451
v -0.046199 0.470014 0.046061
v -0.060470 0.507762 0.057937
v 0.150694 0.250652 -0.026692
v -0.065275 0.578384 0.089907
v 0.044073 0.714222 0.071280
v 0.133748 0.402264 -0.085599
v 0.036802 0.735946 0.099619
v -0.050356 0.463032 0.043288
v 0.163653 0.071090 0.016813
v -0.243462 0.475219 0.080771
v 0.321842 0.403179 0.060985
v 0.138272 0.160343 -0.013884
v 0.176107 0.361465 -0.130202
v -0.052092 0.581591 0.106244
v 0.328029 0.397377 0.092098
v -0.125890 0.047166 -0.049762
v 0.056525 0.714449 0.071670
v 0.299264 0.425972 0.045579
v -0.019365 0.733991 0.082071
v 0.149988 0.210694 -0.018098
v 0.159799 0.408831 -0.061433
v -0.127022 0.045715 -0.062688
v -0.065049 0.508929 0.078708
v -0.000110 0.473666 0.144678
v 0.185164 0.208605 -0.058138
v -0.171485 0.088466 0.019432
v -0.142748 0.086465 0.017644
v -0.050784 0.717031 0.075816
v 0.155127 0.322295 -0.129134
v -0.155011 0.151690 0.007271
v 0.045241 0.474654 0.142436
v -0.005066 0.407493 0.019244
v 0.011530 0.464060 0.028403
v -0.251377 0.494584 0.088082
v 0.035122 0.682396 0.046759
v 0.136822 0.117075 -0.009902
v -0.025322 0.479300 0.142138
v -0.067967 0.489789 0.087098
v -0.337482 0.387852 0.080563
v 0.160780 0.066362 0.021646
v -0.022225 0.744264 0.104470
v -0.141622 0.615628 0.109284
v -0.150285 0.110813 0.032928
v 0.137030 0.122998 0.001250
v 0.158962 0.043232 -0.041719
v 0.179461 0.072174 -0.027390
v 0.270399 0.447191 0.046151
v 0.332885 0.407360 0.077844
v 0.071663 0.659336 0.127645
v 0.056944 0.573733 0.099098
v 0.016106 0.577409 0.115307
v -0.198866 0.566137 0.068186
v 0.141055 0.389738 -0.105486
v -0.143185 0.180085 -0.033671
v 0.301499 0.447065 0.084353
v -0.150409 0.105518 0.033882
v 0.136716 0.057532 -0.067000
v -0.071590 0.656031 0.050198
v 0.145783 0.400811 -0.090159
v 0.013450 0.463939 0.151395
v -0.032815 0.717618 0.125243
v -0.008377 0.504366 0.015776
v 0.066324 0.705883 0.059504
v 0.239886 0.513813 0.090077
v 0.177289 0.106079 0.003343
v -0.017749 0.748394 0.105337
v 0.162839 0.614188 0.102639
v -0.068851 0.635518 0.029931
v 0.137585 0.138402 -0.012166
v -0.044073 0.714222 0.071280
v 0.064518 0.345403 0.077513
v -0.133622 0.646187 0.109382
v 0.176481 0.551065 0.096745
v 0.174033 0.602581 0.097207
v -0.155426 0.067559 0.017305
v -0.221248 0.548565 0.080154
v 0.019290 0.718854 0.072382
v 0.326516 0.418699 0.076691
v -0.030161 0.686963 0.049166
v 0.045263 0.683735 0.049957
v 0.041150 0.574278 0.109273
v -0.049745 0.703857 0.060952
v -0.192151 0.561702 0.061104
v -0.083747 0.652554 0.065975
v -0.337188 0.387619 0.077072
v -0.329300 0.401845 0.084019
v -0.233914 0.508932 0.054115
v -0.214092 0.544670 0.098121
v 0.230354 0.536331 0.072913
v 0.142402 0.043023 -0.065006
v 0.032949 0.731475 0.115988
v -0.158486 0.068405 0.019864
v -0.145673 0.355282 -0.109296
v 0.328764 0.411932 0.073779
v -0.014426 0.725788 0.074748
v 0.205805 0.279598 -0.076810
v 0.215466 0.525606 0.054888
v 0.201284 0.331576 -0.100359
v 0.059422 0.654078 0.129251
v -0.225066 0.502979 0.057339
v -0.138073 0.077639 -0.013410
v 0.321751 0.394578 0.060888
v 0.139511 0.043981 -0.052309
v -0.137565 0.650137 0.102178
v -0.179682 0.154777 -0.025907
v -0.046990 0.728580 0.113494
v -0.073665 0.704637 0.125980
v 0.185878 0.559091 0.105382
v 0.130848 0.635218 0.060480
v 0.118141 0.617299 0.068854
v 0.040375 0.678461 0.045314
v 0.004315 0.713561 0.067306
v 0.159931 0.609929 0.063392
v -0.290441 0.423400 0.067285
v -0.335480 0.390293 0.074718
v 0.338657 0.392972 0.069336
v -0.168438 0.297099 -0.100773
v 0.170613 0.353204 -0.134069
v -0.321780 0.412296 0.058106
v 0.026783 0.700868 0.058387
v 0.189675 0.343378 -0.086200
v 0.031665 0.737618 0.108507
v 0.037315 0.465246 0.038743
v 0.158167 0.065274 0.018736
v 0.052915 0.678297 0.048996
v -0.200997 0.514314 0.078673
v -0.323269 0.405639 0.083993
v -0.086289 0.656046 0.059470
v -0.319035 0.391926 0.053629
v 0.264521 0.488160 0.066088
v 0.139260 0.069511 -0.027823
v 0.053646 0.716290 0.123620
v -0.026428 0.380481 0.020914
v 0.038080 0.460175 0.038165
v 0.138164 0.351689 -0.114800
v 0.169505 0.370875 -0.128769
v -0.059707 0.598100 0.018005
v 0.050784 0.717031 0.075816
v 0.169807 0.598998 0.105585
v 0.123808 0.625191 0.059914
v 0.000000 0.654101 0.136279
v -0.022017 0.752096 0.090832
v -0.038559 0.606212 0.000456
v -0.047621 0.593217 0.011054
v -0.010368 0.747874 0.108801
v 0.261352 0.486240 0.056759
v -0.157078 0.628866 0.090924
v 0.163364 0.068226 0.020458
v -0.339799 0.389128 0.075871
v -0.243294 0.490932 0.091360
v 0.039786 0.410790 0.160137
v -0.019056 0.745933 0.083296
v -0.009244 0.721853 0.071648
v -0.167294 0.395604 -0.107190
v 0.224041 0.504374 0.094424
v 0.057920 0.457557 0.039220
v 0.036094 0.733862 0.086289
v -0.073320 0.472556 0.115619
v -0.125204 0.634722 0.110302
v -0.070628 0.581495 0.077513
v -0.039200 0.620073 -0.000846
v -0.139315 0.081914 -0.003524
v 0.323224 0.400009 0.091663
v -0.040213 0.735829 0.100837
v -0.014813 0.557720 0.111110
v -0.266320 0.483559 0.061666
v -0.283512 0.436426 0.087057
v -0.322774 0.418185 0.092798
v -0.036292 0.591724 0.006925
v -0.139371 0.159405 -0.026051
v 0.232751 0.510144 0.096328
v 0.181889 0.587599 0.099839
v 0.257622 0.453133 0.062798
v 0.291937 0.442992 0.090518
v -0.208113 0.356891 -0.109094
v -0.288867 0.393622 0.036268
v 0.304227 0.422260 0.089056
v 0.140730 0.320002 -0.104196
v 0.013199 0.479738 0.141444
v 0.213913 0.556331 0.075861
v 0.081208 0.635771 0.090714
v 0.043084 0.727702 0.089698
v 0.162669 0.227505 -0.018002
v -0.067012 0.568565 0.078624
v 0.092311 0.693175 0.123792
v -0.018990 0.756082 0.103532
v 0.094740 0.364113 0.082198
v 0.314723 0.414695 0.071385
v -0.030373 0.660147 0.026903
v 0.028957 0.356761 0.049766
v -0.287334 0.417632 0.044356
v -0.041127 0.481371 0.038754
v -0.079890 0.467055 0.055646
v -0.027511 0.424573 0.163943
v 0.162080 0.392370 -0.106696
v 0.318631 0.424551 0.056246
v -0.066476 0.691403 0.053494
v 0.043896 0.487067 0.135275
v -0.174347 0.083162 0.001086
v -0.040861 0.524064 0.111372
v 0.224498 0.532259 0.060999
v 0.252038 0.460174 0.063186
v 0.031419 0.582432 0.114985
v 0.333095 0.398556 0.086073
v 0.000000 0.564968 0.005766
v -0.101286 0.407926 0.116346
v -0.176672 0.094377 0.018702
v 0.074270 0.450102 0.015013
v -0.322516 0.405865 0.094041
v 0.076852 0.722503 0.090224
v 0.000002 0.514121 0.013332
v 0.200102 0.329970 -0.086534
v -0.321960 0.424089 0.088954
v 0.259508 0.454145 0.073893
v -0.060726 0.465455 0.046789
v -0.324889 0.418174 0.085691
v 0.339588 0.378810 0.069975
v -0.319064 0.404422 0.089166
v -0.021324 0.636215 0.005243
v 0.185926 0.576126 0.102553
v -0.169128 0.083110 0.015831
v -0.157794 0.378629 -0.128082
v -0.021953 0.792154 0.108973
v -0.325606 0.396347 0.089194
v 0.256153 0.458748 0.075606
v -0.056520 0.465321 0.046407
v 0.178730 0.043692 -0.050070
v -0.147541 0.070666 0.021672
v -0.079413 0.633079 0.078843
v -0.105809 0.625614 0.084092
v -0.104208 0.397992 0.107930
v -0.328029 0.397377 0.092098
v -0.066538 0.604226 0.021753
v -0.107883 0.630565 0.100024
v -0.318703 0.415804 0.083459
v 0.065275 0.578384 0.089907
v -0.191601 0.348575 -0.087749
v 0.089530 0.663493 0.055263
v 0.252136 0.460491 0.071021
v -0.043078 0.455468 0.038869
v -0.328482 0.397192 0.085082
v -0.141330 0.164780 -0.012396
v -0.200769 0.363016 -0.095845
v 0.144400 0.309854 -0.105916
v -0.322692 0.412139 0.094765
v 0.093662 0.650677 0.061909
v -0.315275 0.420819 0.083600
v 0.178335 0.060037 -0.022207
v 0.150092 0.281187 -0.035304
v 0.014757 0.358544 0.102848
v 0.312005 0.414877 0.089325
v 0.249863 0.465010 0.075795
v -0.014210 0.733652 0.116155
v -0.033397 0.734850 0.094389
v 0.315351 0.428281 0.092412
v 0.052092 0.581591 0.106244
v 0.000000 0.586915 0.119606
v -0.066318 0.489490 0.077389
v 0.073226 0.588308 0.066345
v -0.049103 0.710659 0.066825
v -0.317383 0.434433 0.078563
v -0.312560 0.421843 0.083486
v 0.030802 0.734784 0.094810
v -0.158644 0.070560 0.024045
v -0.062814 0.552816 0.083049
v 0.000000 0.680368 0.135920
v -0.105460 0.360352 0.063198
v 0.127284 0.346405 -0.005610
v 0.195471 0.304767 -0.102322
v 0.070370 0.572195 0.064943
v -0.024281 0.737039 0.112341
v -0.165233 0.345056 -0.093741
v -0.010947 0.747742 0.071283
v 0.022332 0.729762 0.081826
v 0.025727 0.630090 0.001091
v 0.152300 0.407824 -0.075599
v -0.022766 0.777593 0.080317
v -0.030086 0.727853 0.080292
v 0.034491 0.599045 0.121111
v 0.008315 0.613701 -0.000892
v -0.013571 0.793520 0.114760
v 0.025059 0.491021 0.135126
v 0.095668 0.638673 0.083857
v 0.155296 0.068900 0.026900
v -0.006506 0.759989 0.064765
v 0.166675 0.360657 -0.022869
v -0.150302 0.068909 0.015646
v 0.071230 0.492784 0.084475
v 0.024912 0.558478 0.009676
v -0.201537 0.560445 0.098050
v 0.338730 0.378462 0.066498
v 0.047845 0.694185 0.132168
v 0.010602 0.596885 0.001144
v 0.057176 0.477210 0.052323
v 0.058009 0.450776 0.148731
v -0.014909 0.679276 0.040354
v 0.057663 0.594787 0.108374
v 0.176270 0.381874 -0.052310
v 0.108056 0.456642 0.029187
v -0.038758 0.631253 0.003356
v -0.161173 0.072791 0.014633
v -0.026677 0.786295 0.090554
v 0.064455 0.607416 0.016576
v -0.206761 0.562381 0.088736
v -0.140364 0.650710 0.093478
v 0.316847 0.434898 0.072374
v 0.342263 0.379912 0.064746
v 0.029921 0.682516 0.135051
v 0.306778 0.404438 0.052287
v -0.332839 0.398672 0.090916
v -0.139030 0.139554 -0.023707
v 0.130680 0.377226 -0.110505
v -0.320791 0.422074 0.083354
v -0.324688 0.411961 0.083437
v -0.033525 0.454029 0.035615
v -0.015558 0.667695 0.030138
v -0.046580 0.461594 0.147913
v -0.112678 0.637745 0.060372
v 0.052165 0.561149 0.022807
v -0.182955 0.358966 -0.046905
v 0.149108 0.176890 -0.044804
v 0.151292 0.301066 -0.105362
v -0.020689 0.707306 0.062557
v 0.026917 0.732893 0.088096
v -0.000000 0.710441 0.065499
v 0.156002 0.336741 -0.074772
v 0.180672 0.372393 -0.074565
v 0.107784 0.352990 0.026742
v 0.016822 0.721306 0.073370
v 0.157365 0.253796 -0.082527
v 0.093496 0.425556 -0.033230
v 0.311016 0.421604 0.095255
v 0.020839 0.475981 0.027599
v 0.053666 0.457853 0.040416
v 0.075463 0.457432 0.026549
v -0.316904 0.409929 0.085851
v 0.142387 0.165978 -0.042851
v -0.148297 0.246835 -0.038805
v -0.093662 0.650677 0.061909
v -0.063174 0.425748 0.153649
v -0.066860 0.678013 0.050510
v 0.089803 0.466313 0.100542
v -0.140184 0.176143 -0.024991
v 0.028475 0.739493 0.102452
v 0.001330 0.445397 0.025686
v 0.153185 0.066149 0.016470
v -0.199518 0.319005 -0.114915
v -0.310176 0.407814 0.060262
v -0.035632 0.734777 0.093805
v -0.210855 0.541838 0.058267
v -0.163132 0.074934 0.018964
v 0.184597 0.358892 -0.081855
v 0.046967 0.463366 0.146756
v 0.284429 0.392708 0.039722
v 0.178070 0.076278 -0.013178
v 0.160194 0.068438 0.025823
v 0.179176 0.047840 -0.042058
v 0.146797 0.107926 0.033801
v 0.168472 0.042503 -0.051370
v 0.255249 0.456371 0.067243
v -0.156315 0.628384 0.080270
v 0.077627 0.722510 0.100582
v 0.099232 0.640529 0.102066
v -0.160950 0.076824 0.023280
v 0.065679 0.479514 0.128511
v -0.323219 0.399884 0.086344
v 0.178233 0.048276 -0.032463
v 0.054268 0.729815 0.102812
v -0.174871 0.394214 -0.109852
v -0.024788 0.363467 0.126403
v -0.151140 0.167569 -0.055034
v 0.168653 0.046829 -0.032203
v -0.184595 0.390175 -0.111904
v 0.157220 0.397090 -0.093039
v 0.151977 0.415382 0.022408
v 0.086289 0.656046 0.059470
v 0.249292 0.463083 0.067294
v -0.148831 0.274734 -0.048466
v 0.032853 0.448971 0.031747
v 0.043090 0.482372 0.038323
v -0.002359 0.731606 0.070966
v -0.153992 0.071514 0.025716
v 0.053551 0.473118 0.140557
v -0.015713 0.711040 0.065158
v -0.040700 0.731755 0.095574
v 0.188814 0.275150 -0.094448
v -0.012705 0.501241 0.127346
v 0.018233 0.739221 0.111256
v 0.185594 0.250674 -0.083795
v -0.123808 0.625191 0.059914
v 0.261470 0.456544 0.079526
v 0.067519 0.558151 0.068321
v -0.111067 0.620976 0.076743
v 0.045162 0.438088 0.015571
v 0.140364 0.650710 0.093478
v -0.286871 0.428253 0.075017
v 0.078590 0.638552 0.069166
v 0.008618 0.558221 0.006785
v 0.028717 0.738675 0.106180
v 0.185083 0.326153 -0.121441
v 0.316239 0.416145 0.095251
v 0.306538 0.425394 0.094780
v -0.168457 0.385241 -0.128921
v -0.130848 0.635218 0.060480
v -0.165773 0.086784 0.023543
v -0.029025 0.731651 0.087869
v 0.000000 0.603258 0.126179
v -0.069174 0.474696 0.122941
v -0.029506 0.722475 0.073978
v -0.014858 0.729639 0.120157
v -0.115435 0.627332 0.063516
v -0.181436 0.157772 -0.017217
v -0.021828 0.674341 0.037085
v -0.068307 0.491083 0.094622
v -0.174584 0.348183 -0.084734
v -0.092931 0.643263 0.096428
v 0.165737 0.392374 -0.099061
v 0.159905 0.369060 0.000518
v -0.153417 0.067297 0.016284
v -0.026120 0.789276 0.099868
v 0.066993 0.487296 0.068070
v 0.062039 0.456981 0.036579
v -0.164779 0.392963 -0.114704
v -0.065135 0.496100 0.068541
v 0.155872 0.115461 0.035330
v 0.021842 0.448172 0.029033
v 0.202241 0.535215 0.056158
v -0.135312 0.062704 -0.021916
v 0.079986 0.463552 0.041893
v -0.021252 0.461225 0.033428
v -0.118889 0.649561 0.060524
v 0.178837 0.348818 -0.071979
v 0.026166 0.427483 0.165103
v -0.328609 0.402115 0.093484
v 0.286731 0.396000 0.040959
v 0.125204 0.634722 0.110302
v 0.045637 0.568028 0.017623
v -0.005682 0.436272 0.021092
v 0.162355 0.067294 0.022876
v -0.301823 0.441077 0.052319
v -0.042597 0.706883 0.063504
v 0.139993 0.358953 0.013050
v -0.165464 0.078234 0.014585
v -0.015249 0.766110 0.070110
v -0.078590 0.638552 0.069166
v 0.107628 0.416769 -0.054678
v -0.110045 0.350890 -0.044612
v -0.090926 0.646677 0.072878
v 0.090703 0.467552 0.088051
v 0.083747 0.652554 0.065975
v -0.138361 0.059056 -0.020975
v -0.077964 0.719329 0.111147
v -0.026861 0.723242 0.075554
v -0.152051 0.328653 -0.113116
v -0.198020 0.572615 0.088553
v 0.159932 0.275791 -0.094001
v -0.323707 0.387906 0.058428
v 0.023167 0.738443 0.110560
v -0.308712 0.419020 0.085309
v -0.330205 0.381666 0.059023
v -0.064102 0.474905 0.130011
v -0.019414 0.475498 0.027838
v -0.020544 0.733750 0.116931
v 0.000000 0.596909 0.000548
v -0.110707 0.383370 0.085774
v -0.148093 0.238618 -0.054369
v -0.069206 0.458372 0.135695
v 0.052102 0.422698 0.004844
v -0.031821 0.625041 -0.001190
v 0.180098 0.222836 -0.070229
v -0.276595 0.424898 0.040025
v -0.023816 0.740857 0.092309
v -0.267739 0.426487 0.054127
v -0.057392 0.449903 0.148404
v 0.017108 0.592692 0.121329
v 0.061213 0.636096 0.020074
v -0.106684 0.390176 0.098212
v -0.032949 0.731475 0.115988
v 0.036204 0.454829 0.036017
v -0.017840 0.356887 0.103135
v 0.150873 0.297072 -0.042971
v 0.012120 0.420110 0.166659
v 0.065589 0.467169 0.049679
v 0.137299 0.644053 0.068551
v -0.024700 0.593540 0.003230
v 0.027201 0.727242 0.080512
v -0.016008 0.371397 0.134811
v -0.147681 0.073440 0.023170
v -0.270327 0.431174 0.043788
v 0.057666 0.490539 0.051022
v 0.004419 0.604870 -0.000347
v 0.155236 0.065847 -0.011027
v 0.158232 0.070764 0.026741
v -0.076054 0.627458 0.053738
v -0.158065 0.321034 -0.114603
v -0.052903 0.468242 0.142194
v 0.159568 0.392237 0.012409
v -0.036094 0.733862 0.086289
v -0.036802 0.735946 0.099619
v -0.159832 0.109488 0.036588
v -0.176003 0.101050 0.025504
v 0.029255 0.489439 0.027989
v 0.062316 0.586585 0.099284
v 0.106375 0.660951 0.057440
v 0.010876 0.453078 0.028755
v -0.323771 0.393794 0.049362
v -0.330996 0.397249 0.052727
v 0.313901 0.398731 0.056970
v 0.323269 0.405639 0.083993
v -0.080117 0.383370 -0.034829
v 0.023013 0.458357 0.032638
v 0.046858 0.494566 0.038733
v -0.033130 0.737460 0.105086
v -0.196350 0.306651 -0.047265
v 0.051176 0.705697 0.128808
v -0.019735 0.600165 0.000333
v 0.039880 0.559935 0.015189
v 0.140702 0.648680 0.081645
v -0.071146 0.671011 0.049800
v -0.072589 0.363969 -0.016442
v 0.054307 0.448902 0.024732
v 0.326458 0.383362 0.055541
v -0.053760 0.359835 0.121060
v -0.314723 0.414695 0.071385
v -0.147228 0.138058 -0.036690
v -0.206298 0.561912 0.071847
v 0.174658 0.384812 -0.098483
v 0.137735 0.090053 0.000912
v -0.077040 0.613815 0.077372
v -0.146210 0.206318 -0.040742
v 0.096120 0.683303 0.055687
v -0.017656 0.754848 0.077303
v -0.023969 0.390958 0.159771
v -0.018606 0.614193 -0.001856
v 0.034252 0.498451 0.129356
v -0.007339 0.440311 0.023989
v 0.027342 0.737879 0.109508
v -0.207977 0.563101 0.081111
v 0.025119 0.727479 0.081532
v 0.175499 0.554763 0.062283
v -0.055406 0.489609 0.051284
v -0.074079 0.596896 0.077619
v 0.095594 0.694291 0.058141
v 0.276877 0.425903 0.057260
v 0.009237 0.486261 0.020586
v -0.169897 0.323963 -0.127103
v 0.074515 0.724250 0.099691
v 0.139655 0.173004 -0.036929
v -0.159109 0.067764 0.017594
v 0.133622 0.646187 0.109382
v 0.073755 0.604622 0.088847
v -0.092659 0.365669 -0.040429
v 0.175493 0.087849 0.017260
v -0.141094 0.070315 -0.011216
v 0.317383 0.434433 0.078563
v -0.097693 0.651174 0.112327
v -0.082245 0.650395 0.074508
v -0.312005 0.414877 0.089325
v 0.287032 0.430548 0.042864
v -0.051280 0.445709 0.026334
v -0.055327 0.380866 0.146990
v -0.194993 0.556067 0.104157
v -0.321751 0.394578 0.060888
v -0.152251 0.285485 -0.076900
v 0.025202 0.740190 0.107175
v 0.026861 0.723242 0.075554
v -0.122880 0.606521 0.091534
v -0.160289 0.069186 0.020874
v 0.074832 0.722417 0.106087
v 0.076304 0.725111 0.089450
v 0.152598 0.070915 0.026526
v 0.000576 0.473480 0.023840
v -0.150012 0.264810 -0.066454
v -0.030677 0.737528 0.107788
v 0.171838 0.390822 -0.067134
v 0.097141 0.666570 0.055814
v 0.161746 0.065831 0.019476
v 0.149149 0.068228 0.019225
v 0.177100 0.091733 0.015731
v -0.088437 0.434181 0.127960
v 0.136577 0.098965 0.011479
v -0.123430 0.662199 0.067263
v -0.343202 0.380562 0.070210
v 0.055346 0.583210 0.023307
v -0.207386 0.335896 -0.116397
v 0.148371 0.345809 -0.135233
v 0.175793 0.043366 -0.041349
v -0.075920 0.723576 0.084156
v -0.097262 0.700749 0.063299
v -0.169378 0.108943 0.031542
v -0.011769 0.705361 0.060662
v 0.156340 0.064838 0.017484
v 0.104592 0.655840 0.115694
v -0.300843 0.411177 0.056340
v -0.016246 0.733479 0.078741
v -0.006095 0.742402 0.111432
v 0.011777 0.458696 0.029923
v -0.033816 0.395811 0.008131
v -0.273170 0.421034 0.053639
v 0.329300 0.401845 0.084019
v 0.139349 0.088138 -0.008571
v 0.017381 0.700083 0.057072
v 0.193253 0.580066 0.085320
v -0.031331 0.722243 0.123297
v 0.020786 0.723557 0.076334
v 0.023752 0.507653 0.123502
v -0.189822 0.311635 -0.114337
v -0.096120 0.683303 0.055687
v 0.066434 0.620533 0.016567
v -0.175644 0.325053 -0.130738
v 0.322774 0.418185 0.092798
v 0.149829 0.134282 -0.036433
v -0.333095 0.398556 0.086073
v 0.174092 0.100764 0.029760
v -0.150053 0.294307 -0.057486
v -0.137299 0.644053 0.068551
v 0.138107 0.055799 -0.035674
v 0.000051 0.495400 0.017035
v -0.048661 0.455983 0.039279
v -0.140702 0.648680 0.081645
v -0.067411 0.359515 0.108426
v 0.165056 0.328572 -0.132079
v -0.150351 0.045100 -0.076550
v -0.135632 0.091866 -0.007683
v -0.016268 0.655476 0.019999
v 0.073223 0.418430 0.147323
v 0.025013 0.736625 0.113590
v 0.288867 0.393622 0.036268
v 0.144683 0.402058 0.038737
v 0.253887 0.464059 0.079673
v -0.304227 0.422260 0.089056
v 0.076620 0.724555 0.095036
v -0.167538 0.312673 -0.112723
v 0.317115 0.431262 0.058571
v 0.266142 0.482627 0.077912
v -0.168548 0.103793 0.032522
v -0.197692 0.212846 -0.044667
v -0.194153 0.527694 0.062818
v 0.144218 0.638184 0.104719
v 0.108862 0.680068 0.116876
v 0.006277 0.699899 0.056167
v 0.172856 0.264325 -0.091300
v 0.174845 0.330149 -0.129493
v 0.180280 0.361868 -0.062075
v 0.139366 0.414819 -0.068797
v 0.091180 0.467055 0.077112
v -0.165041 0.080901 0.020261
v 0.297826 0.414295 0.057303
v -0.073190 0.721565 0.079998
v 0.272951 0.429754 0.061950
v 0.074547 0.726243 0.094905
v -0.170349 0.349526 -0.090011
v 0.169241 0.238024 -0.078294
v 0.078563 0.362467 0.110104
v 0.328482 0.397192 0.085082
v -0.177068 0.342397 -0.084906
v -0.003951 0.744268 0.068131
v 0.145513 0.379512 0.027716
v -0.279596 0.431339 0.076052
v 0.285907 0.392345 0.036070
v -0.344593 0.380421 0.067015
v -0.020195 0.380989 0.148923
v -0.027678 0.720420 0.073244
v 0.074132 0.645407 0.053333
v -0.095759 0.351391 -0.021630
v 0.210855 0.541838 0.058267
v -0.151478 0.073782 0.025638
v 0.308156 0.420512 0.092787
v -0.017381 0.700083 0.057072
v -0.042531 0.508522 0.031858
v 0.040041 0.734229 0.100075
v 0.200463 0.314554 -0.099399
v -0.141921 0.070372 -0.067858
v 0.174758 0.284148 -0.100869
v -0.138523 0.116786 0.014191
v 0.071011 0.489611 0.106012
v -0.147290 0.256724 -0.052800
v -0.061363 0.462811 0.139649
v -0.146877 0.071403 0.018864
v -0.291937 0.442992 0.090518
v -0.330469 0.398530 0.059885
v 0.140512 0.180540 -0.022529
v 0.319035 0.391926 0.053629
v 0.071590 0.656031 0.050198
v 0.118609 0.386439 -0.091229
v 0.082245 0.650395 0.074508
v 0.141253 0.175348 -0.035271
v -0.047672 0.353804 0.104488
v 0.147933 0.364665 -0.132739
v 0.261773 0.480000 0.084323
v 0.192072 0.577587 0.093773
v -0.021092 0.630399 0.132791
v -0.055346 0.583210 0.023307
v 0.045085 0.589043 0.113383
v 0.283512 0.436426 0.087057
v -0.101223 0.426043 0.113019
v -0.323224 0.400009 0.091663
v -0.042493 0.363787 0.132292
v 0.137378 0.341098 -0.029728
v -0.046277 0.626510 0.003309
v -0.135437 0.094082 0.001838
v 0.000000 0.612954 -0.000482
v 0.180278 0.057284 -0.035161
v -0.020066 0.735313 0.115070
v -0.195526 0.355183 -0.085090
v -0.000547 0.430449 0.165585
v 0.085048 0.467068 0.058286
v 0.078179 0.623372 0.089918
v -0.214956 0.302931 -0.069340
v -0.096226 0.419705 0.123089
v 0.138519 0.179349 -0.021461
v -0.068589 0.497537 0.088364
v -0.029053 0.735967 0.112868
v -0.158838 0.585138 0.058901
v -0.001120 0.373748 0.133721
v 0.139870 0.108694 0.024411
v -0.014361 0.719632 0.125307
v -0.100154 0.688327 0.061373
v 0.001749 0.374962 0.047827
v -0.320131 0.427903 0.085095
v -0.004582 0.432416 0.018960
v -0.170541 0.189794 -0.011142
v -0.096822 0.694355 0.120671
v 0.165575 0.102729 0.035774
v 0.153449 0.338091 -0.135067
v 0.260464 0.456299 0.053964
v -0.039880 0.559935 0.015189
v -0.146544 0.226536 -0.040170
v 0.083956 0.433772 0.136977
v 0.002507 0.366463 0.075072
v -0.190958 0.524720 0.072531
v 0.067449 0.726183 0.089788
v -0.255732 0.476658 0.086498
v 0.011076 0.448315 0.027187
v 0.343202 0.380562 0.070210
v -0.037178 0.407954 0.007148
v -0.107880 0.629778 0.069629
v 0.164284 0.397259 -0.080407
v 0.011819 0.380323 0.036703
v 0.290422 0.458864 0.073022
v -0.059741 0.726235 0.108086
v -0.001273 0.367168 0.076994
v 0.270327 0.431174 0.043788
v -0.008114 0.661755 0.024090
v -0.083528 0.647830 0.089696
v 0.010882 0.443840 0.025305
v 0.285031 0.413332 0.046961
v 0.279252 0.399302 0.044071
v -0.095594 0.694291 0.058141
v 0.075396 0.428312 -0.010352
v -0.001317 0.375224 0.048476
v 0.001166 0.455520 0.028594
v 0.279642 0.399707 0.040333
v 0.011769 0.705361 0.060662
v 0.154810 0.187290 -0.009404
v 0.164505 0.210429 -0.064137
v 0.080120 0.637439 0.079446
v 0.043451 0.639622 0.011723
v 0.041496 0.668072 0.037562
v -0.246942 0.467203 0.067524
v 0.184967 0.590071 0.090999
v -0.028552 0.726903 0.120892
v 0.077728 0.641639 0.063706
v -0.012321 0.640420 0.008546
v 0.020689 0.707306 0.062557
v 0.115656 0.613310 0.083690
v -0.101757 0.670204 0.119995
v -0.179188 0.161490 -0.009800
v -0.167518 0.562999 0.098009
v 0.185161 0.591112 0.082523
v 0.169191 0.079082 0.013378
v 0.288100 0.400786 0.043513
v -0.277094 0.447494 0.086623
v 0.286920 0.396721 0.035525
v -0.247132 0.468942 0.075726
v -0.026144 0.727304 0.080970
v 0.025601 0.479814 0.142006
v -0.041998 0.434558 0.016909
v -0.150643 0.580758 0.098470
v -0.183907 0.589284 0.073025
v 0.013119 0.441325 0.163203
v -0.152965 0.602028 0.058600
v 0.147414 0.073768 0.020212
v 0.287747 0.403148 0.036523
v -0.061026 0.612081 0.010533
v -0.268650 0.454959 0.082651
v 0.155209 0.393884 -0.105500
v 0.123597 0.444638 0.061646
v -0.059218 0.627729 0.012469
v 0.142231 0.349115 -0.105779
v -0.319067 0.431923 0.084934
v 0.267739 0.426487 0.054127
v 0.066772 0.663798 0.047670
v 0.126037 0.348489 -0.088421
v 0.123611 0.433289 0.076320
v -0.265507 0.435461 0.051561
v 0.140533 0.100564 0.028046
v 0.147082 0.121711 0.026437
v -0.286458 0.439465 0.045422
v 0.281888 0.409125 0.036209
v 0.176920 0.099011 0.021424
v -0.011398 0.727853 0.074191
v 0.035632 0.734777 0.093805
v 0.047795 0.681922 0.133760
v -0.159930 0.609929 0.063392
v 0.319374 0.430189 0.081796
v 0.283296 0.450750 0.050127
v -0.000000 0.704342 0.059479
v -0.102250 0.708549 0.094095
v -0.282414 0.462297 0.057325
v -0.145838 0.077098 0.019972
v -0.036285 0.729846 0.088336
v 0.280710 0.404130 0.045937
v 0.119233 0.419533 0.088294
v 0.138685 0.632433 0.110195
v -0.000985 0.366610 0.111711
v 0.121730 0.372924 -0.099845
v -0.076620 0.724555 0.095036
v 0.143230 0.094825 0.027836
v -0.276877 0.425903 0.057260
v 0.274371 0.441213 0.044204
v 0.116072 0.399352 0.087602
v -0.007859 0.648895 0.014030
v 0.150605 0.149043 0.007689
v -0.067853 0.353736 0.093000
v 0.288573 0.406664 0.042988
v -0.288679 0.419833 0.049398
v -0.012949 0.536268 0.111695
v -0.031226 0.722497 0.076181
v -0.150039 0.297745 -0.072865
v 0.283687 0.408249 0.046900
v -0.285192 0.455831 0.083936
v 0.290214 0.428115 0.044379
v -0.028328 0.737538 0.110704
v 0.285485 0.424623 0.041914
v 0.031226 0.722497 0.076181
v -0.173232 0.577485 0.059269
v -0.101538 0.704518 0.111143
v 0.202067 0.319561 -0.077720
v 0.084702 0.718462 0.090867
v 0.103308 0.672066 0.057824
v 0.074004 0.678529 0.049888
v 0.032935 0.636610 0.006415
v -0.177517 0.317980 -0.121163
v -0.061260 0.639532 0.123393
v 0.052862 0.641593 0.018403
v -0.146436 0.618014 0.059987
v -0.013275 0.482304 0.140108
v -0.164360 0.615113 0.073570
v 0.022320 0.396953 0.020860
v 0.004084 0.369378 0.125297
v 0.099315 0.659190 0.057449
v -0.019684 0.714254 0.127390
v 0.185059 0.562618 0.059936
v -0.020265 0.718659 0.071609
v 0.158191 0.344727 -0.036187
v 0.031059 0.731610 0.087242
v 0.007932 0.733723 0.072570
v 0.278400 0.450630 0.047217
v -0.095482 0.702603 0.117450
v -0.051009 0.728748 0.107888
v -0.033523 0.356918 0.115828
v 0.127701 0.359548 -0.103690
v -0.210229 0.342765 -0.108797
v 0.138958 0.608968 0.059029
v 0.278767 0.411160 0.048263
v -0.144823 0.367849 -0.119073
v -0.161240 0.387447 -0.121751
v -0.091000 0.680948 0.125900
v 0.307736 0.436380 0.091179
v -0.010882 0.710538 0.065775
v 0.171098 0.094707 0.029189
v -0.040041 0.734229 0.100075
v 0.219619 0.547139 0.088796
v -0.071663 0.659336 0.127645
v -0.167484 0.593446 0.060588
v -0.342263 0.379912 0.064746
v -0.276750 0.459597 0.049631
v 0.279142 0.471301 0.067531
v -0.059627 0.480864 0.061026
v -0.251593 0.493591 0.054162
v -0.281007 0.457788 0.052094
v -0.269968 0.420967 0.045714
v -0.017259 0.550949 0.008918
v -0.033031 0.736414 0.100874
v -0.022961 0.745386 0.095005
v -0.288096 0.417142 0.052350
v -0.022509 0.722519 0.075718
v -0.043313 0.545808 0.104466
v 0.165894 0.340436 -0.062775
v 0.282831 0.467731 0.072300
v 0.314039 0.406305 0.047538
v -0.242577 0.487068 0.054608
v -0.190188 0.576864 0.068385
v -0.261984 0.445613 0.054526
v 0.030548 0.737288 0.100036
v 0.221248 0.548565 0.080154
v 0.153050 0.163360 -0.055078
v -0.249950 0.472814 0.083332
v -0.052687 0.605664 0.006480
v -0.100338 0.706857 0.074738
v 0.053511 0.666330 0.042123
v -0.157051 0.073071 0.025148
v -0.008708 0.627672 0.001707
v 0.019981 0.443267 0.025874
v -0.076304 0.725111 0.089450
v -0.057701 0.454685 0.036446
v 0.146789 0.074950 -0.003011
v 0.119877 0.368576 0.043869
v 0.267734 0.484066 0.070531
v -0.144719 0.098316 0.027565
v 0.281532 0.401112 0.036054
v -0.024941 0.731677 0.118068
v -0.054624 0.619524 0.005562
v 0.076729 0.644842 0.060675
v -0.172990 0.599813 0.068250
v -0.077627 0.722510 0.100582
v 0.090792 0.716657 0.095594
v 0.163312 0.185501 -0.005872
v -0.160704 0.041855 -0.063049
v -0.099006 0.711228 0.100737
v -0.285485 0.424623 0.041914
v 0.076603 0.706568 0.058057
v -0.000122 0.370602 0.060044
v 0.165310 0.556161 0.080447
v 0.008428 0.504386 0.015748
v -0.201971 0.247220 -0.033385
v 0.151329 0.196941 -0.053875
v -0.132072 0.656344 0.074072
v 0.148033 0.575221 0.081399
v -0.276376 0.469163 0.056853
v 0.276595 0.424898 0.040025
v 0.268851 0.438528 0.073697
v 0.067488 0.598906 0.099553
v -0.054432 0.730805 0.100864
v -0.092178 0.657317 0.058302
v 0.276376 0.469163 0.056853
v 0.155292 0.069150 -0.067815
v -0.023358 0.720971 0.124448
v -0.149595 0.198745 -0.019063
v 0.085042 0.718359 0.100080
v 0.291079 0.444837 0.050326
v -0.031059 0.731610 0.087242
v -0.122177 0.432885 -0.009995
v 0.267920 0.462372 0.048945
v 0.125229 0.414107 0.076168
v 0.049170 0.471497 0.045456
v -0.027416 0.717649 0.125518
v -0.021834 0.747116 0.101158
v -0.183099 0.322485 -0.127356
v -0.338730 0.378462 0.066498
v 0.322982 0.410968 0.050754
v -0.071011 0.609386 0.027266
v -0.151391 0.378957 -0.121177
v 0.031682 0.737381 0.104557
v 0.008093 0.364819 0.113921
v -0.135485 0.045011 -0.051054
v -0.184894 0.571375 0.061385
v 0.058459 0.708691 0.127086
v -0.164919 0.045347 -0.062271
v 0.280471 0.434402 0.042470
v -0.005551 0.725329 0.071862
v -0.307736 0.436380 0.091179
v 0.283332 0.398125 0.043934
v -0.032196 0.734803 0.094642
v 0.187972 0.340185 -0.125876
v -0.009723 0.459793 0.029978
v -0.195374 0.379795 -0.104114
v 0.154716 0.227424 -0.068882
v -0.260076 0.451416 0.057079
v 0.276164 0.406615 0.040700
v -0.148657 0.280230 -0.062180
v 0.141711 0.336260 -0.096545
v 0.318703 0.415804 0.083459
v -0.059422 0.654078 0.129251
v 0.030086 0.727853 0.080292
v -0.007354 0.686164 0.045595
v 0.020544 0.733750 0.116931
v -0.020903 0.742161 0.087491
v 0.168009 0.557456 0.066359
v 0.286871 0.428253 0.075017
v 0.315275 0.420819 0.083600
v -0.027201 0.727242 0.080512
v -0.042201 0.426857 0.011999
v -0.019964 0.726232 0.122236
v -0.281652 0.466651 0.062221
v -0.042131 0.649244 0.132775
v 0.022341 0.718207 0.070864
v -0.261603 0.485919 0.081880
v 0.003946 0.369350 0.055406
v 0.268650 0.454959 0.082651
v 0.014660 0.732997 0.117403
v 0.076165 0.646960 0.056685
v -0.041468 0.363394 0.020055
v -0.156917 0.068497 0.015592
v 0.036575 0.672725 0.039580
v -0.056251 0.669008 0.132196
v 0.050211 0.604847 0.117883
v -0.016184 0.744275 0.108319
v 0.172030 0.183675 -0.011283
v 0.286458 0.439465 0.045422
v -0.033962 0.535076 0.109102
v 0.030477 0.414752 0.013287
v 0.319067 0.431923 0.084934
v 0.113267 0.362328 -0.084978
v 0.265507 0.435461 0.051561
v 0.321960 0.424089 0.088954
v -0.211550 0.298522 -0.090891
v 0.079676 0.720488 0.095369
v -0.132369 0.411238 0.058545
v 0.290033 0.457898 0.062737
v -0.076391 0.720029 0.078567
v 0.151571 0.323636 -0.068868
v -0.075526 0.692053 0.052000
v 0.063406 0.686681 0.131712
v -0.267496 0.450825 0.048758
v -0.283332 0.398125 0.043934
v -0.166775 0.055888 -0.023451
v 0.048493 0.514633 0.114544
v 0.176352 0.382055 -0.086466
v 0.324889 0.418174 0.085691
v -0.004724 0.756055 0.110176
v 0.002359 0.731606 0.070966
v 0.277094 0.447494 0.086623
v 0.254551 0.472585 0.085282
v -0.061549 0.343698 0.070239
v 0.144529 0.593227 0.061242
v 0.059741 0.726235 0.108086
v -0.048735 0.534631 0.103975
v -0.198027 0.573904 0.081253
v 0.050304 0.497362 0.126406
v -0.288573 0.406664 0.042988
v -0.031176 0.371794 0.140682
v 0.075214 0.617058 0.043103
v 0.000000 0.730311 0.118847
v 0.066538 0.604226 0.021753
v 0.139114 0.586995 0.073374
v 0.065449 0.700698 0.128712
v -0.123775 0.435844 0.043853
v 0.165283 0.329731 -0.069190
v -0.286423 0.407261 0.045515
v -0.160832 0.071734 0.022201
v -0.316847 0.434898 0.072374
v -0.280471 0.434402 0.042470
v 0.181067 0.334942 -0.128011
v 0.214092 0.544670 0.098121
v -0.012169 0.517318 0.117511
v 0.033010 0.514807 0.118413
v 0.158214 0.564964 0.072746
v 0.320791 0.422074 0.083354
v 0.073690 0.612882 0.034186
v -0.041183 0.391300 0.156941
v 0.149149 0.389092 -0.112444
v -0.029056 0.448535 0.032552
v -0.291079 0.444837 0.050326
v 0.335051 0.380564 0.054984
v -0.097727 0.442569 0.106953
v -0.089412 0.452746 0.110428
v -0.076279 0.670779 0.050792
v 0.059869 0.534348 0.092410
v 0.073265 0.604754 0.041374
v -0.046865 0.613309 0.001376
v 0.018606 0.614193 -0.001856
v 0.137565 0.650136 0.102178
v 0.159300 0.332038 -0.134023
v 0.055471 0.506564 0.116014
v -0.055108 0.413588 0.157867
v -0.264521 0.488160 0.066088
v 0.007777 0.725066 0.122123
v -0.290214 0.428115 0.044379
v 0.071398 0.692515 0.129786
v -0.283687 0.408249 0.046900
v 0.285192 0.455831 0.083936
v -0.290422 0.458864 0.073022
v -0.293133 0.417401 0.048696
v 0.143456 0.078496 -0.004127
v -0.038970 0.735589 0.103134
v -0.022341 0.718208 0.070864
v -0.008315 0.613701 -0.000892
v 0.290355 0.397954 0.038453
v 0.027613 0.641797 0.010038
v -0.074989 0.645988 0.119743
v 0.006149 0.707502 0.062211
v -0.174558 0.088250 0.013236
v -0.319374 0.430189 0.081796
v -0.278082 0.463444 0.080893
v -0.281532 0.401112 0.036054
v 0.147329 0.102605 0.034821
v -0.074261 0.656410 0.051736
v -0.018758 0.626055 -0.000309
v 0.140430 0.328839 -0.099893
v -0.037842 0.663751 0.134832
v 0.037940 0.644960 0.014958
v -0.209227 0.553545 0.065059
v 0.027438 0.737055 0.093975
v -0.057973 0.698396 0.057311
v 0.110430 0.700225 0.093725
v 0.041783 0.506116 0.122560
v 0.062124 0.640989 0.025315
v -0.265762 0.456249 0.050437
v 0.073665 0.704637 0.125980
v -0.285031 0.413332 0.046961
v 0.335419 0.383146 0.053969
v -0.050638 0.634490 0.010697
v -0.072551 0.620570 0.028446
v -0.299710 0.414871 0.048349
v 0.030373 0.660147 0.026903
v -0.274371 0.441213 0.044204
v -0.067449 0.726183 0.089788
v 0.065568 0.718406 0.076529
v 0.219225 0.547546 0.069500
v 0.079226 0.708916 0.061952
v 0.091321 0.715193 0.104123
v -0.004046 0.621136 0.000241
v 0.007125 0.717504 0.069510
v -0.014883 0.712692 0.066973
v -0.149990 0.335801 -0.108489
v 0.043984 0.656848 0.028640
v 0.143379 0.327837 -0.085402
v 0.266320 0.483559 0.061666
v 0.315532 0.422245 0.095362
v 0.117520 0.619390 0.099790
v 0.073011 0.716558 0.071067
v -0.019200 0.448028 0.029998
v 0.001246 0.365497 0.096102
v 0.046154 0.673458 0.043775
v 0.035694 0.727623 0.073316
v -0.079062 0.664290 0.052485
v -0.026239 0.546394 0.108961
v 0.108994 0.679942 0.063097
v -0.121099 0.636618 0.059435
v 0.058744 0.487918 0.128900
v 0.067771 0.641906 0.035322
v 0.132085 0.600657 0.066844
v 0.060582 0.671512 0.048062
v -0.092311 0.693175 0.123792
v -0.149622 0.368792 -0.124882
v -0.037184 0.380823 0.150593
v 0.200997 0.514314 0.078673
v 0.253726 0.473109 0.053563
v -0.317115 0.431262 0.058571
v 0.308807 0.422683 0.046849
v 0.143904 0.074419 -0.014191
v 0.192482 0.568612 0.064583
v -0.288100 0.400786 0.043513
v -0.144648 0.185378 -0.033407
v -0.128178 0.648508 0.063905
v -0.098685 0.711774 0.088094
v -0.339588 0.378810 0.069975
v -0.074003 0.678529 0.049888
v 0.059707 0.598100 0.018005
v 0.150934 0.577792 0.066092
v -0.161069 0.069995 0.018331
v 0.036285 0.729846 0.088336
v 0.273170 0.421035 0.053639
v 0.178685 0.165414 -0.038550
v -0.074832 0.722417 0.106087
v 0.064232 0.539799 0.054540
v 0.207091 0.539792 0.103780
v 0.344593 0.380421 0.067015
v -0.000156 0.484100 0.138876
v -0.201581 0.329970 -0.121447
v -0.049152 0.342578 0.059101
v 0.272477 0.460526 0.048531
v -0.081436 0.647350 0.081433
v -0.277471 0.463976 0.052841
v -0.287032 0.430547 0.042864
v 0.150230 0.047175 -0.032654
v -0.004999 0.634707 0.005315
v -0.082439 0.645033 0.106771
v 0.288772 0.404657 0.039300
v 0.193904 0.344330 -0.122307
v 0.047319 0.456833 0.039839
v 0.110462 0.696676 0.108873
v 0.085458 0.715164 0.109738
v 0.166481 0.080011 0.008954
v 0.139534 0.178233 -0.012306
v -0.080990 0.650203 0.068988
v 0.320131 0.427903 0.085095
v 0.074583 0.598717 0.058234
v -0.065651 0.555312 0.045311
v 0.070882 0.369211 0.128243
v -0.114937 0.632614 0.106857
v 0.274419 0.454187 0.047425
v -0.077467 0.643872 0.065517
v 0.191443 0.360551 -0.118316
v 0.051009 0.728748 0.107888
v -0.107815 0.392716 -0.067070
v -0.092181 0.456061 0.097762
v -0.097583 0.713075 0.094634
v 0.142222 0.130836 0.012004
v 0.019197 0.611562 0.128085
v 0.047498 0.661572 0.034853
v -0.079391 0.639859 0.080121
v 0.057104 0.696773 0.130846
v -0.082054 0.655259 0.119978
v 0.204223 0.517809 0.092616
v -0.178698 0.166552 -0.041828
v -0.036426 0.656534 0.025396
v 0.150901 0.350861 -0.013345
v 0.075355 0.608007 0.050888
v -0.186169 0.568664 0.104671
v -0.271902 0.465443 0.049516
v 0.282551 0.394550 0.039535
v -0.133848 0.341747 -0.047038
v -0.093649 0.437405 0.118756
v -0.193928 0.570698 0.097654
v 0.087940 0.451781 0.121482
v 0.338342 0.381756 0.056811
v 0.054925 0.737821 0.088483
v -0.000138 0.482852 0.138897
v 0.069976 0.614901 0.022176
v 0.156907 0.134591 0.019496
v 0.038970 0.735589 0.103134
v 0.014858 0.729639 0.120157
v -0.083364 0.645859 0.097955
v -0.118141 0.617299 0.068854
v 0.202663 0.514420 0.067703
v -0.048344 0.734126 0.079352
v -0.065332 0.712279 0.065583
v -0.057213 0.393754 0.152874
v 0.190396 0.351386 -0.095134
v -0.169532 0.122079 0.024007
v 0.180678 0.175481 -0.028531
v 0.075526 0.692053 0.052000
v 0.094465 0.453209 0.013404
v -0.081273 0.666415 0.125169
v 0.323933 0.401813 0.049023
v -0.264713 0.487574 0.074194
v -0.263500 0.451166 0.052305
v -0.308156 0.420512 0.092787
v -0.272951 0.429754 0.061950
v 0.139951 0.135017 -0.024614
v 0.052820 0.738283 0.093958
v 0.159676 0.081016 0.026947
v 0.279596 0.431339 0.076052
v 0.069788 0.590627 0.088912
v -0.298932 0.431946 0.094102
v 0.178281 0.179798 -0.015769
v -0.065568 0.718406 0.076529
v 0.267887 0.447416 0.079799
v 0.340498 0.392376 0.081246
v 0.015713 0.711040 0.065158
v -0.081172 0.639781 0.099598
v -0.069549 0.349509 0.013145
v 0.133557 0.339719 -0.071582
v 0.060450 0.466691 0.048653
v 0.080421 0.719314 0.105182
v 0.314567 0.414872 0.047774
v 0.337283 0.396967 0.081941
v 0.044195 0.737686 0.091482
v 0.065332 0.712279 0.065583
v -0.270511 0.455868 0.048356
v -0.061213 0.636096 0.020074
v -0.076989 0.468655 0.111404
v 0.149669 0.334816 -0.083762
v -0.039058 0.733026 0.094469
v -0.180411 0.584411 0.064191
v -0.083440 0.659927 0.055615
v 0.067196 0.456877 0.031943
v -0.048566 0.737777 0.097820
v 0.073820 0.463801 0.046264
v -0.138917 0.102709 0.020236
v -0.062494 0.579272 0.032791
v 0.074674 0.650337 0.053814
v -0.081762 0.637633 0.100587
v -0.073333 0.627145 0.035950
v -0.057563 0.553123 0.029785
v -0.010602 0.596885 0.001144
v -0.054379 0.383196 -0.008007
v -0.079355 0.645319 0.072601
v 0.109844 0.696737 0.075710
v -0.122929 0.397528 -0.077983
v 0.329697 0.407083 0.084171
v -0.152378 0.625253 0.067935
v -0.080534 0.647920 0.115271
v -0.139837 0.098233 0.021696
v -0.066434 0.620533 0.016567
v 0.019735 0.600165 0.000333
v -0.115055 0.421407 0.085033
v -0.081151 0.642569 0.090146
v 0.072899 0.663229 0.050241
v -0.316810 0.434031 0.064804
v 0.046806 0.735463 0.078779
v 0.261905 0.480027 0.052978
v -0.100870 0.455492 0.064924
v 0.081036 0.469523 0.062674
v -0.117426 0.432868 0.072271
v 0.164826 0.073330 0.021378
v 0.066860 0.678013 0.050510
v 0.010937 0.360974 0.079474
v 0.162480 0.091881 0.031138
v -0.282831 0.467731 0.072300
v 0.161939 0.074924 0.025421
v -0.080120 0.637439 0.079446
v 0.020066 0.735313 0.115070
v 0.084154 0.474088 0.077895
v -0.052165 0.561150 0.022807
v 0.057973 0.698396 0.057311
v -0.072945 0.403768 -0.024772
v -0.082294 0.653713 0.061578
v -0.078386 0.659654 0.124341
v 0.039833 0.731807 0.074786
v 0.085217 0.474134 0.088403
v 0.008674 0.542702 0.008954
v 0.038868 0.662278 0.031449
v -0.075522 0.651304 0.054434
v -0.076351 0.697648 0.126388
v -0.078309 0.640121 0.070191
v -0.081178 0.641484 0.108683
v 0.077480 0.706115 0.058910
v -0.076906 0.691899 0.052449
v -0.077701 0.721380 0.090365
v 0.076802 0.648876 0.058339
v -0.078377 0.721451 0.100296
v 0.078917 0.649070 0.063592
v -0.075617 0.678298 0.050111
v -0.078438 0.707703 0.121850
v 0.075522 0.651304 0.054434
v 0.076906 0.691899 0.052449
v -0.076729 0.644842 0.060675
v 0.078896 0.653450 0.121815
v 0.076260 0.665856 0.127019
v 0.081178 0.641484 0.108683
v -0.077285 0.712200 0.064879
v 0.074090 0.663404 0.050759
v -0.077480 0.706115 0.058910
v 0.078377 0.721451 0.100296
v -0.079030 0.718117 0.110954
v -0.077273 0.718938 0.079156
v 0.077701 0.721380 0.090365
v -0.080841 0.637296 0.090506
v 0.075617 0.678298 0.050111
v 0.013142 0.486039 0.138359
v 0.074736 0.683669 0.128506
v 0.077273 0.718939 0.079156
v 0.076351 0.697648 0.126388
v 0.079030 0.718118 0.110954
v 0.077285 0.712200 0.064879
v -0.074736 0.683669 0.128506
v 0.077467 0.643872 0.065517
v 0.078438 0.707703 0.121850
v 0.078309 0.640121 0.070191
v 0.080841 0.637296 0.090506
v -0.074090 0.663404 0.050759
v -0.078896 0.653450 0.121815
v -0.076260 0.665856 0.127019
v -0.010700 0.370983 0.044244
v -0.008319 0.377858 0.038597
v -0.012595 0.377229 0.036100
v -0.013321 0.361764 0.056368
v -0.008395 0.367293 0.054765
v -0.013782 0.418271 0.166047
v 0.076599 0.683248 0.127638
v 0.087393 0.681579 0.126443
v 0.088212 0.694437 0.124496
v 0.078028 0.697019 0.125595
v 0.089944 0.704258 0.119119
v 0.079863 0.706815 0.121159
v 0.077415 0.666004 0.126129
v 0.086329 0.667089 0.124200
v 0.079486 0.654065 0.121024
v 0.085690 0.656290 0.118662
v 0.081204 0.642674 0.107867
v 0.084416 0.647216 0.105607
v 0.080535 0.638942 0.090378
v 0.082283 0.646192 0.089891
v 0.078211 0.641759 0.071082
v 0.080960 0.648848 0.073994
v 0.081458 0.651721 0.065241
v 0.076486 0.652416 0.055355
v 0.083090 0.656381 0.058277
v 0.075509 0.663696 0.051584
v 0.083989 0.664464 0.053649
v 0.077412 0.678043 0.050717
v 0.086878 0.676547 0.051966
v 0.078706 0.691656 0.053046
v 0.088390 0.690663 0.053679
v 0.079235 0.705488 0.059567
v 0.090238 0.703326 0.060294
v 0.080669 0.716923 0.110519
v 0.091458 0.712961 0.108733
v 0.079994 0.720237 0.100161
v 0.090942 0.716248 0.099887
v 0.079425 0.720197 0.090556
v 0.090805 0.716497 0.091007
v 0.090988 0.714423 0.079985
v 0.079055 0.717853 0.079505
v 0.079132 0.711355 0.065420
v 0.090727 0.709162 0.066827
v 0.083388 0.650475 0.076016
v 0.084494 0.648354 0.088786
v 0.089613 0.654017 0.060599
v 0.086497 0.651200 0.069400
v 0.089035 0.646942 0.100389
v 0.093479 0.654944 0.115009
v 0.096423 0.671153 0.121999
v 0.093097 0.681337 0.124927
v 0.094518 0.691627 0.122940
v 0.100604 0.698515 0.116256
v 0.101589 0.707975 0.104681
v 0.097351 0.712874 0.098474
v 0.097199 0.713163 0.090908
v 0.100928 0.709093 0.083221
v 0.099430 0.702330 0.067461
v 0.095820 0.699387 0.060906
v 0.094745 0.688667 0.055804
v 0.098694 0.674636 0.056296
v 0.094900 0.661646 0.056729
v 0.110393 0.699338 0.102977
v 0.110329 0.699353 0.083756
v 0.109294 0.690795 0.069015
v 0.108252 0.668541 0.058918
v 0.110124 0.690750 0.112983
v 0.106933 0.667482 0.118473
v 0.103828 0.655439 0.057944
v 0.101978 0.646428 0.109804
v 0.095518 0.640927 0.075172
v 0.096935 0.637994 0.093183
v 0.098527 0.645987 0.063033
v 0.118242 0.655815 0.113748
v 0.122891 0.667222 0.109478
v 0.125443 0.672477 0.100344
v 0.126988 0.672091 0.087749
v 0.124523 0.666985 0.072709
v 0.110448 0.637557 0.107333
v 0.106407 0.626379 0.091714
v 0.106246 0.627127 0.076838
v 0.110195 0.633379 0.063722
v 0.115514 0.643074 0.059375
v 0.121846 0.656254 0.063320
v 0.120878 0.621004 0.063029
v 0.116200 0.614569 0.076153
v 0.127082 0.629911 0.059176
v 0.134466 0.640226 0.063660
v 0.139369 0.646827 0.074698
v 0.141100 0.649884 0.088277
v 0.130294 0.641951 0.111107
v 0.135831 0.648543 0.106087
v 0.139013 0.650885 0.097895
v 0.120297 0.626526 0.106640
v 0.116199 0.614567 0.091544
v 0.193192 0.578876 0.089318
v 0.192797 0.580664 0.081402
v 0.176084 0.603573 0.083988
v 0.175161 0.603496 0.092822
v 0.189711 0.576552 0.098311
v 0.172313 0.601067 0.101521
v 0.181094 0.575175 0.105649
v 0.165912 0.595918 0.108147
v 0.153472 0.626660 0.103577
v 0.147969 0.621192 0.109450
v 0.156274 0.628735 0.095056
v 0.157188 0.628663 0.086246
v 0.135384 0.608940 0.106228
v 0.154242 0.586083 0.104801
v 0.170656 0.568455 0.104618
v 0.191610 0.578836 0.072803
v 0.174520 0.601948 0.073347
v 0.154648 0.627443 0.073874
v 0.187987 0.574349 0.064417
v 0.170734 0.596903 0.063864
v 0.149606 0.622036 0.063094
v 0.180906 0.567884 0.059732
v 0.163449 0.589504 0.058805
v 0.142881 0.613540 0.058628
v 0.171346 0.560049 0.062060
v 0.154413 0.581012 0.061216
v 0.135185 0.604580 0.061623
v 0.166000 0.556130 0.072567
v 0.148706 0.575766 0.072997
v 0.130153 0.597677 0.074025
v 0.165847 0.558224 0.089196
v 0.148738 0.576703 0.090242
v 0.130742 0.597192 0.091374
v 0.173361 0.548283 0.087863
v 0.181010 0.554741 0.103490
v 0.190437 0.562969 0.104131
v 0.197037 0.566506 0.097642
v 0.201770 0.568159 0.088445
v 0.202528 0.568745 0.081386
v 0.201019 0.567442 0.072740
v 0.195850 0.564271 0.064126
v 0.187815 0.558389 0.059584
v 0.178424 0.550389 0.062365
v 0.173712 0.546317 0.072294
v 0.205051 0.550932 0.060314
v 0.195951 0.543923 0.057009
v 0.187366 0.535917 0.062517
v 0.183786 0.532556 0.072331
v 0.183300 0.534216 0.086437
v 0.212414 0.555393 0.070627
v 0.214256 0.556524 0.080632
v 0.212781 0.555351 0.088996
v 0.207274 0.553004 0.098377
v 0.200366 0.548245 0.104217
v 0.190808 0.539554 0.101226
v 0.201720 0.513802 0.072668
v 0.201497 0.515726 0.085422
v 0.204422 0.516211 0.063368
v 0.208285 0.520654 0.098515
v 0.217205 0.527995 0.101574
v 0.224220 0.532566 0.095836
v 0.229392 0.534851 0.086725
v 0.230812 0.536274 0.078018
v 0.228482 0.535216 0.067213
v 0.219721 0.528657 0.056237
v 0.211501 0.522621 0.056158
v 0.233997 0.481055 0.072218
v 0.234183 0.484061 0.082108
v 0.234918 0.481554 0.064834
v 0.239277 0.488654 0.089976
v 0.247543 0.492963 0.090747
v 0.254532 0.495801 0.084279
v 0.258014 0.497215 0.076081
v 0.257840 0.497954 0.067391
v 0.254566 0.496101 0.058117
v 0.247621 0.490422 0.052447
v 0.238109 0.484202 0.058431
v 0.246955 0.467583 0.071290
v 0.247967 0.470834 0.080012
v 0.247181 0.467482 0.064119
v 0.252675 0.474787 0.085541
v 0.258853 0.478404 0.086120
v 0.264275 0.481418 0.081466
v 0.267314 0.483539 0.074114
v 0.267402 0.484106 0.066577
v 0.264488 0.482256 0.056800
v 0.258382 0.476952 0.051474
v 0.249624 0.469743 0.057308
v 0.001106 0.458064 0.028957
v 0.023509 0.460880 0.033127
v 0.022502 0.455374 0.031916
v 0.001235 0.452460 0.027991
v -0.000130 0.480376 0.140319
v -0.000111 0.464084 0.150708
v 0.026426 0.462020 0.152243
v 0.025701 0.477599 0.143252
v 0.050043 0.470732 0.045847
v 0.053425 0.466201 0.046224
v 0.064058 0.481468 0.061718
v 0.073558 0.477311 0.065935
v 0.070136 0.489143 0.079076
v 0.078050 0.481002 0.088010
v 0.071451 0.489902 0.096322
v 0.077446 0.476786 0.107106
v 0.069359 0.481941 0.119764
v 0.074875 0.466345 0.127723
v 0.061081 0.471646 0.137214
v 0.065713 0.452370 0.144650
v 0.045679 0.470774 0.143687
v 0.048657 0.452807 0.150745
v 0.001319 0.443406 0.024941
v 0.001319 0.447522 0.026400
v 0.022216 0.450672 0.030294
v 0.021127 0.445639 0.027523
v 0.049971 0.460322 0.042691
v 0.044290 0.453241 0.036528
v 0.068967 0.471695 0.055066
v 0.061822 0.462070 0.044303
v -0.000302 0.441436 0.162573
v 0.026415 0.438832 0.162961
v -0.000807 0.420219 0.166489
v 0.025488 0.417210 0.165046
v 0.018575 0.441059 0.024166
v 0.015470 0.437059 0.020925
v 0.001395 0.435749 0.020379
v 0.001278 0.439607 0.022950
v 0.037051 0.446570 0.029264
v 0.053940 0.453431 0.034246
v 0.045761 0.445412 0.024415
v 0.029738 0.440075 0.022642
v 0.012245 0.433585 0.018811
v 0.020058 0.433197 0.018258
v 0.035802 0.435658 0.017103
v 0.001533 0.431706 0.018396
v 0.001637 0.424891 0.017009
v 0.022021 0.422921 0.015261
v 0.013598 0.407694 0.018720
v 0.001227 0.408275 0.019487
v 0.007890 0.392155 0.027709
v 0.000119 0.393200 0.027939
v -0.000943 0.380782 0.040346
v 0.003104 0.380291 0.039980
v -0.001464 0.370521 0.060015
v 0.001465 0.370232 0.058872
v -0.001021 0.365689 0.095522
v 0.005423 0.363394 0.095798
v -0.001054 0.369455 0.124723
v 0.011013 0.367859 0.126518
v 0.014940 0.377517 0.142089
v -0.001160 0.378689 0.141114
v -0.001137 0.388756 0.156489
v 0.019198 0.388523 0.154576
v -0.001092 0.402581 0.163508
v 0.022412 0.401033 0.160696
v 0.051715 0.428236 0.156858
v 0.054084 0.387355 0.147646
v 0.053539 0.405103 0.154119
v 0.025965 0.354155 0.105899
v 0.034582 0.359792 0.127539
v 0.058532 0.351254 0.101546
v 0.062774 0.357286 0.116799
v 0.049224 0.376669 0.143740
v 0.041767 0.368096 0.138488
v 0.071250 0.429185 0.148310
v 0.081097 0.443207 0.136042
v 0.084203 0.459463 0.118623
v 0.086240 0.470869 0.098801
v 0.083236 0.475198 0.080283
v 0.085182 0.471423 0.073651
v 0.077252 0.466890 0.053997
v 0.070535 0.460410 0.039053
v 0.063949 0.452912 0.025227
v 0.057137 0.441228 0.012984
v 0.068014 0.364851 0.125302
v 0.073567 0.374369 0.131041
v 0.076689 0.388503 0.137601
v 0.074777 0.408109 0.144847
v 0.086837 0.425157 0.135897
v 0.092615 0.407207 0.130125
v 0.094725 0.392577 0.122817
v 0.094427 0.380315 0.113726
v 0.093482 0.372176 0.103797
v 0.093489 0.366386 0.090165
v 0.091969 0.444636 0.122247
v 0.093304 0.461800 0.100543
v 0.100289 0.430982 0.118876
v 0.100899 0.452135 0.099393
v 0.096416 0.463398 0.079505
v 0.092714 0.465664 0.062686
v 0.090094 0.464918 0.046401
v 0.088454 0.460354 0.030785
v 0.090667 0.455958 0.019952
v 0.106099 0.419902 0.112371
v 0.108197 0.444652 0.096493
v 0.110321 0.409788 0.103533
v 0.106329 0.457513 0.074291
v 0.109966 0.457563 0.063095
v 0.104372 0.457165 0.083094
v 0.113964 0.438993 0.090037
v 0.118423 0.396503 0.080758
v 0.114144 0.402443 0.093617
v 0.120285 0.435436 0.081662
v 0.127231 0.430854 0.070217
v 0.115104 0.454523 0.051300
v 0.037056 0.422863 0.011907
v 0.025627 0.406285 0.016081
v 0.018683 0.385421 0.029870
v 0.008337 0.377916 0.040051
v 0.006987 0.369351 0.052121
v 0.017741 0.360597 0.061601
v 0.032007 0.348374 0.087992
v 0.061827 0.347056 0.086156
v 0.096244 0.361826 0.072972
v 0.125449 0.391155 0.064157
v 0.135965 0.425586 0.055513
v 0.123099 0.451696 0.039724
v 0.112709 0.444325 -0.013356
v 0.099723 0.450354 0.005680
v 0.131988 0.446369 0.021045
v 0.139977 0.437988 -0.002474
v 0.126139 0.432593 -0.037311
v 0.149017 0.425946 -0.029414
v 0.156872 0.414940 -0.051026
v 0.135695 0.422024 -0.057421
v 0.166296 0.399651 -0.017804
v 0.173388 0.388554 -0.040782
v 0.157363 0.410592 0.009134
v 0.146379 0.419475 0.034807
v 0.136106 0.384495 0.041428
v 0.154603 0.374090 0.013674
v 0.163302 0.364543 -0.011685
v 0.169979 0.356913 -0.034618
v 0.119274 0.349425 0.009188
v 0.132942 0.343705 -0.018350
v 0.095211 0.354742 0.047287
v 0.065089 0.428638 0.000632
v 0.084486 0.427994 -0.022167
v 0.101514 0.421610 -0.043935
v 0.113176 0.410606 -0.065896
v 0.141497 0.338832 -0.041090
v 0.045324 0.419779 0.006729
v 0.037042 0.407756 0.009126
v 0.043272 0.392261 0.008645
v 0.044340 0.351924 0.036413
v 0.065450 0.345486 0.069912
v 0.043862 0.344928 0.069000
v 0.076323 0.355110 -0.009289
v 0.065552 0.390437 -0.023447
v 0.084502 0.390164 -0.045428
v 0.093257 0.355918 -0.035268
v 0.105534 0.352895 -0.057494
v 0.097941 0.384756 -0.066494
v 0.142645 0.407278 -0.080181
v 0.125704 0.394683 -0.089925
v 0.149073 0.395440 -0.100418
v 0.135078 0.383005 -0.109554
v 0.178700 0.375927 -0.063718
v 0.162201 0.402729 -0.071401
v 0.166949 0.392694 -0.089846
v 0.151148 0.336361 -0.065705
v 0.176153 0.349689 -0.061872
v 0.182858 0.370071 -0.084450
v 0.113964 0.376123 -0.089563
v 0.128130 0.370155 -0.108498
v 0.118978 0.348908 -0.078606
v 0.132348 0.348692 -0.096789
v 0.160324 0.337845 -0.081701
v 0.181334 0.349118 -0.079761
v 0.165470 0.391146 -0.104762
v 0.158784 0.392240 -0.108795
v 0.180032 0.378145 -0.106970
v 0.171138 0.382824 -0.115124
v 0.161200 0.384829 -0.120426
v 0.150457 0.382945 -0.121497
v 0.140378 0.374153 -0.123533
v 0.134831 0.363726 -0.119912
v 0.189378 0.365075 -0.100732
v 0.186611 0.350180 -0.091232
v 0.166572 0.341331 -0.090251
v 0.140212 0.348924 -0.105971
v 0.152943 0.367425 -0.132398
v 0.163921 0.371021 -0.130748
v 0.164790 0.352314 -0.135151
v 0.153578 0.347950 -0.135809
v 0.175072 0.369594 -0.126262
v 0.176507 0.352829 -0.132403
v 0.186075 0.364522 -0.120872
v 0.188266 0.348065 -0.126758
v 0.175624 0.336392 -0.131133
v 0.164720 0.334849 -0.133960
v 0.186867 0.332859 -0.123666
v 0.153744 0.329246 -0.132814
v 0.143003 0.327945 -0.124269
v 0.143830 0.344141 -0.132331
v 0.143486 0.361559 -0.132099
v 0.195448 0.356597 -0.114044
v 0.198181 0.341571 -0.115726
v 0.137713 0.354887 -0.124351
v 0.138754 0.343328 -0.116311
v 0.146519 0.346483 -0.097292
v 0.143679 0.349036 -0.103579
v 0.173824 0.326210 -0.127957
v 0.165904 0.324923 -0.129972
v 0.158991 0.315849 -0.124057
v 0.181406 0.318849 -0.119349
v 0.185370 0.302552 -0.108419
v 0.160420 0.300571 -0.109376
v 0.143712 0.316746 -0.113445
v 0.193981 0.351199 -0.097311
v 0.197617 0.342690 -0.095475
v 0.199081 0.320579 -0.104366
v 0.198811 0.330301 -0.110535
v 0.199340 0.333697 -0.089477
v 0.200975 0.325644 -0.082923
v 0.172385 0.347024 -0.087417
v 0.177076 0.344195 -0.082206
v 0.178910 0.337119 -0.075374
v 0.139930 0.332773 -0.104686
v 0.148391 0.338715 -0.088883
v 0.181284 0.328170 -0.065798
v 0.140699 0.324035 -0.094130
v 0.150872 0.330153 -0.077318
v 0.151817 0.316515 -0.060324
v 0.140365 0.308506 -0.076886
v 0.202334 0.307443 -0.093501
v 0.203225 0.312261 -0.071682
v 0.182572 0.312800 -0.051564
v 0.144974 0.302548 -0.098289
v 0.166338 0.194209 -0.011705
v 0.180218 0.187649 -0.020859
v 0.191676 0.216910 -0.030744
v 0.175400 0.223514 -0.018036
v 0.200115 0.245210 -0.039408
v 0.180300 0.253218 -0.024490
v 0.205090 0.275573 -0.049036
v 0.182956 0.282645 -0.032728
v 0.205132 0.295714 -0.059639
v 0.182891 0.300242 -0.041497
v 0.180289 0.181085 -0.039967
v 0.190705 0.210304 -0.050162
v 0.199445 0.239163 -0.062226
v 0.204983 0.267804 -0.072448
v 0.205443 0.289856 -0.081491
v 0.167849 0.180263 -0.051211
v 0.176456 0.208549 -0.063192
v 0.183040 0.236632 -0.077209
v 0.187580 0.263875 -0.089653
v 0.188922 0.285045 -0.098846
v 0.149769 0.183320 -0.047584
v 0.153181 0.213170 -0.061649
v 0.156068 0.240650 -0.075774
v 0.158642 0.265848 -0.088738
v 0.160814 0.284462 -0.098845
v 0.151287 0.303719 -0.048038
v 0.150461 0.289695 -0.038645
v 0.150069 0.269016 -0.031727
v 0.150993 0.229932 -0.021662
v 0.148616 0.196056 -0.015754
v 0.144974 0.288727 -0.086552
v 0.143763 0.270685 -0.075145
v 0.142340 0.187619 -0.037397
v 0.142663 0.218428 -0.049678
v 0.143074 0.247455 -0.063933
v 0.139924 0.296601 -0.066917
v 0.139238 0.280294 -0.056371
v 0.139516 0.257235 -0.047731
v 0.141071 0.225310 -0.035522
v 0.141733 0.192688 -0.026153
v 0.016821 0.715699 0.069893
v 0.010430 0.711048 0.066393
v 0.008280 0.714853 0.068369
v 0.014326 0.718664 0.071322
v -0.000000 0.708810 0.064449
v -0.000000 0.713012 0.066836
v 0.021901 0.722729 0.076050
v 0.019378 0.724869 0.076611
v 0.028300 0.731899 0.088045
v 0.025185 0.734364 0.087965
v 0.032102 0.736492 0.100692
v 0.028673 0.738531 0.099067
v 0.029957 0.737745 0.107223
v 0.027199 0.740019 0.104899
v 0.022282 0.739944 0.109291
v 0.023830 0.737446 0.111585
v 0.013070 0.738081 0.112967
v 0.013942 0.734345 0.115362
v -0.000000 0.735745 0.114908
v -0.000000 0.731777 0.116983
v 0.006163 0.720884 0.070685
v 0.012080 0.723458 0.073007
v -0.000000 0.720384 0.069962
v 0.016712 0.729185 0.077545
v 0.021896 0.738462 0.087326
v 0.024882 0.742058 0.096620
v 0.023905 0.743644 0.102363
v 0.011664 0.743521 0.110067
v -0.000000 0.741752 0.112018
v 0.019691 0.744558 0.106387
v 0.020775 0.755148 0.100909
v 0.016456 0.756745 0.105634
v 0.009192 0.756664 0.109084
v 0.000000 0.755661 0.110606
v 0.022233 0.753143 0.093859
v 0.021016 0.750025 0.087576
v 0.011027 0.735412 0.074124
v 0.016543 0.741378 0.079123
v -0.000000 0.731188 0.070813
v 0.004932 0.732552 0.071519
v 0.163824 0.186352 -0.008195
v 0.177916 0.180353 -0.017797
v 0.178992 0.174326 -0.038033
v 0.165327 0.171722 -0.049173
v 0.148932 0.174157 -0.044941
v 0.147152 0.186725 -0.013214
v 0.141801 0.177774 -0.034590
v 0.141290 0.182442 -0.023255
v -0.076599 0.683248 0.127638
v -0.078028 0.697019 0.125595
v -0.088212 0.694437 0.124496
v -0.087393 0.681579 0.126443
v -0.079863 0.706815 0.121159
v -0.089944 0.704258 0.119119
v -0.077415 0.666004 0.126129
v -0.086329 0.667089 0.124200
v -0.079486 0.654065 0.121024
v -0.085690 0.656290 0.118662
v -0.081204 0.642674 0.107867
v -0.084416 0.647216 0.105607
v -0.080535 0.638942 0.090378
v -0.082283 0.646192 0.089891
v -0.078211 0.641759 0.071082
v -0.080960 0.648848 0.073994
v -0.077037 0.646233 0.061809
v -0.081457 0.651721 0.065241
v -0.076486 0.652416 0.055355
v -0.083090 0.656381 0.058277
v -0.075509 0.663696 0.051584
v -0.083989 0.664464 0.053649
v -0.077412 0.678043 0.050717
v -0.086878 0.676547 0.051966
v -0.078706 0.691656 0.053046
v -0.088390 0.690663 0.053679
v -0.079235 0.705488 0.059567
v -0.090238 0.703326 0.060294
v -0.080669 0.716923 0.110519
v -0.091458 0.712961 0.108733
v -0.079994 0.720237 0.100161
v -0.090942 0.716248 0.099887
v -0.079425 0.720197 0.090556
v -0.090805 0.716497 0.091007
v -0.079055 0.717853 0.079505
v -0.090988 0.714423 0.079985
v -0.079132 0.711355 0.065420
v -0.090727 0.709162 0.066827
v -0.084494 0.648354 0.088786
v -0.083388 0.650475 0.076016
v -0.086497 0.651200 0.069400
v -0.089613 0.654017 0.060599
v -0.089035 0.646942 0.100389
v -0.093479 0.654944 0.115009
v -0.096423 0.671153 0.121999
v -0.093097 0.681337 0.124927
v -0.094518 0.691627 0.122940
v -0.100604 0.698515 0.116256
v -0.101589 0.707975 0.104681
v -0.097351 0.712874 0.098474
v -0.097199 0.713163 0.090908
v -0.100928 0.709093 0.083221
v -0.099430 0.702330 0.067461
v -0.095820 0.699387 0.060906
v -0.094745 0.688667 0.055804
v -0.098694 0.674636 0.056296
v -0.094900 0.661646 0.056729
v -0.110329 0.699353 0.083756
v -0.110393 0.699338 0.102977
v -0.109294 0.690795 0.069015
v -0.108252 0.668541 0.058918
v -0.110124 0.690750 0.112983
v -0.106933 0.667482 0.118473
v -0.103828 0.655440 0.057944
v -0.101978 0.646428 0.109804
v -0.096935 0.637994 0.093183
v -0.095518 0.640927 0.075172
v -0.098527 0.645987 0.063033
v -0.122891 0.667222 0.109478
v -0.118242 0.655815 0.113748
v -0.125443 0.672477 0.100344
v -0.126988 0.672091 0.087749
v -0.124523 0.666985 0.072709
v -0.110448 0.637557 0.107333
v -0.106407 0.626379 0.091714
v -0.106246 0.627127 0.076838
v -0.110195 0.633379 0.063722
v -0.115514 0.643074 0.059375
v -0.121846 0.656254 0.063320
v -0.116200 0.614569 0.076153
v -0.120878 0.621004 0.063029
v -0.127082 0.629911 0.059176
v -0.134466 0.640226 0.063660
v -0.139369 0.646827 0.074698
v -0.141100 0.649884 0.088277
v -0.135831 0.648543 0.106087
v -0.130294 0.641951 0.111107
v -0.139013 0.650886 0.097895
v -0.120297 0.626526 0.106640
v -0.116199 0.614567 0.091544
v -0.193192 0.578876 0.089318
v -0.175161 0.603496 0.092822
v -0.176084 0.603573 0.083988
v -0.192797 0.580665 0.081402
v -0.189711 0.576553 0.098311
v -0.172313 0.601067 0.101521
v -0.181094 0.575175 0.105649
v -0.165912 0.595919 0.108147
v -0.147969 0.621192 0.109450
v -0.153472 0.626660 0.103577
v -0.156274 0.628735 0.095056
v -0.157188 0.628663 0.086246
v -0.135384 0.608940 0.106228
v -0.154242 0.586083 0.104801
v -0.170656 0.568455 0.104618
v -0.174520 0.601948 0.073347
v -0.191610 0.578836 0.072803
v -0.154648 0.627443 0.073874
v -0.170733 0.596903 0.063864
v -0.187986 0.574349 0.064417
v -0.149606 0.622036 0.063094
v -0.163449 0.589504 0.058805
v -0.180906 0.567885 0.059732
v -0.142881 0.613540 0.058628
v -0.154413 0.581012 0.061216
v -0.171346 0.560049 0.062060
v -0.135185 0.604580 0.061623
v -0.148706 0.575766 0.072997
v -0.166000 0.556130 0.072567
v -0.130153 0.597677 0.074025
v -0.148738 0.576703 0.090242
v -0.165847 0.558224 0.089196
v -0.130742 0.597192 0.091374
v -0.181010 0.554741 0.103490
v -0.173361 0.548283 0.087863
v -0.190437 0.562969 0.104131
v -0.197037 0.566506 0.097642
v -0.201770 0.568159 0.088445
v -0.202528 0.568745 0.081386
v -0.201019 0.567442 0.072740
v -0.195850 0.564271 0.064126
v -0.187815 0.558389 0.059584
v -0.178424 0.550389 0.062365
v -0.173712 0.546317 0.072294
v -0.195951 0.543923 0.057009
v -0.205051 0.550932 0.060314
v -0.187366 0.535917 0.062517
v -0.183786 0.532556 0.072331
v -0.183300 0.534216 0.086437
v -0.212414 0.555393 0.070627
v -0.214256 0.556524 0.080632
v -0.212781 0.555351 0.088996
v -0.207274 0.553004 0.098377
v -0.200366 0.548245 0.104217
v -0.190808 0.539554 0.101226
v -0.201497 0.515726 0.085422
v -0.201720 0.513802 0.072668
v -0.204422 0.516210 0.063368
v -0.208285 0.520654 0.098515
v -0.217205 0.527995 0.101574
v -0.224220 0.532566 0.095836
v -0.229392 0.534850 0.086726
v -0.230812 0.536273 0.078018
v -0.228482 0.535216 0.067213
v -0.219721 0.528657 0.056237
v -0.211501 0.522621 0.056158
v -0.234183 0.484061 0.082108
v -0.233997 0.481055 0.072218
v -0.234917 0.481554 0.064834
v -0.239277 0.488653 0.089976
v -0.247543 0.492963 0.090747
v -0.254532 0.495801 0.084279
v -0.258014 0.497214 0.076081
v -0.257840 0.497954 0.067391
v -0.254566 0.496100 0.058117
v -0.247621 0.490422 0.052447
v -0.238109 0.484202 0.058431
v -0.247967 0.470834 0.080012
v -0.246955 0.467583 0.071290
v -0.247181 0.467482 0.064119
v -0.252675 0.474787 0.085541
v -0.258853 0.478404 0.086120
v -0.264275 0.481418 0.081466
v -0.267314 0.483539 0.074114
v -0.267402 0.484106 0.066577
v -0.264488 0.482255 0.056800
v -0.258382 0.476952 0.051474
v -0.249624 0.469743 0.057308
v -0.020192 0.454826 0.031859
v -0.021132 0.460197 0.033348
v -0.025460 0.477018 0.143461
v -0.026504 0.460809 0.152657
v -0.047311 0.469502 0.046181
v -0.051999 0.466258 0.044936
v -0.070246 0.477131 0.070249
v -0.060876 0.480236 0.062663
v -0.072098 0.480088 0.088678
v -0.066689 0.488109 0.079349
v -0.073130 0.477737 0.104434
v -0.068448 0.489237 0.096044
v -0.072307 0.465660 0.126923
v -0.067013 0.480762 0.120019
v -0.064180 0.452513 0.142626
v -0.059441 0.470127 0.137510
v -0.048802 0.450820 0.152222
v -0.044910 0.469171 0.144448
v -0.018408 0.445942 0.028934
v -0.019715 0.450148 0.030758
v -0.039432 0.451900 0.036281
v -0.046833 0.459239 0.041176
v -0.064289 0.470195 0.052425
v -0.057101 0.460326 0.042527
v -0.027219 0.436153 0.161995
v -0.027436 0.414115 0.164429
v -0.015996 0.441687 0.025766
v -0.012680 0.437255 0.022166
v -0.033202 0.445701 0.030202
v -0.026509 0.439494 0.024197
v -0.042396 0.443105 0.025707
v -0.049650 0.451231 0.034326
v -0.009214 0.433567 0.019727
v -0.016798 0.432737 0.019484
v -0.032435 0.433402 0.018204
v -0.018711 0.421170 0.015470
v -0.011263 0.406108 0.018614
v -0.007748 0.390534 0.027896
v -0.005657 0.379390 0.039501
v -0.005478 0.369033 0.058504
v -0.007755 0.362209 0.096021
v -0.013651 0.367175 0.126038
v -0.018033 0.376212 0.141845
v -0.022254 0.385860 0.155184
v -0.025410 0.397035 0.162744
v -0.053149 0.425839 0.158108
v -0.056570 0.402626 0.155892
v -0.056858 0.386619 0.149633
v -0.038559 0.360220 0.125137
v -0.030469 0.353572 0.105910
v -0.069420 0.362322 0.115540
v -0.066559 0.356701 0.100673
v -0.052820 0.376030 0.144447
v -0.045946 0.367602 0.137636
v -0.070818 0.429174 0.147939
v -0.079271 0.442831 0.134413
v -0.081211 0.459191 0.117578
v -0.080789 0.469453 0.098089
v -0.078760 0.474858 0.080016
v -0.079874 0.470195 0.070843
v -0.072705 0.467136 0.051717
v -0.061197 0.448870 0.027620
v -0.066026 0.458003 0.038888
v -0.054090 0.436161 0.014570
v -0.073875 0.368588 0.125883
v -0.078193 0.377304 0.132530
v -0.079536 0.389902 0.138565
v -0.076386 0.407658 0.145587
v -0.086270 0.424265 0.134116
v -0.092836 0.408210 0.128777
v -0.096137 0.395407 0.122163
v -0.097108 0.384845 0.113993
v -0.097546 0.376713 0.104198
v -0.099398 0.369663 0.091299
v -0.088210 0.460219 0.098622
v -0.089337 0.443961 0.120431
v -0.097757 0.431430 0.116036
v -0.096282 0.452138 0.096601
v -0.090620 0.463551 0.075475
v -0.086802 0.465025 0.059481
v -0.084431 0.454636 0.034712
v -0.084272 0.461202 0.046143
v -0.086325 0.448182 0.021120
v -0.104084 0.421154 0.109602
v -0.103896 0.445093 0.093034
v -0.108357 0.412634 0.101388
v -0.099878 0.456942 0.069662
v -0.102214 0.453455 0.060003
v -0.098505 0.457427 0.078335
v -0.109095 0.439891 0.086050
v -0.112386 0.405825 0.091865
v -0.118195 0.399765 0.079812
v -0.114252 0.435281 0.077417
v -0.106471 0.448001 0.049174
v -0.121181 0.430440 0.066413
v -0.033664 0.419099 0.011885
v -0.022914 0.402614 0.015702
v -0.017225 0.381077 0.029604
v -0.020120 0.353969 0.062737
v -0.070243 0.350850 0.085080
v -0.037523 0.346258 0.088013
v -0.103877 0.363436 0.074357
v -0.128035 0.394372 0.064057
v -0.130946 0.425806 0.052023
v -0.112889 0.442584 0.035255
v -0.108887 0.433377 -0.015182
v -0.135078 0.429384 -0.004165
v -0.122897 0.436709 0.017503
v -0.094731 0.440779 0.004956
v -0.123275 0.423947 -0.037011
v -0.147154 0.421222 -0.027967
v -0.135022 0.414432 -0.059021
v -0.157169 0.413570 -0.050665
v -0.177697 0.394011 -0.040271
v -0.168615 0.404083 -0.017547
v -0.157125 0.413516 0.008182
v -0.144116 0.420969 0.032683
v -0.143032 0.388732 0.042532
v -0.159348 0.379816 0.014502
v -0.170689 0.370629 -0.010527
v -0.178993 0.363137 -0.033168
v -0.143443 0.346373 -0.016461
v -0.128742 0.350709 0.011038
v -0.103646 0.355107 0.048584
v -0.060864 0.422468 0.000047
v -0.082895 0.421157 -0.023067
v -0.101671 0.414489 -0.044278
v -0.115620 0.403863 -0.066063
v -0.153325 0.341491 -0.039088
v -0.041458 0.414281 0.006567
v -0.032953 0.401477 0.008855
v -0.038009 0.384702 0.006890
v -0.050149 0.346648 0.037887
v -0.073363 0.346944 0.069560
v -0.050663 0.342629 0.069488
v -0.085086 0.350408 -0.006967
v -0.068503 0.383049 -0.023127
v -0.089489 0.383164 -0.044890
v -0.103451 0.351779 -0.033344
v -0.116339 0.349252 -0.055527
v -0.103953 0.378610 -0.065763
v -0.130054 0.391229 -0.089577
v -0.145079 0.404871 -0.080631
v -0.141214 0.380877 -0.108362
v -0.153839 0.394745 -0.101105
v -0.164934 0.404673 -0.071562
v -0.185093 0.381872 -0.062941
v -0.172738 0.395659 -0.090836
v -0.186654 0.355712 -0.060163
v -0.163910 0.338863 -0.063312
v -0.190931 0.375932 -0.083782
v -0.121067 0.371774 -0.088461
v -0.136233 0.367434 -0.106283
v -0.130223 0.346160 -0.076358
v -0.143827 0.347343 -0.093761
v -0.173533 0.340852 -0.079289
v -0.192715 0.354962 -0.078343
v -0.163797 0.394653 -0.109337
v -0.171299 0.395478 -0.105438
v -0.178665 0.391185 -0.116657
v -0.190227 0.386761 -0.107222
v -0.156136 0.384020 -0.121192
v -0.166728 0.389624 -0.121723
v -0.144034 0.362095 -0.115448
v -0.147466 0.373239 -0.120780
v -0.199174 0.371229 -0.100887
v -0.198723 0.355387 -0.090847
v -0.180179 0.344494 -0.088174
v -0.151989 0.349054 -0.101699
v -0.159096 0.371812 -0.132644
v -0.159952 0.352488 -0.133950
v -0.170053 0.355299 -0.138897
v -0.169667 0.378323 -0.134856
v -0.182594 0.354523 -0.138211
v -0.182542 0.379469 -0.131370
v -0.195561 0.372619 -0.124904
v -0.195993 0.348426 -0.131274
v -0.170231 0.336520 -0.135104
v -0.181647 0.334949 -0.135035
v -0.194741 0.330683 -0.127515
v -0.160868 0.334957 -0.128796
v -0.151957 0.348789 -0.125001
v -0.151769 0.334490 -0.117608
v -0.151123 0.363291 -0.127120
v -0.205822 0.360713 -0.117665
v -0.207172 0.342789 -0.118731
v -0.147866 0.355692 -0.116655
v -0.156107 0.350743 -0.098330
v -0.159368 0.349555 -0.092417
v -0.149168 0.347229 -0.109627
v -0.171786 0.326151 -0.130228
v -0.180008 0.325144 -0.130383
v -0.166544 0.320446 -0.120623
v -0.188901 0.318708 -0.121169
v -0.168075 0.305013 -0.106194
v -0.191132 0.304064 -0.108921
v -0.152497 0.322742 -0.107676
v -0.206407 0.354120 -0.099115
v -0.209451 0.343804 -0.097827
v -0.207212 0.320581 -0.107320
v -0.212075 0.325251 -0.085877
v -0.210788 0.333909 -0.092123
v -0.207426 0.330422 -0.113505
v -0.186504 0.349607 -0.086247
v -0.191159 0.346050 -0.081788
v -0.192796 0.338553 -0.075345
v -0.150549 0.338035 -0.098979
v -0.161270 0.342662 -0.084582
v -0.194994 0.329042 -0.066269
v -0.151412 0.329418 -0.088986
v -0.163956 0.334056 -0.073700
v -0.165149 0.320144 -0.057302
v -0.151074 0.313844 -0.072326
v -0.209895 0.307072 -0.096688
v -0.214005 0.311188 -0.075143
v -0.196164 0.313152 -0.052568
v -0.153225 0.308230 -0.093607
v -0.172799 0.195608 -0.013118
v -0.183983 0.224040 -0.020012
v -0.197796 0.216235 -0.034788
v -0.184691 0.187977 -0.024065
v -0.191085 0.253289 -0.026497
v -0.207973 0.243801 -0.043935
v -0.195723 0.282542 -0.034473
v -0.214824 0.273796 -0.053566
v -0.196390 0.300318 -0.042846
v -0.215631 0.294148 -0.063724
v -0.193757 0.210359 -0.054044
v -0.181724 0.182029 -0.043145
v -0.203868 0.238556 -0.066592
v -0.211026 0.266800 -0.076914
v -0.212633 0.288959 -0.085533
v -0.177903 0.210441 -0.065204
v -0.167972 0.182802 -0.052745
v -0.185611 0.238121 -0.079399
v -0.191651 0.265049 -0.091652
v -0.194082 0.286362 -0.100510
v -0.155599 0.217317 -0.060656
v -0.150891 0.187540 -0.046813
v -0.159822 0.244672 -0.074348
v -0.165069 0.269305 -0.085984
v -0.168228 0.288697 -0.095913
v -0.164750 0.307138 -0.045288
v -0.163647 0.292987 -0.036120
v -0.161983 0.272248 -0.029580
v -0.160108 0.232976 -0.020417
v -0.154999 0.199343 -0.014867
v -0.153064 0.293990 -0.082388
v -0.151148 0.275762 -0.071508
v -0.147239 0.223230 -0.047362
v -0.145261 0.192246 -0.035695
v -0.148956 0.252479 -0.060991
v -0.150546 0.301766 -0.062648
v -0.149454 0.285306 -0.052439
v -0.148381 0.262080 -0.044334
v -0.148126 0.229799 -0.032997
v -0.146573 0.197002 -0.024375
v -0.016821 0.715699 0.069893
v -0.014326 0.718664 0.071322
v -0.008280 0.714853 0.068369
v -0.010430 0.711048 0.066393
v -0.021901 0.722729 0.076050
v -0.019378 0.724869 0.076611
v -0.028300 0.731899 0.088045
v -0.025185 0.734364 0.087965
v -0.032102 0.736492 0.100692
v -0.028673 0.738531 0.099067
v -0.029957 0.737745 0.107223
v -0.023830 0.737446 0.111585
v -0.022282 0.739944 0.109291
v -0.027199 0.740019 0.104899
v -0.013942 0.734345 0.115362
v -0.013070 0.738081 0.112967
v -0.006163 0.720884 0.070685
v -0.012080 0.723458 0.073007
v -0.021896 0.738462 0.087326
v -0.016712 0.729185 0.077545
v -0.024882 0.742058 0.096620
v -0.023905 0.743644 0.102363
v -0.011664 0.743521 0.110067
v -0.019691 0.744558 0.106387
v -0.016456 0.756745 0.105634
v -0.020775 0.755148 0.100909
v -0.009192 0.756664 0.109084
v -0.022233 0.753143 0.093859
v -0.021016 0.750025 0.087576
v -0.016543 0.741378 0.079123
v -0.011027 0.735412 0.074124
v -0.004932 0.732552 0.071519
v -0.169942 0.187937 -0.009462
v -0.182045 0.180857 -0.020870
v -0.179985 0.175378 -0.041185
v -0.164854 0.174498 -0.050559
v -0.149446 0.178430 -0.044251
v -0.152906 0.190131 -0.012331
v -0.144060 0.182422 -0.033020
v -0.145438 0.186767 -0.021628
v 0.028694 0.583594 0.008288
v 0.029967 0.572703 0.010098
v 0.015297 0.572328 0.006282
v 0.013951 0.587547 0.003745
v 0.000000 0.572130 0.005002
v -0.000000 0.589081 0.001957
v 0.042606 0.583295 0.014022
v 0.044587 0.574041 0.016611
v 0.017001 0.558387 0.007919
v 0.000000 0.558120 0.006374
v 0.046598 0.560939 0.018817
v 0.032491 0.558869 0.012088
v -0.000000 0.604645 -0.000359
v 0.008970 0.605497 -0.000466
v 0.054007 0.587652 0.020307
v 0.056510 0.577451 0.025585
v -0.000000 0.621053 0.000374
v 0.008329 0.621193 -0.000159
v 0.000000 0.634994 0.005496
v 0.009892 0.633845 0.004633
v -0.000000 0.649477 0.014147
v 0.016551 0.647977 0.014077
v -0.000000 0.662184 0.024032
v 0.015905 0.661656 0.025025
v 0.057171 0.561327 0.027963
v 0.068403 0.582141 0.042613
v 0.066364 0.563272 0.043891
v 0.066738 0.596926 0.029623
v 0.017202 0.542787 0.010158
v 0.000000 0.542569 0.008545
v 0.016883 0.523839 0.013530
v 0.000001 0.524041 0.011609
v 0.033374 0.542423 0.014892
v 0.034270 0.523616 0.019630
v 0.047832 0.543948 0.022587
v 0.047839 0.526369 0.028666
v 0.057927 0.545162 0.032746
v 0.058259 0.529729 0.042276
v 0.064944 0.547666 0.048840
v 0.063838 0.531851 0.061253
v 0.017244 0.504663 0.017918
v 0.000015 0.504391 0.015146
v 0.073941 0.601252 0.050016
v 0.072355 0.607905 0.033419
v 0.074095 0.618814 0.034884
v 0.076050 0.615767 0.051590
v 0.019059 0.607131 -0.001224
v 0.020691 0.595160 0.002098
v 0.018473 0.620714 -0.001553
v 0.029110 0.665041 0.030731
v 0.031673 0.655166 0.022874
v 0.030431 0.592179 0.005057
v 0.042088 0.592097 0.008902
v 0.053343 0.595184 0.013912
v 0.064103 0.600705 0.021547
v 0.019646 0.630970 0.001937
v 0.023135 0.640467 0.008587
v 0.068591 0.609217 0.021968
v 0.071270 0.635601 0.036419
v 0.070143 0.621440 0.022703
v 0.065693 0.636018 0.024980
v 0.033266 0.643509 0.012459
v 0.048584 0.655716 0.030023
v 0.062643 0.648344 0.033833
v 0.059245 0.643923 0.025681
v 0.050418 0.646418 0.021861
v 0.040216 0.656905 0.027106
v 0.042081 0.646026 0.017418
v 0.037516 0.667603 0.035583
v 0.046520 0.667730 0.039628
v 0.060813 0.664732 0.044865
v 0.075701 0.640152 0.056516
v 0.072757 0.649797 0.051349
v 0.070948 0.663354 0.049731
v 0.031485 0.606191 -0.000631
v 0.031577 0.620011 -0.002030
v 0.032276 0.630081 0.001367
v 0.059016 0.605669 0.011334
v 0.061301 0.619383 0.010649
v 0.055998 0.635629 0.015289
v 0.045767 0.606234 0.002644
v 0.047043 0.620054 0.001624
v 0.044951 0.632944 0.006615
v 0.035983 0.506945 0.026932
v 0.049666 0.511046 0.037203
v 0.060123 0.514963 0.052792
v 0.065033 0.516310 0.073493
v -0.000000 0.674309 0.034723
v 0.015227 0.673575 0.035271
v 0.062937 0.533700 0.083193
v 0.062977 0.515720 0.095264
v 0.066296 0.500561 0.106297
v 0.068835 0.503374 0.083615
v 0.064514 0.502173 0.063025
v 0.053350 0.497556 0.044978
v 0.039127 0.491697 0.033464
v 0.018779 0.487669 0.023349
v 0.000205 0.485610 0.019700
v 0.054620 0.515019 0.110252
v 0.056912 0.497945 0.122179
v 0.041249 0.514474 0.117116
v 0.042695 0.497480 0.128614
v 0.023419 0.515671 0.118676
v 0.024400 0.499847 0.128923
v 0.065868 0.550722 0.072405
v 0.069053 0.565177 0.065679
v 0.071689 0.579731 0.065401
v 0.074769 0.597236 0.067083
v 0.077134 0.615058 0.066774
v 0.078161 0.634954 0.068531
v -0.000033 0.518017 0.117521
v -0.000174 0.501935 0.126664
v 0.024630 0.535528 0.110889
v -0.000010 0.536546 0.112453
v 0.041799 0.534560 0.108220
v 0.055180 0.534683 0.099745
v 0.027928 0.556857 0.109090
v -0.000001 0.558299 0.112056
v 0.045347 0.556529 0.103413
v 0.058139 0.554867 0.092557
v 0.030420 0.574963 0.112505
v 0.000000 0.579072 0.116599
v 0.049568 0.574240 0.105004
v 0.062888 0.572073 0.090629
v 0.032656 0.590051 0.117841
v 0.000000 0.594421 0.122830
v 0.054828 0.588334 0.107386
v 0.067573 0.584179 0.089264
v 0.036549 0.608607 0.124322
v 0.000000 0.612839 0.129297
v 0.060438 0.601281 0.109412
v 0.071866 0.597514 0.088793
v 0.075758 0.612920 0.089186
v 0.080252 0.632237 0.090582
v 0.027422 0.675581 0.039386
v 0.035843 0.677654 0.043338
v 0.045900 0.678784 0.047237
v 0.060281 0.677781 0.050214
v 0.044445 0.689223 0.052830
v 0.058576 0.690756 0.054174
v 0.034204 0.687761 0.050378
v 0.025903 0.686201 0.047918
v 0.014336 0.685439 0.045591
v -0.000000 0.686740 0.045836
v 0.066197 0.616306 0.111718
v 0.040194 0.626756 0.129048
v 0.000000 0.631786 0.133731
v 0.076989 0.637592 0.112449
v 0.042611 0.642292 0.131413
v 0.000000 0.647024 0.135749
v 0.040489 0.656220 0.134043
v 0.073411 0.652880 0.124577
v 0.070370 0.666499 0.129472
v 0.036071 0.673263 0.135244
v 0.000000 0.660889 0.136575
v -0.000000 0.673663 0.136453
v 0.070634 0.684729 0.130763
v 0.054843 0.689840 0.132362
v 0.072418 0.699080 0.128057
v 0.057378 0.702973 0.129118
v 0.074674 0.709893 0.122697
v 0.059603 0.714241 0.123878
v 0.071738 0.678445 0.050272
v 0.072801 0.691863 0.052520
v 0.057448 0.705045 0.060619
v 0.073625 0.706386 0.058390
v 0.027046 0.690130 0.134042
v -0.000000 0.687627 0.134912
v 0.046016 0.708766 0.128043
v 0.041838 0.699153 0.131370
v 0.048770 0.718336 0.123024
v 0.039583 0.723038 0.121939
v 0.036587 0.715181 0.126094
v 0.031125 0.708688 0.128963
v 0.019980 0.703665 0.131033
v -0.000000 0.702996 0.131489
v 0.051278 0.726828 0.113316
v 0.042423 0.730828 0.113152
v 0.060039 0.724396 0.112850
v 0.033025 0.736294 0.110175
v 0.032494 0.726511 0.120587
v 0.014754 0.713316 0.127887
v -0.000000 0.712938 0.127986
v 0.030450 0.719154 0.124687
v 0.023593 0.715719 0.126580
v 0.024316 0.726677 0.121588
v 0.014712 0.725664 0.122520
v -0.000000 0.724759 0.121755
v 0.025188 0.735237 0.115023
v 0.014830 0.731952 0.118393
v -0.000000 0.729495 0.119460
v 0.043000 0.702666 0.060657
v 0.042827 0.710252 0.066606
v 0.056344 0.711351 0.066539
v 0.056922 0.717172 0.076154
v 0.046000 0.718522 0.077028
v 0.059541 0.728358 0.103317
v 0.074633 0.725047 0.099437
v 0.072910 0.726586 0.098327
v 0.059760 0.729396 0.101305
v 0.059443 0.726831 0.104827
v 0.050168 0.729363 0.102186
v 0.073309 0.722362 0.079744
v 0.057251 0.719409 0.077225
v 0.057757 0.721566 0.078474
v 0.071668 0.723550 0.080386
v 0.031623 0.701241 0.059008
v 0.030868 0.710738 0.065772
v 0.032935 0.720771 0.075126
v 0.047403 0.726392 0.090387
v 0.038525 0.729245 0.088855
v 0.041822 0.733514 0.102044
v -0.000000 0.700063 0.056126
v 0.012192 0.699781 0.056435
v 0.022145 0.700535 0.057813
v -0.000000 0.706856 0.061595
v 0.011615 0.709031 0.063564
v 0.019726 0.713823 0.067309
v 0.032663 0.732113 0.087002
v 0.028750 0.723980 0.075382
v 0.024576 0.722246 0.074485
v 0.030422 0.731706 0.087293
v 0.038360 0.735973 0.098988
v 0.035983 0.736748 0.101192
v 0.022779 0.466084 0.031299
v 0.000938 0.463418 0.027522
v 0.046879 0.474745 0.042646
v 0.061622 0.485043 0.056526
v 0.069751 0.492991 0.072887
v 0.072221 0.494577 0.091893
v 0.069413 0.488428 0.116311
v 0.060234 0.479557 0.134182
v 0.044906 0.478314 0.140547
v 0.025546 0.483808 0.140106
v 0.025637 0.480160 0.141966
v -0.000144 0.483343 0.138916
v 0.001072 0.459487 0.028916
v 0.023561 0.462242 0.032931
v 0.048833 0.471712 0.045039
v 0.062867 0.482530 0.060034
v 0.069725 0.490912 0.076271
v 0.071621 0.492491 0.093963
v 0.069122 0.485001 0.118302
v 0.060536 0.474953 0.136107
v 0.045241 0.473775 0.142588
v 0.072975 0.713023 0.064626
v 0.074070 0.720318 0.078542
v 0.076186 0.724314 0.089705
v 0.074149 0.725778 0.089407
v 0.074922 0.720204 0.111344
v 0.075465 0.723215 0.100956
v 0.077516 0.722113 0.090264
v 0.078238 0.722156 0.100448
v 0.077065 0.719654 0.078797
v 0.078732 0.718877 0.111133
v 0.078248 0.708385 0.122308
v 0.076007 0.697992 0.127149
v 0.074338 0.683870 0.129382
v 0.076200 0.665818 0.127764
v 0.079012 0.653109 0.122393
v 0.081466 0.640854 0.109334
v 0.081315 0.636586 0.090596
v 0.078738 0.639391 0.069646
v 0.076926 0.644168 0.059945
v 0.077037 0.646233 0.061809
v 0.075319 0.650785 0.053943
v 0.073617 0.663290 0.050237
v 0.074886 0.678425 0.049715
v 0.076334 0.692042 0.051966
v 0.077230 0.706465 0.058299
v 0.076954 0.712842 0.064496
v 0.076205 0.722865 0.090152
v 0.031505 0.723346 0.075938
v 0.036482 0.730425 0.087857
v 0.048586 0.736692 0.096503
v 0.043619 0.733563 0.086221
v 0.052592 0.735617 0.084200
v 0.056640 0.736670 0.091978
v 0.040632 0.734722 0.099337
v 0.040854 0.735814 0.085318
v 0.046972 0.738256 0.096141
v 0.055745 0.737815 0.091724
v 0.051171 0.737189 0.083620
v 0.044782 0.732630 0.076434
v 0.043558 0.733506 0.076018
v 0.035475 0.729097 0.074569
v 0.037557 0.728082 0.075192
v 0.029440 0.731740 0.087642
v 0.022892 0.722582 0.075375
v 0.017762 0.715406 0.069024
v 0.011105 0.710500 0.065303
v -0.000000 0.708093 0.063197
v 0.024637 0.736879 0.112964
v 0.031154 0.737620 0.108131
v 0.033672 0.736655 0.100835
v 0.014427 0.733367 0.116790
v -0.000000 0.730712 0.118285
v 0.059569 0.726691 0.090144
v 0.050396 0.728376 0.089835
v 0.052088 0.731049 0.099201
v 0.049462 0.722624 0.079329
v 0.051222 0.730371 0.100462
v 0.049040 0.727284 0.090193
v 0.048120 0.720757 0.078286
v -0.028694 0.583594 0.008288
v -0.013951 0.587547 0.003745
v -0.015297 0.572328 0.006282
v -0.029967 0.572703 0.010098
v -0.044587 0.574041 0.016611
v -0.042606 0.583295 0.014022
v -0.017001 0.558387 0.007919
v -0.032491 0.558869 0.012088
v -0.046598 0.560939 0.018817
v -0.008970 0.605497 -0.000466
v -0.056510 0.577451 0.025585
v -0.054007 0.587652 0.020307
v -0.008329 0.621193 -0.000159
v -0.009892 0.633845 0.004633
v -0.016551 0.647977 0.014077
v -0.015905 0.661656 0.025025
v -0.057171 0.561325 0.027956
v -0.066363 0.563257 0.043839
v -0.068403 0.582141 0.042613
v -0.066738 0.596926 0.029623
v -0.017202 0.542787 0.010157
v -0.016866 0.523831 0.013533
v -0.033368 0.542418 0.014888
v -0.034145 0.523549 0.019623
v -0.047793 0.543929 0.022576
v -0.047481 0.526209 0.028620
v -0.057853 0.545119 0.032684
v -0.057655 0.529497 0.042136
v -0.064839 0.547545 0.048505
v -0.063040 0.531598 0.061049
v -0.017083 0.504591 0.017982
v -0.073941 0.601252 0.050016
v -0.076050 0.615767 0.051590
v -0.074095 0.618814 0.034884
v -0.072355 0.607905 0.033419
v -0.020691 0.595160 0.002098
v -0.019059 0.607131 -0.001224
v -0.018473 0.620714 -0.001553
v -0.031673 0.655166 0.022874
v -0.029110 0.665041 0.030731
v -0.030431 0.592179 0.005057
v -0.042088 0.592097 0.008902
v -0.053343 0.595184 0.013912
v -0.064103 0.600705 0.021547
v -0.019646 0.630970 0.001937
v -0.023135 0.640467 0.008587
v -0.068591 0.609217 0.021968
v -0.071270 0.635601 0.036419
v -0.065693 0.636018 0.024980
v -0.070143 0.621440 0.022703
v -0.033266 0.643510 0.012459
v -0.048584 0.655716 0.030023
v -0.050418 0.646418 0.021861
v -0.059245 0.643923 0.025681
v -0.062643 0.648344 0.033833
v -0.040216 0.656905 0.027106
v -0.042081 0.646026 0.017418
v -0.037516 0.667603 0.035583
v -0.046520 0.667730 0.039628
v -0.060813 0.664732 0.044865
v -0.075701 0.640152 0.056516
v -0.072757 0.649797 0.051349
v -0.070948 0.663354 0.049731
v -0.031485 0.606191 -0.000631
v -0.031577 0.620011 -0.002030
v -0.032276 0.630081 0.001367
v -0.059016 0.605669 0.011334
v -0.061301 0.619383 0.010649
v -0.055998 0.635629 0.015289
v -0.045767 0.606234 0.002644
v -0.047043 0.620054 0.001624
v -0.044951 0.632944 0.006615
v -0.035299 0.506647 0.027082
v -0.048677 0.510676 0.037311
v -0.058887 0.514567 0.052794
v -0.063630 0.515895 0.073396
v -0.015227 0.673575 0.035271
v -0.061673 0.515305 0.095061
v -0.062196 0.533478 0.082793
v -0.066833 0.502776 0.083626
v -0.064477 0.499882 0.106332
v -0.062600 0.501569 0.063113
v -0.051704 0.496906 0.045200
v -0.037819 0.491061 0.033779
v -0.018065 0.487357 0.023550
v -0.053646 0.514669 0.109890
v -0.055561 0.497198 0.122227
v -0.040705 0.514336 0.116505
v -0.041897 0.496949 0.128486
v -0.024176 0.499777 0.128518
v -0.023376 0.515967 0.117659
v -0.065761 0.550616 0.071864
v -0.069051 0.565164 0.065597
v -0.071689 0.579731 0.065401
v -0.074769 0.597236 0.067083
v -0.077134 0.615058 0.066774
v -0.078161 0.634954 0.068531
v -0.024677 0.535671 0.110355
v -0.041686 0.534668 0.107215
v -0.054717 0.534592 0.098983
v -0.027936 0.556873 0.109027
v -0.045341 0.556550 0.103257
v -0.058081 0.554848 0.092364
v -0.030420 0.574963 0.112505
v -0.049568 0.574240 0.105004
v -0.062888 0.572071 0.090616
v -0.032656 0.590051 0.117841
v -0.054828 0.588334 0.107386
v -0.067573 0.584179 0.089264
v -0.036549 0.608607 0.124322
v -0.060438 0.601281 0.109412
v -0.071866 0.597514 0.088793
v -0.075758 0.612920 0.089186
v -0.080252 0.632237 0.090582
v -0.035843 0.677654 0.043338
v -0.027422 0.675581 0.039386
v -0.045900 0.678784 0.047237
v -0.060281 0.677781 0.050214
v -0.058576 0.690756 0.054174
v -0.044445 0.689223 0.052830
v -0.034204 0.687761 0.050378
v -0.025902 0.686201 0.047918
v -0.014336 0.685440 0.045591
v -0.066197 0.616306 0.111718
v -0.040194 0.626756 0.129048
v -0.076989 0.637592 0.112449
v -0.042611 0.642293 0.131413
v -0.040489 0.656220 0.134043
v -0.036071 0.673263 0.135244
v -0.070370 0.666499 0.129472
v -0.073411 0.652880 0.124577
v -0.054843 0.689840 0.132362
v -0.070634 0.684729 0.130763
v -0.057378 0.702973 0.129118
v -0.072418 0.699080 0.128057
v -0.059603 0.714241 0.123878
v -0.074674 0.709893 0.122697
v -0.071738 0.678445 0.050272
v -0.072801 0.691863 0.052520
v -0.073625 0.706386 0.058390
v -0.057448 0.705045 0.060619
v -0.027046 0.690130 0.134042
v -0.041838 0.699153 0.131370
v -0.046016 0.708766 0.128043
v -0.048770 0.718336 0.123024
v -0.036587 0.715181 0.126094
v -0.039583 0.723038 0.121939
v -0.031125 0.708688 0.128963
v -0.019980 0.703665 0.131033
v -0.042423 0.730828 0.113152
v -0.051278 0.726828 0.113316
v -0.060039 0.724396 0.112850
v -0.032494 0.726511 0.120587
v -0.033025 0.736294 0.110175
v -0.014754 0.713316 0.127887
v -0.030450 0.719154 0.124687
v -0.023593 0.715719 0.126580
v -0.024316 0.726677 0.121588
v -0.014712 0.725664 0.122520
v -0.025188 0.735237 0.115023
v -0.014830 0.731952 0.118393
v -0.043000 0.702666 0.060657
v -0.056344 0.711352 0.066539
v -0.042827 0.710252 0.066606
v -0.056922 0.717172 0.076154
v -0.046000 0.718522 0.077028
v -0.059541 0.728358 0.103317
v -0.059760 0.729396 0.101305
v -0.072910 0.726586 0.098327
v -0.074633 0.725047 0.099437
v -0.050168 0.729363 0.102186
v -0.059443 0.726831 0.104827
v -0.073309 0.722363 0.079744
v -0.071668 0.723550 0.080386
v -0.057757 0.721566 0.078474
v -0.057251 0.719409 0.077225
v -0.031623 0.701241 0.059008
v -0.030868 0.710738 0.065772
v -0.032935 0.720771 0.075126
v -0.047403 0.726392 0.090387
v -0.038525 0.729245 0.088855
v -0.041822 0.733514 0.102044
v -0.012192 0.699781 0.056435
v -0.022145 0.700535 0.057813
v -0.011615 0.709031 0.063564
v -0.019726 0.713823 0.067309
v -0.032663 0.732113 0.087002
v -0.030422 0.731706 0.087293
v -0.024576 0.722246 0.074485
v -0.028750 0.723980 0.075382
v -0.038360 0.735973 0.098988
v -0.035983 0.736748 0.101192
v -0.020689 0.465459 0.031559
v -0.044296 0.473406 0.043181
v -0.058795 0.483849 0.056818
v -0.067053 0.492130 0.073007
v -0.069723 0.493803 0.091990
v -0.067260 0.487415 0.116599
v -0.058667 0.478056 0.134763
v -0.044011 0.477005 0.141033
v -0.025273 0.483384 0.140146
v -0.000171 0.486911 0.137255
v -0.025358 0.479655 0.142090
v -0.021205 0.461550 0.033206
v -0.045913 0.470234 0.045643
v -0.059748 0.481173 0.060347
v -0.066806 0.489924 0.076418
v -0.068965 0.491603 0.094111
v -0.066870 0.483825 0.118681
v -0.058919 0.473203 0.136823
v -0.044344 0.472261 0.143202
v -0.072975 0.713023 0.064626
v -0.074070 0.720318 0.078542
v -0.076186 0.724314 0.089705
v -0.074149 0.725778 0.089407
v -0.075465 0.723215 0.100956
v -0.074922 0.720204 0.111344
v -0.077516 0.722113 0.090264
v -0.078238 0.722156 0.100448
v -0.077065 0.719654 0.078797
v -0.078732 0.718877 0.111133
v -0.078248 0.708385 0.122308
v -0.076007 0.697992 0.127149
v -0.074338 0.683870 0.129382
v -0.076200 0.665818 0.127764
v -0.079012 0.653109 0.122393
v -0.081466 0.640854 0.109334
v -0.081315 0.636586 0.090596
v -0.078738 0.639391 0.069646
v -0.076926 0.644168 0.059945
v -0.075319 0.650785 0.053943
v -0.073617 0.663290 0.050237
v -0.074886 0.678426 0.049715
v -0.076334 0.692042 0.051966
v -0.077230 0.706465 0.058299
v -0.076954 0.712842 0.064496
v -0.076205 0.722865 0.090153
v -0.036482 0.730425 0.087857
v -0.031505 0.723346 0.075938
v -0.048586 0.736692 0.096503
v -0.056640 0.736670 0.091978
v -0.052592 0.735617 0.084200
v -0.043619 0.733563 0.086221
v -0.040632 0.734721 0.099337
v -0.040854 0.735814 0.085318
v -0.051171 0.737189 0.083620
v -0.055745 0.737815 0.091724
v -0.046972 0.738256 0.096141
v -0.043558 0.733506 0.076018
v -0.044782 0.732630 0.076434
v -0.035475 0.729097 0.074569
v -0.037557 0.728082 0.075192
v -0.029440 0.731740 0.087642
v -0.022892 0.722582 0.075375
v -0.017762 0.715406 0.069024
v -0.011105 0.710500 0.065303
v -0.024637 0.736879 0.112964
v -0.031154 0.737620 0.108131
v -0.033672 0.736655 0.100835
v -0.014427 0.733367 0.116790
v -0.052088 0.731049 0.099201
v -0.050396 0.728376 0.089835
v -0.059569 0.726691 0.090144
v -0.049462 0.722624 0.079329
v -0.051222 0.730371 0.100462
v -0.049040 0.727284 0.090193
v -0.048120 0.720757 0.078286
v 0.024554 0.790754 0.105068
v 0.018299 0.793176 0.112048
v 0.008584 0.793269 0.116948
v 0.000000 0.791995 0.119031
v 0.026784 0.787772 0.094615
v 0.002790 0.758230 0.063220
v 0.011014 0.762457 0.067055
v 0.000000 0.756003 0.062178
v 0.019177 0.771104 0.074380
v 0.025453 0.783387 0.086262
v -0.018299 0.793176 0.112048
v -0.024554 0.790754 0.105068
v -0.008584 0.793269 0.116948
v -0.026784 0.787772 0.094615
v -0.011014 0.762457 0.067055
v -0.002790 0.758231 0.063220
v -0.025453 0.783387 0.086262
v -0.019177 0.771104 0.074380
v 0.179367 0.047013 -0.050192
v 0.178928 0.051338 -0.033380
v 0.175654 0.047105 -0.032156
v 0.175974 0.042527 -0.050351
v 0.177738 0.070447 -0.011125
v 0.180477 0.063979 -0.034989
v 0.177577 0.082899 -0.016344
v 0.159441 0.047002 -0.032429
v 0.158757 0.042852 -0.052321
v 0.176997 0.046954 -0.069868
v 0.175213 0.058146 -0.068106
v 0.178726 0.064292 -0.048607
v 0.159645 0.078557 0.002135
v 0.162715 0.065693 -0.010662
v 0.175663 0.066261 -0.009759
v 0.175766 0.081952 0.006046
v 0.140905 0.047028 -0.076519
v 0.139358 0.056365 -0.075647
v 0.155419 0.063680 -0.081185
v 0.155989 0.052282 -0.085726
v 0.143720 0.044182 -0.073997
v 0.142277 0.042978 -0.052192
v 0.138359 0.046661 -0.052833
v 0.174048 0.103514 0.028535
v 0.155885 0.110236 0.037540
v 0.155910 0.104761 0.038194
v 0.173355 0.098524 0.029935
v 0.158321 0.148930 0.008842
v 0.144171 0.147411 0.003738
v 0.140186 0.117564 0.019813
v 0.156124 0.123491 0.029995
v 0.140308 0.103326 0.026816
v 0.141267 0.098400 0.028314
v 0.176044 0.136019 -0.014336
v 0.176156 0.139584 -0.006095
v 0.177043 0.109691 0.008390
v 0.176969 0.100823 -0.002875
v 0.155153 0.076004 -0.052856
v 0.154858 0.099695 -0.038471
v 0.170692 0.097411 -0.025194
v 0.177388 0.085839 0.003770
v 0.177157 0.094670 0.014594
v 0.173454 0.117131 0.020793
v 0.172148 0.143330 0.000229
v 0.170538 0.133729 -0.030287
v 0.157164 0.133997 -0.038993
v 0.159591 0.162893 -0.057028
v 0.173795 0.163431 -0.048478
v 0.136178 0.098446 -0.003405
v 0.135910 0.107905 0.007802
v 0.138347 0.141420 -0.006529
v 0.138098 0.136098 -0.018152
v 0.137949 0.174682 -0.019351
v 0.138919 0.168299 -0.034785
v 0.146294 0.069757 -0.012583
v 0.139779 0.051068 -0.034112
v 0.143219 0.047626 -0.032929
v 0.149504 0.066357 -0.011340
v 0.139177 0.096232 -0.025116
v 0.135721 0.061671 -0.052058
v 0.139285 0.085438 0.002575
v 0.141149 0.080179 -0.016894
v 0.137831 0.094247 0.013280
v 0.141585 0.082034 0.004300
v 0.139086 0.090336 0.014800
v 0.143785 0.180981 -0.006144
v 0.143683 0.134598 -0.030918
v 0.147322 0.164330 -0.049985
v 0.179317 0.175320 -0.010501
v 0.162335 0.181152 0.000155
v 0.137347 0.061634 -0.035722
v 0.181586 0.167790 -0.028767
v 0.182235 0.171296 -0.019096
v 0.139525 0.179562 -0.021945
v 0.140526 0.173690 -0.036298
v 0.181509 0.175791 -0.023299
v 0.179012 0.179804 -0.013683
v 0.162982 0.185370 -0.003516
v 0.145176 0.185361 -0.009622
v 0.148642 0.169701 -0.050414
v 0.160676 0.168125 -0.056638
v 0.173932 0.168927 -0.048726
v 0.180875 0.172728 -0.031849
v 0.173866 0.043626 -0.069319
v 0.156514 0.046746 -0.080550
v 0.176684 0.089995 0.016420
v 0.250935 0.466998 0.080061
v 0.249460 0.463529 0.071255
v 0.255733 0.457075 0.071561
v 0.257691 0.460395 0.079325
v 0.249468 0.463359 0.063591
v 0.255130 0.456482 0.062847
v 0.255888 0.470904 0.085229
v 0.262619 0.464173 0.083478
v 0.261644 0.474644 0.085959
v 0.266554 0.467441 0.084351
v 0.266877 0.478157 0.081887
v 0.270678 0.470816 0.081842
v 0.270081 0.480853 0.074427
v 0.274555 0.474410 0.074800
v 0.270404 0.481509 0.066932
v 0.275360 0.475168 0.067582
v 0.267552 0.479648 0.056379
v 0.272800 0.473273 0.056513
v 0.261169 0.473973 0.050355
v 0.267119 0.467446 0.049289
v 0.252087 0.465904 0.056029
v 0.257836 0.459285 0.054620
v 0.329931 0.407799 0.088804
v 0.325688 0.407008 0.094158
v 0.330826 0.398231 0.092352
v 0.333682 0.398632 0.088433
v 0.319963 0.404807 0.092203
v 0.325609 0.397630 0.091064
v 0.320079 0.404702 0.086055
v 0.326310 0.396406 0.086806
v 0.326910 0.406730 0.083631
v 0.331251 0.398045 0.084755
v 0.336291 0.392814 0.072255
v 0.341654 0.383300 0.071776
v 0.343985 0.382928 0.066702
v 0.339579 0.391825 0.065403
v 0.326165 0.389379 0.064279
v 0.334123 0.391036 0.060860
v 0.340362 0.382675 0.062691
v 0.334270 0.379997 0.065738
v 0.335749 0.380594 0.071437
v 0.328341 0.390460 0.072031
v 0.329796 0.405751 0.071377
v 0.332991 0.405743 0.064283
v 0.326284 0.403987 0.058899
v 0.318480 0.401726 0.062966
v 0.320182 0.404817 0.071856
v 0.320504 0.422024 0.070469
v 0.324010 0.422023 0.062821
v 0.318750 0.419149 0.057538
v 0.303862 0.413953 0.061314
v 0.302447 0.417848 0.072339
v 0.336911 0.385592 0.060673
v 0.333248 0.393005 0.060455
v 0.325893 0.389624 0.061317
v 0.332343 0.382907 0.061292
v 0.326751 0.405079 0.059106
v 0.316617 0.400634 0.060479
v 0.329523 0.381007 0.056119
v 0.323220 0.386991 0.054795
v 0.313642 0.397848 0.052606
v 0.299669 0.410706 0.051556
v 0.323295 0.424938 0.075621
v 0.330042 0.412681 0.077278
v 0.324433 0.411337 0.071121
v 0.335415 0.402506 0.078289
v 0.326188 0.412451 0.084051
v 0.332650 0.400979 0.084628
v 0.340507 0.392854 0.078591
v 0.339222 0.392180 0.082752
v 0.332085 0.400035 0.072917
v 0.317418 0.410536 0.083107
v 0.316995 0.408794 0.073664
v 0.324412 0.398844 0.074677
v 0.324719 0.400889 0.083363
v 0.327160 0.388636 0.050695
v 0.333811 0.391716 0.053964
v 0.337820 0.384102 0.056055
v 0.332502 0.382139 0.053171
v 0.333571 0.389203 0.076463
v 0.333858 0.389849 0.082934
v 0.338044 0.391338 0.074588
v 0.304894 0.420719 0.084107
v 0.318917 0.426001 0.082691
v 0.313430 0.415619 0.085209
v 0.322644 0.417192 0.083368
v 0.325058 0.418567 0.089232
v 0.319306 0.429659 0.088015
v 0.312474 0.416321 0.093552
v 0.304858 0.423839 0.092710
v 0.327478 0.403744 0.051587
v 0.318879 0.417545 0.050092
v 0.309761 0.426826 0.095695
v 0.319385 0.417291 0.095200
v 0.309034 0.412098 0.047109
v 0.319500 0.399829 0.048196
v 0.278400 0.407379 0.037028
v 0.285945 0.411108 0.037488
v 0.289214 0.397581 0.036497
v 0.283819 0.395686 0.036416
v 0.275983 0.405831 0.045844
v 0.282048 0.395508 0.042310
v 0.285315 0.402027 0.044799
v 0.281944 0.414608 0.049005
v 0.290030 0.399888 0.041688
v 0.287211 0.412809 0.044475
v 0.312375 0.428097 0.049097
v 0.302276 0.419556 0.046175
v 0.302803 0.434084 0.094061
v 0.312325 0.437669 0.087380
v 0.332056 0.395574 0.087976
v 0.272335 0.423153 0.041394
v 0.270058 0.419781 0.050593
v 0.296914 0.427998 0.090933
v 0.282052 0.426398 0.040691
v 0.268569 0.439681 0.045689
v 0.266172 0.433132 0.061446
v 0.287765 0.423100 0.044250
v 0.277951 0.421738 0.054650
v 0.280497 0.443551 0.045291
v 0.279770 0.427690 0.061118
v 0.293531 0.433211 0.045429
v 0.281063 0.451986 0.086672
v 0.290220 0.457676 0.079075
v 0.273088 0.442845 0.082671
v 0.279821 0.465286 0.057185
v 0.287795 0.456380 0.056404
v 0.277782 0.455943 0.048865
v 0.274919 0.462472 0.049765
v 0.282733 0.467616 0.067432
v 0.290527 0.458635 0.067857
v 0.269372 0.458702 0.048824
v 0.270973 0.452490 0.047485
v 0.264374 0.448204 0.050939
v 0.262408 0.453657 0.053235
v 0.264203 0.451343 0.077843
v 0.259331 0.450117 0.062291
v 0.261107 0.444524 0.060233
v 0.293221 0.414731 0.052559
v 0.292506 0.422127 0.046461
v 0.281447 0.466504 0.076797
v 0.272740 0.459502 0.084037
v 0.287125 0.391889 0.037251
v 0.284358 0.418245 0.052960
v 0.314922 0.430610 0.055815
v 0.337013 0.380299 0.057656
v 0.317236 0.434823 0.075617
v 0.316646 0.434833 0.081894
v 0.340174 0.388101 0.078107
v 0.343047 0.378889 0.067603
v 0.317225 0.433302 0.061331
v 0.318034 0.432733 0.068987
v -0.165793 0.046230 -0.052774
v -0.161988 0.042103 -0.052374
v -0.164451 0.046988 -0.034424
v -0.167937 0.050852 -0.036174
v -0.171473 0.070354 -0.014525
v -0.171856 0.082707 -0.020055
v -0.170487 0.063255 -0.038337
v -0.148405 0.048504 -0.032648
v -0.144774 0.044117 -0.052166
v -0.167043 0.063521 -0.051627
v -0.160476 0.057426 -0.070338
v -0.160924 0.046085 -0.071984
v -0.156099 0.080457 0.000616
v -0.172837 0.082278 0.002336
v -0.169193 0.066415 -0.012785
v -0.156244 0.067130 -0.012029
v -0.124456 0.049660 -0.074033
v -0.138672 0.053227 -0.085216
v -0.139800 0.064697 -0.080972
v -0.123948 0.059118 -0.073243
v -0.124947 0.049939 -0.050214
v -0.128538 0.045894 -0.049965
v -0.127281 0.046589 -0.071804
v -0.176079 0.103767 0.024293
v -0.175077 0.098916 0.025796
v -0.159516 0.106746 0.036134
v -0.159953 0.112128 0.035488
v -0.162758 0.150771 0.007441
v -0.160587 0.125226 0.028157
v -0.142986 0.121173 0.020002
v -0.148003 0.150821 0.004130
v -0.143195 0.102037 0.028244
v -0.142548 0.107004 0.026849
v -0.176047 0.136764 -0.017992
v -0.174749 0.100948 -0.007060
v -0.177140 0.109845 0.004011
v -0.177549 0.140120 -0.009775
v -0.144371 0.077480 -0.053212
v -0.165368 0.097895 -0.028295
v -0.148283 0.101712 -0.039480
v -0.174526 0.085958 -0.000229
v -0.176530 0.094835 0.010242
v -0.175898 0.117361 0.016798
v -0.174762 0.144071 -0.002938
v -0.168381 0.135332 -0.033196
v -0.154119 0.137089 -0.040160
v -0.172439 0.165367 -0.051098
v -0.157307 0.166509 -0.057801
v -0.134188 0.102631 -0.002373
v -0.138117 0.140688 -0.017049
v -0.140358 0.145706 -0.005461
v -0.136290 0.112172 0.008631
v -0.140211 0.173279 -0.033037
v -0.141820 0.179258 -0.017486
v -0.140185 0.072786 -0.011983
v -0.143182 0.069102 -0.011057
v -0.132390 0.050739 -0.031118
v -0.129178 0.054488 -0.031957
v -0.134159 0.099873 -0.024210
v -0.123902 0.065159 -0.049551
v -0.135568 0.083615 -0.015912
v -0.136729 0.089352 0.003413
v -0.137512 0.098354 0.013932
v -0.138560 0.094351 0.015356
v -0.138887 0.085758 0.004916
v -0.149864 0.184537 -0.005000
v -0.141883 0.138884 -0.030437
v -0.146217 0.168953 -0.049243
v -0.183811 0.175487 -0.013901
v -0.168968 0.182658 -0.001085
v -0.127598 0.065221 -0.033555
v -0.183015 0.168330 -0.032443
v -0.185214 0.171457 -0.022866
v -0.142170 0.178540 -0.034627
v -0.143561 0.184039 -0.020159
v -0.183578 0.180074 -0.016938
v -0.184441 0.176130 -0.026862
v -0.151259 0.188861 -0.008544
v -0.169588 0.186901 -0.004732
v -0.158970 0.171616 -0.057441
v -0.148024 0.174196 -0.049723
v -0.173114 0.170844 -0.051250
v -0.182443 0.173410 -0.035318
v -0.157581 0.043097 -0.070949
v -0.139317 0.047752 -0.079989
v -0.175836 0.090249 0.012206
v -0.250935 0.466998 0.080061
v -0.257691 0.460395 0.079325
v -0.255733 0.457075 0.071561
v -0.249460 0.463529 0.071255
v -0.255130 0.456482 0.062847
v -0.249468 0.463359 0.063591
v -0.255888 0.470904 0.085229
v -0.262619 0.464173 0.083478
v -0.261644 0.474644 0.085959
v -0.266554 0.467441 0.084351
v -0.266877 0.478157 0.081887
v -0.270678 0.470816 0.081842
v -0.270081 0.480853 0.074427
v -0.274555 0.474410 0.074800
v -0.270404 0.481509 0.066932
v -0.275360 0.475168 0.067582
v -0.267552 0.479648 0.056379
v -0.272800 0.473273 0.056513
v -0.261169 0.473973 0.050355
v -0.267119 0.467446 0.049289
v -0.252087 0.465904 0.056029
v -0.257836 0.459285 0.054620
v -0.329931 0.407799 0.088804
v -0.333682 0.398632 0.088433
v -0.330826 0.398231 0.092352
v -0.325688 0.407008 0.094158
v -0.325609 0.397630 0.091064
v -0.319963 0.404807 0.092203
v -0.326310 0.396405 0.086806
v -0.320079 0.404702 0.086055
v -0.326910 0.406730 0.083631
v -0.331251 0.398045 0.084755
v -0.336291 0.392814 0.072255
v -0.339579 0.391825 0.065403
v -0.343985 0.382928 0.066702
v -0.341654 0.383300 0.071776
v -0.326165 0.389379 0.064279
v -0.334270 0.379997 0.065738
v -0.340362 0.382675 0.062691
v -0.334123 0.391036 0.060860
v -0.328341 0.390460 0.072031
v -0.335749 0.380594 0.071437
v -0.329796 0.405751 0.071377
v -0.332990 0.405743 0.064283
v -0.326284 0.403987 0.058899
v -0.318480 0.401726 0.062966
v -0.320183 0.404817 0.071856
v -0.320504 0.422024 0.070469
v -0.324010 0.422023 0.062821
v -0.318750 0.419149 0.057538
v -0.303862 0.413953 0.061314
v -0.302447 0.417848 0.072339
v -0.336911 0.385592 0.060673
v -0.332343 0.382907 0.061292
v -0.325893 0.389624 0.061317
v -0.333248 0.393005 0.060455
v -0.326751 0.405079 0.059106
v -0.316617 0.400634 0.060479
v -0.329523 0.381007 0.056119
v -0.323220 0.386991 0.054795
v -0.313642 0.397848 0.052606
v -0.299669 0.410706 0.051556
v -0.323295 0.424938 0.075621
v -0.324433 0.411337 0.071122
v -0.330042 0.412681 0.077278
v -0.335415 0.402506 0.078289
v -0.332650 0.400979 0.084628
v -0.326188 0.412451 0.084051
v -0.340507 0.392854 0.078591
v -0.339222 0.392180 0.082752
v -0.332085 0.400035 0.072917
v -0.317418 0.410536 0.083107
v -0.324719 0.400889 0.083363
v -0.324412 0.398844 0.074677
v -0.316995 0.408794 0.073664
v -0.327160 0.388635 0.050695
v -0.332502 0.382139 0.053171
v -0.337820 0.384102 0.056055
v -0.333811 0.391716 0.053964
v -0.333858 0.389849 0.082934
v -0.333571 0.389203 0.076463
v -0.338044 0.391338 0.074588
v -0.304894 0.420719 0.084107
v -0.318917 0.426001 0.082691
v -0.313430 0.415619 0.085209
v -0.322644 0.417191 0.083368
v -0.325058 0.418567 0.089232
v -0.319306 0.429659 0.088015
v -0.312474 0.416321 0.093552
v -0.304858 0.423839 0.092710
v -0.327478 0.403743 0.051587
v -0.318879 0.417545 0.050092
v -0.319385 0.417291 0.095200
v -0.309761 0.426826 0.095695
v -0.319500 0.399829 0.048196
v -0.309034 0.412098 0.047109
v -0.278400 0.407379 0.037028
v -0.283818 0.395686 0.036416
v -0.289214 0.397581 0.036497
v -0.285945 0.411108 0.037488
v -0.275983 0.405831 0.045845
v -0.285315 0.402027 0.044799
v -0.282048 0.395508 0.042310
v -0.281944 0.414608 0.049005
v -0.290030 0.399888 0.041688
v -0.287211 0.412809 0.044475
v -0.312375 0.428097 0.049097
v -0.302276 0.419556 0.046175
v -0.302803 0.434084 0.094061
v -0.312325 0.437669 0.087380
v -0.332056 0.395574 0.087976
v -0.272335 0.423153 0.041394
v -0.270058 0.419781 0.050593
v -0.296914 0.427998 0.090933
v -0.282052 0.426398 0.040691
v -0.268569 0.439681 0.045689
v -0.266172 0.433132 0.061446
v -0.287765 0.423100 0.044250
v -0.277951 0.421738 0.054650
v -0.280497 0.443551 0.045291
v -0.279770 0.427690 0.061118
v -0.293531 0.433211 0.045429
v -0.281063 0.451986 0.086672
v -0.290221 0.457676 0.079075
v -0.273088 0.442845 0.082671
v -0.279821 0.465286 0.057185
v -0.274919 0.462472 0.049765
v -0.277782 0.455943 0.048865
v -0.287795 0.456380 0.056404
v -0.282733 0.467616 0.067432
v -0.290527 0.458635 0.067857
v -0.269372 0.458702 0.048824
v -0.262408 0.453657 0.053235
v -0.264374 0.448204 0.050939
v -0.270973 0.452490 0.047485
v -0.264203 0.451343 0.077843
v -0.261107 0.444524 0.060233
v -0.259331 0.450117 0.062291
v -0.292506 0.422127 0.046461
v -0.293221 0.414731 0.052559
v -0.272740 0.459502 0.084037
v -0.281447 0.466504 0.076797
v -0.287125 0.391889 0.037251
v -0.284358 0.418245 0.052960
v -0.314922 0.430610 0.055815
v -0.337013 0.380299 0.057656
v -0.317236 0.434823 0.075617
v -0.316646 0.434833 0.081895
v -0.340174 0.388101 0.078107
v -0.343047 0.378889 0.067603
v -0.317225 0.433302 0.061331
v -0.318034 0.432733 0.068987
v 0.158479 0.079280 0.007171
v 0.157034 0.073518 0.011552
v 0.148184 0.075168 0.013042
v 0.143953 0.081326 0.009982
v 0.172347 0.081491 0.011889
v 0.145473 0.090436 0.026853
v 0.148282 0.080836 0.024741
v 0.155318 0.081276 0.027410
v 0.155908 0.092679 0.032221
v 0.141807 0.086022 0.016551
v 0.145685 0.078790 0.018747
v 0.173410 0.085243 0.018176
v 0.168233 0.090075 0.027898
v 0.163531 0.080418 0.025410
v 0.167150 0.078242 0.020126
v 0.165868 0.075573 0.014803
v 0.162346 0.067291 0.018630
v 0.156433 0.065882 0.016446
v 0.160844 0.070425 0.025786
v 0.163258 0.069109 0.022435
v 0.155270 0.070914 0.027026
v 0.150571 0.066995 0.017373
v 0.148747 0.069447 0.021481
v 0.150483 0.070712 0.025347
v 0.160127 0.065765 0.020059
v 0.156150 0.065049 0.018076
v 0.159488 0.067996 0.025618
v 0.160640 0.066977 0.023275
v 0.155560 0.068391 0.026493
v 0.151722 0.065606 0.018882
v 0.151332 0.066788 0.021960
v 0.152676 0.067881 0.025109
v -0.155655 0.081371 0.005665
v -0.141873 0.084891 0.010199
v -0.145822 0.078365 0.012735
v -0.154208 0.075828 0.010197
v -0.170158 0.082234 0.008518
v -0.146380 0.093771 0.026381
v -0.157571 0.094899 0.030331
v -0.155283 0.083773 0.025920
v -0.147959 0.084040 0.024182
v -0.141044 0.089812 0.016825
v -0.144439 0.082257 0.018645
v -0.172365 0.085884 0.014463
v -0.168938 0.091126 0.024548
v -0.163054 0.082103 0.022934
v -0.163547 0.077018 0.012296
v -0.165749 0.079577 0.017334
v -0.153480 0.068319 0.015226
v -0.159738 0.069151 0.016657
v -0.161303 0.070898 0.020289
v -0.159475 0.072468 0.023883
v -0.154179 0.073517 0.025798
v -0.146890 0.072673 0.021143
v -0.147922 0.070019 0.016858
v -0.149221 0.073784 0.024738
v -0.153327 0.067530 0.016897
v -0.157579 0.067863 0.018376
v -0.158616 0.069044 0.021489
v -0.157878 0.070189 0.023939
v -0.154150 0.070979 0.025290
v -0.149240 0.069772 0.021343
v -0.149113 0.068532 0.018241
v -0.151077 0.070749 0.024287
v -0.010530 0.375643 0.039130
v -0.010883 0.366306 0.051539
vt 0.692943 0.229543
vt 0.691498 0.231590
vt 0.689355 0.229540
vt 0.691014 0.227597
vt 0.692425 0.225959
vt 0.694155 0.227792
vt 0.695819 0.229286
vt 0.694741 0.231065
vt 0.693516 0.233069
vt 0.696388 0.232195
vt 0.695256 0.234111
vt 0.697466 0.230395
vt 0.699315 0.231306
vt 0.698242 0.233175
vt 0.697169 0.235078
vt 0.688970 0.225198
vt 0.690578 0.223834
vt 0.687243 0.226783
vt 0.685432 0.223948
vt 0.687117 0.222772
vt 0.688814 0.221684
vt 0.685763 0.220744
vt 0.684192 0.221661
vt 0.683019 0.219330
vt 0.684469 0.218591
vt 0.685843 0.217702
vt 0.687334 0.219772
vt 0.682796 0.215788
vt 0.681412 0.216361
vt 0.679587 0.213073
vt 0.680934 0.212661
vt 0.682099 0.212168
vt 0.684047 0.215075
vt 0.755207 0.212867
vt 0.756602 0.213862
vt 0.754085 0.216636
vt 0.752669 0.215315
vt 0.751500 0.214210
vt 0.754011 0.211991
vt 0.756363 0.209745
vt 0.757518 0.210394
vt 0.758789 0.211063
vt 0.749676 0.217715
vt 0.750908 0.219361
vt 0.747901 0.221581
vt 0.746876 0.219704
vt 0.746027 0.218181
vt 0.748670 0.216376
vt 0.738138 0.224801
vt 0.739532 0.226379
vt 0.737414 0.227636
vt 0.736207 0.226101
vt 0.734995 0.224307
vt 0.736892 0.223082
vt 0.738666 0.221919
vt 0.739879 0.223590
vt 0.741363 0.225268
vt 0.733891 0.227344
vt 0.734978 0.228954
vt 0.732525 0.230320
vt 0.731476 0.228609
vt 0.730413 0.226687
vt 0.732752 0.225451
vt 0.729246 0.229978
vt 0.730354 0.231718
vt 0.728106 0.233218
vt 0.726978 0.231398
vt 0.726035 0.229708
vt 0.728231 0.228189
vt 0.724444 0.232816
vt 0.725419 0.234889
vt 0.723019 0.236301
vt 0.722202 0.233981
vt 0.721533 0.231963
vt 0.723655 0.230994
vt 0.700655 0.234246
vt 0.703104 0.235206
vt 0.702354 0.237530
vt 0.699710 0.236334
vt 0.701588 0.232208
vt 0.703815 0.233009
vt 0.705062 0.235850
vt 0.706747 0.236245
vt 0.706526 0.238791
vt 0.704576 0.238316
vt 0.705526 0.233617
vt 0.706986 0.234024
vt 0.708377 0.236458
vt 0.710063 0.236530
vt 0.710169 0.239153
vt 0.708355 0.239054
vt 0.708462 0.234224
vt 0.710039 0.234252
vt 0.711917 0.236502
vt 0.712069 0.239135
vt 0.711802 0.234142
vt 0.713868 0.233875
vt 0.714118 0.236271
vt 0.714369 0.238872
vt 0.720806 0.234641
vt 0.721630 0.237028
vt 0.720126 0.237522
vt 0.719329 0.235119
vt 0.718638 0.232937
vt 0.720113 0.232529
vt 0.716844 0.235736
vt 0.717380 0.238235
vt 0.716352 0.233429
vt 0.748115 0.215653
vt 0.750826 0.213536
vt 0.745527 0.217364
vt 0.745742 0.216611
vt 0.747883 0.215093
vt 0.750218 0.213392
vt 0.739918 0.219565
vt 0.740543 0.220965
vt 0.737998 0.220261
vt 0.737610 0.218268
vt 0.739664 0.217749
vt 0.742329 0.216879
vt 0.741742 0.218939
vt 0.742391 0.220128
vt 0.743507 0.218332
vt 0.744076 0.219316
vt 0.744376 0.216976
vt 0.753215 0.211353
vt 0.755443 0.209137
vt 0.751575 0.211817
vt 0.754108 0.208389
vt 0.685031 0.214080
vt 0.687064 0.216514
vt 0.682900 0.211517
vt 0.683140 0.210216
vt 0.685603 0.212442
vt 0.688012 0.214760
vt 0.688902 0.218692
vt 0.690534 0.220772
vt 0.690314 0.217260
vt 0.693001 0.220403
vt 0.691949 0.222915
vt 0.693340 0.224932
vt 0.693656 0.223036
vt 0.694095 0.224501
vt 0.694899 0.226635
vt 0.696604 0.227955
vt 0.695497 0.225745
vt 0.696910 0.226989
vt 0.698431 0.228824
vt 0.700392 0.229506
vt 0.698346 0.227088
vt 0.700793 0.227184
vt 0.702498 0.230269
vt 0.704449 0.231065
vt 0.703288 0.228505
vt 0.705640 0.229346
vt 0.705944 0.231848
vt 0.707260 0.232453
vt 0.706918 0.230757
vt 0.707629 0.231569
vt 0.708673 0.232713
vt 0.710176 0.232662
vt 0.708904 0.231598
vt 0.710129 0.231768
vt 0.711762 0.232331
vt 0.713622 0.231890
vt 0.711082 0.231118
vt 0.712744 0.230018
vt 0.715945 0.231508
vt 0.718157 0.231196
vt 0.715690 0.229741
vt 0.718688 0.228962
vt 0.719681 0.230967
vt 0.721160 0.230549
vt 0.720366 0.229336
vt 0.721381 0.229530
vt 0.723236 0.229672
vt 0.725465 0.228276
vt 0.723066 0.228473
vt 0.724914 0.227340
vt 0.727403 0.226302
vt 0.729325 0.224343
vt 0.725940 0.225514
vt 0.727495 0.222312
vt 0.731507 0.222995
vt 0.733772 0.221993
vt 0.730384 0.220453
vt 0.732708 0.219521
vt 0.735942 0.221077
vt 0.735204 0.218825
vt 0.709049 0.230553
vt 0.709168 0.229440
vt 0.709322 0.228122
vt 0.706048 0.227718
vt 0.706320 0.225101
vt 0.709384 0.225390
vt 0.712717 0.225293
vt 0.712813 0.228188
vt 0.715649 0.227899
vt 0.718682 0.226551
vt 0.715609 0.224845
vt 0.718637 0.223492
vt 0.723024 0.227022
vt 0.722970 0.225337
vt 0.722766 0.223439
vt 0.722380 0.220679
vt 0.726059 0.217698
vt 0.726780 0.220158
vt 0.703863 0.226991
vt 0.701632 0.225392
vt 0.702161 0.222863
vt 0.704232 0.224392
vt 0.696271 0.224793
vt 0.697190 0.223696
vt 0.698221 0.222371
vt 0.699146 0.220118
vt 0.694519 0.218722
vt 0.695705 0.216613
vt 0.729608 0.218305
vt 0.731970 0.217251
vt 0.728899 0.215840
vt 0.731390 0.214581
vt 0.691417 0.215236
vt 0.688566 0.212175
vt 0.689014 0.209333
vt 0.692354 0.212806
vt 0.747847 0.214248
vt 0.747634 0.212874
vt 0.746875 0.210727
vt 0.742661 0.213463
vt 0.742668 0.209915
vt 0.745931 0.207962
vt 0.749312 0.205694
vt 0.751712 0.207319
vt 0.685619 0.209802
vt 0.682624 0.207772
vt 0.682166 0.204805
vt 0.685607 0.206827
vt 0.739690 0.214852
vt 0.737241 0.215589
vt 0.736776 0.212284
vt 0.739637 0.211240
vt 0.734591 0.216367
vt 0.734021 0.213397
vt 0.699749 0.216237
vt 0.696720 0.213539
vt 0.697615 0.209980
vt 0.700271 0.211727
vt 0.702476 0.212826
vt 0.702322 0.218200
vt 0.704405 0.219373
vt 0.704598 0.213550
vt 0.706759 0.213875
vt 0.706529 0.219927
vt 0.709229 0.220034
vt 0.712253 0.219828
vt 0.709080 0.213777
vt 0.711763 0.213478
vt 0.715355 0.219442
vt 0.718531 0.218445
vt 0.715010 0.213200
vt 0.718320 0.212622
vt 0.693270 0.210159
vt 0.689646 0.206805
vt 0.690375 0.204339
vt 0.694143 0.207311
vt 0.686097 0.204187
vt 0.682585 0.201937
vt 0.683398 0.199187
vt 0.686830 0.201684
vt 0.745164 0.204730
vt 0.742258 0.206090
vt 0.741659 0.202392
vt 0.744537 0.201445
vt 0.747258 0.200531
vt 0.747966 0.203283
vt 0.739144 0.207277
vt 0.736102 0.208410
vt 0.735385 0.204487
vt 0.738471 0.203409
vt 0.733411 0.209611
vt 0.730796 0.210913
vt 0.730252 0.206882
vt 0.732817 0.205620
vt 0.727980 0.212349
vt 0.724971 0.214116
vt 0.724015 0.209904
vt 0.727176 0.208350
vt 0.721779 0.216409
vt 0.721192 0.211426
vt 0.737879 0.200083
vt 0.741101 0.199224
vt 0.734794 0.201038
vt 0.734219 0.197573
vt 0.737264 0.196747
vt 0.740486 0.195995
vt 0.732294 0.202035
vt 0.729820 0.203125
vt 0.729340 0.199299
vt 0.731733 0.198417
vt 0.726815 0.204361
vt 0.723687 0.205557
vt 0.723624 0.201090
vt 0.726575 0.200238
vt 0.720845 0.206528
vt 0.717958 0.207232
vt 0.717670 0.202150
vt 0.720674 0.201714
vt 0.714694 0.207630
vt 0.711585 0.207930
vt 0.711701 0.202729
vt 0.714554 0.202439
vt 0.700954 0.207586
vt 0.698441 0.206417
vt 0.699279 0.202311
vt 0.701755 0.203137
vt 0.703711 0.203461
vt 0.702986 0.208166
vt 0.705031 0.208539
vt 0.705653 0.203610
vt 0.707578 0.203529
vt 0.707090 0.208624
vt 0.709162 0.208342
vt 0.709485 0.203164
vt 0.694952 0.204280
vt 0.691114 0.201679
vt 0.691911 0.198478
vt 0.695780 0.200656
vt 0.687549 0.199118
vt 0.684122 0.196577
vt 0.684880 0.193587
vt 0.688325 0.196086
vt 0.744015 0.198516
vt 0.746774 0.197884
vt 0.743506 0.195373
vt 0.746423 0.194817
vt 0.712186 0.173142
vt 0.710492 0.172992
vt 0.711026 0.167517
vt 0.712664 0.167844
vt 0.714237 0.168109
vt 0.713888 0.173228
vt 0.713397 0.179321
vt 0.711598 0.179443
vt 0.709887 0.179541
vt 0.708639 0.172895
vt 0.706648 0.172976
vt 0.707065 0.167676
vt 0.709127 0.167414
vt 0.708070 0.179524
vt 0.706146 0.179443
vt 0.704536 0.173362
vt 0.702170 0.173736
vt 0.702659 0.169222
vt 0.704938 0.168443
vt 0.704113 0.179348
vt 0.701706 0.179172
vt 0.703801 0.185519
vt 0.701410 0.185147
vt 0.705729 0.185774
vt 0.705237 0.191949
vt 0.703380 0.191697
vt 0.701005 0.191264
vt 0.707627 0.185893
vt 0.709448 0.185882
vt 0.708979 0.192017
vt 0.707134 0.192048
vt 0.711145 0.185745
vt 0.712991 0.185631
vt 0.712586 0.191787
vt 0.710681 0.191879
vt 0.710059 0.197681
vt 0.712095 0.197417
vt 0.708281 0.197946
vt 0.706415 0.198033
vt 0.704513 0.197950
vt 0.702631 0.197705
vt 0.700214 0.197123
vt 0.696710 0.196026
vt 0.692816 0.194388
vt 0.693711 0.189478
vt 0.697554 0.190623
vt 0.698124 0.184679
vt 0.698663 0.178847
vt 0.694478 0.183811
vt 0.695288 0.178147
vt 0.699413 0.173782
vt 0.700137 0.169519
vt 0.696311 0.173241
vt 0.697218 0.169082
vt 0.715761 0.173138
vt 0.715945 0.168025
vt 0.717798 0.167748
vt 0.717764 0.172894
vt 0.717709 0.179132
vt 0.715478 0.179263
vt 0.715262 0.185691
vt 0.717748 0.185703
vt 0.717774 0.191960
vt 0.715040 0.191892
vt 0.714737 0.197334
vt 0.717678 0.197250
vt 0.719856 0.172521
vt 0.719811 0.167433
vt 0.721922 0.167139
vt 0.722018 0.172134
vt 0.722230 0.178377
vt 0.719960 0.178791
vt 0.720240 0.185447
vt 0.722679 0.185032
vt 0.723159 0.191334
vt 0.720518 0.191757
vt 0.720614 0.196984
vt 0.723461 0.196518
vt 0.724231 0.171845
vt 0.724074 0.166921
vt 0.726402 0.166765
vt 0.726588 0.171619
vt 0.726899 0.177708
vt 0.724521 0.178027
vt 0.725007 0.184568
vt 0.727343 0.184088
vt 0.727925 0.190095
vt 0.725581 0.190745
vt 0.726134 0.195833
vt 0.728650 0.195060
vt 0.729182 0.171419
vt 0.729044 0.166651
vt 0.731764 0.166572
vt 0.731878 0.171253
vt 0.732095 0.177080
vt 0.729431 0.177386
vt 0.729805 0.183626
vt 0.732434 0.183165
vt 0.732914 0.188881
vt 0.730328 0.189490
vt 0.731024 0.194327
vt 0.733551 0.193602
vt 0.734543 0.171130
vt 0.734327 0.166520
vt 0.737026 0.166508
vt 0.737386 0.171042
vt 0.737851 0.176566
vt 0.734865 0.176808
vt 0.735271 0.182688
vt 0.738354 0.182207
vt 0.738957 0.187534
vt 0.735808 0.188219
vt 0.736523 0.192849
vt 0.739720 0.192114
vt 0.740618 0.170981
vt 0.740157 0.166552
vt 0.743503 0.166624
vt 0.744045 0.170934
vt 0.744643 0.176153
vt 0.741165 0.176352
vt 0.741724 0.181735
vt 0.745237 0.181267
vt 0.745752 0.186182
vt 0.742304 0.186857
vt 0.742917 0.191445
vt 0.746115 0.190808
vt 0.689229 0.192183
vt 0.685795 0.189694
vt 0.686750 0.185180
vt 0.690158 0.187530
vt 0.691009 0.182243
vt 0.691890 0.176845
vt 0.687628 0.180324
vt 0.688480 0.175241
vt 0.692911 0.171854
vt 0.693751 0.167656
vt 0.689361 0.170045
vt 0.690009 0.165734
vt 0.694092 0.164631
vt 0.690166 0.163306
vt 0.690144 0.161342
vt 0.694139 0.161963
vt 0.697791 0.162536
vt 0.697680 0.165661
vt 0.700596 0.166098
vt 0.700759 0.163012
vt 0.703193 0.163260
vt 0.703033 0.166012
vt 0.705186 0.165474
vt 0.705244 0.163149
vt 0.707188 0.162825
vt 0.707227 0.164845
vt 0.709326 0.164488
vt 0.709297 0.162437
vt 0.711247 0.162127
vt 0.711255 0.164394
vt 0.712784 0.164555
vt 0.712710 0.162042
vt 0.714072 0.162031
vt 0.714218 0.164719
vt 0.715861 0.164633
vt 0.715721 0.161942
vt 0.717611 0.161875
vt 0.717695 0.164450
vt 0.719703 0.164320
vt 0.719695 0.161931
vt 0.721891 0.162026
vt 0.721821 0.164228
vt 0.723983 0.164155
vt 0.724115 0.162081
vt 0.726498 0.162077
vt 0.726330 0.164088
vt 0.729005 0.164010
vt 0.731732 0.163926
vt 0.729174 0.161999
vt 0.731865 0.161873
vt 0.734238 0.163840
vt 0.736840 0.163835
vt 0.734297 0.161726
vt 0.736787 0.161704
vt 0.739855 0.163995
vt 0.739654 0.161954
vt 0.742710 0.162340
vt 0.743076 0.164238
vt 0.724625 0.159230
vt 0.727031 0.159217
vt 0.722307 0.159161
vt 0.722919 0.155709
vt 0.725269 0.155750
vt 0.727609 0.155718
vt 0.729659 0.159119
vt 0.732244 0.158973
vt 0.730156 0.155606
vt 0.732629 0.155456
vt 0.734521 0.158814
vt 0.736827 0.158796
vt 0.734746 0.155309
vt 0.736867 0.155298
vt 0.739497 0.159071
vt 0.742349 0.159493
vt 0.739352 0.155557
vt 0.742018 0.155951
vt 0.719945 0.159011
vt 0.717701 0.158896
vt 0.717864 0.155518
vt 0.720345 0.155600
vt 0.715736 0.158929
vt 0.714039 0.159019
vt 0.714039 0.155641
vt 0.715797 0.155559
vt 0.712601 0.159075
vt 0.711071 0.159220
vt 0.710871 0.155801
vt 0.712490 0.155679
vt 0.709100 0.159579
vt 0.706999 0.159957
vt 0.706842 0.156488
vt 0.708906 0.156135
vt 0.705078 0.160160
vt 0.703041 0.160116
vt 0.702893 0.156615
vt 0.704926 0.156669
vt 0.700595 0.159758
vt 0.697645 0.159269
vt 0.697626 0.155773
vt 0.700480 0.156263
vt 0.694099 0.158834
vt 0.690254 0.158426
vt 0.690663 0.154847
vt 0.694270 0.155304
vt 0.739191 0.151619
vt 0.741744 0.151965
vt 0.736818 0.151394
vt 0.736553 0.145801
vt 0.738806 0.146006
vt 0.741237 0.146324
vt 0.734804 0.151413
vt 0.732775 0.151554
vt 0.732762 0.145954
vt 0.734655 0.145823
vt 0.694952 0.151434
vt 0.698119 0.151960
vt 0.691539 0.150893
vt 0.693250 0.145469
vt 0.696348 0.146105
vt 0.699221 0.146677
vt 0.700792 0.152455
vt 0.703064 0.152790
vt 0.701643 0.147120
vt 0.703738 0.147364
vt 0.705027 0.152840
vt 0.706896 0.152663
vt 0.705629 0.147341
vt 0.707450 0.147119
vt 0.708885 0.152321
vt 0.710791 0.151998
vt 0.709334 0.146771
vt 0.711140 0.146459
vt 0.712409 0.151879
vt 0.713993 0.151851
vt 0.712725 0.146347
vt 0.714315 0.146328
vt 0.715795 0.151797
vt 0.717997 0.151748
vt 0.716133 0.146298
vt 0.718382 0.146233
vt 0.720782 0.151735
vt 0.723575 0.151750
vt 0.721262 0.146112
vt 0.724117 0.146029
vt 0.725802 0.151787
vt 0.727913 0.151788
vt 0.726287 0.146080
vt 0.728260 0.146139
vt 0.730358 0.151694
vt 0.730524 0.146078
vt 0.737990 0.137466
vt 0.740209 0.137817
vt 0.735948 0.137232
vt 0.735272 0.128986
vt 0.737108 0.129248
vt 0.739117 0.129630
vt 0.734258 0.137232
vt 0.732665 0.137345
vt 0.732469 0.129056
vt 0.733779 0.128961
vt 0.698661 0.138198
vt 0.701033 0.138769
vt 0.696161 0.137480
vt 0.699073 0.129831
vt 0.700979 0.130569
vt 0.702852 0.131102
vt 0.703149 0.139045
vt 0.705101 0.139058
vt 0.704663 0.131225
vt 0.706459 0.131049
vt 0.706979 0.138839
vt 0.708792 0.138492
vt 0.708285 0.130684
vt 0.710060 0.130258
vt 0.710547 0.138120
vt 0.712225 0.137835
vt 0.711700 0.129896
vt 0.713266 0.129656
vt 0.713804 0.137749
vt 0.715422 0.137747
vt 0.714815 0.129595
vt 0.716435 0.129597
vt 0.717215 0.137718
vt 0.719300 0.137624
vt 0.718211 0.129549
vt 0.720122 0.129421
vt 0.721792 0.137428
vt 0.724388 0.137290
vt 0.722146 0.129184
vt 0.724416 0.129010
vt 0.726786 0.137370
vt 0.728968 0.137484
vt 0.727065 0.129069
vt 0.729513 0.129178
vt 0.730915 0.137453
vt 0.731181 0.129151
vt 0.736526 0.124601
vt 0.738417 0.124951
vt 0.734795 0.124359
vt 0.734418 0.121543
vt 0.736093 0.121740
vt 0.737913 0.122026
vt 0.733386 0.124333
vt 0.732157 0.124417
vt 0.731788 0.121603
vt 0.733034 0.121525
vt 0.702391 0.126072
vt 0.703981 0.126539
vt 0.700785 0.125428
vt 0.701897 0.122648
vt 0.703350 0.123140
vt 0.704765 0.123528
vt 0.705542 0.126653
vt 0.707117 0.126515
vt 0.706102 0.123706
vt 0.707426 0.123719
vt 0.708754 0.126225
vt 0.710390 0.125892
vt 0.708804 0.123613
vt 0.710252 0.123461
vt 0.711966 0.125627
vt 0.713480 0.125453
vt 0.711789 0.123336
vt 0.713280 0.123238
vt 0.714928 0.125393
vt 0.716477 0.125364
vt 0.714592 0.123168
vt 0.716033 0.123090
vt 0.718291 0.125282
vt 0.720217 0.125128
vt 0.717912 0.122967
vt 0.719948 0.122789
vt 0.722104 0.124881
vt 0.724234 0.124662
vt 0.721863 0.122547
vt 0.723945 0.122281
vt 0.726889 0.124594
vt 0.729368 0.124576
vt 0.726484 0.122031
vt 0.728878 0.121825
vt 0.730971 0.124507
vt 0.730524 0.121693
vt 2.515154 2.921384
vt 2.571861 2.917505
vt 2.567925 2.979478
vt 2.505247 2.984063
vt 2.369240 3.004425
vt 2.383431 2.939060
vt 2.395533 2.877994
vt 2.522495 2.861835
vt 2.574618 2.857686
vt 0.191752 4.047164
vt 0.255333 4.125544
vt 0.183170 4.189297
vt 0.115688 4.108574
vt 0.045887 4.025055
vt 0.124242 3.965955
vt 0.277452 3.856263
vt 0.338539 3.933798
vt 0.393125 4.008349
vt 2.215087 2.976569
vt 2.211935 3.047173
vt 2.060758 3.109673
vt 2.044518 3.037235
vt 2.044380 2.963664
vt 2.223141 2.909871
vt 1.906119 3.124385
vt 1.943135 3.189288
vt 1.841942 3.281061
vt 1.791791 3.223954
vt 1.756420 3.142670
vt 1.898310 3.045570
vt 1.693432 3.321879
vt 1.740053 3.380032
vt 1.641989 3.470696
vt 1.606413 3.406898
vt 1.569461 3.337959
vt 1.652052 3.258939
vt 1.526105 3.467748
vt 1.552270 3.537546
vt 1.450126 3.587023
vt 1.430843 3.512309
vt 1.398294 3.438046
vt 1.491589 3.395514
vt 1.298958 3.548465
vt 1.314785 3.625569
vt 1.168086 3.656965
vt 1.151345 3.579170
vt 1.123509 3.500812
vt 1.269437 3.471996
vt 1.008894 3.607382
vt 1.031862 3.684992
vt 0.900519 3.719022
vt 0.871041 3.642605
vt 0.837548 3.563298
vt 0.979000 3.527936
vt 0.737219 3.694345
vt 0.768458 3.768430
vt 0.639595 3.832816
vt 0.605673 3.760594
vt 0.564302 3.684821
vt 0.700789 3.616825
vt 0.474646 3.839343
vt 0.517848 3.911781
vt 0.423664 3.763593
vt 2.527208 2.703922
vt 2.531288 2.649536
vt 2.576285 2.645051
vt 2.574915 2.696920
vt 2.574601 2.749187
vt 2.525146 2.757311
vt 2.410378 2.774604
vt 2.419458 2.718179
vt 2.431296 2.659091
vt 2.524700 2.808547
vt 2.575016 2.802177
vt 2.403459 2.825526
vt 2.287040 2.732946
vt 2.311307 2.669816
vt 2.263893 2.793989
vt 2.121696 2.813257
vt 2.161102 2.743497
vt 2.197775 2.676336
vt 2.241002 2.850988
vt 2.076447 2.887825
vt 1.948915 2.938933
vt 1.852508 2.975409
vt 1.935938 2.840933
vt 2.019791 2.830203
vt 2.072793 2.745109
vt 2.117155 2.673269
vt 1.997865 2.742412
vt 2.049761 2.664558
vt 0.048875 3.879086
vt 0.203362 3.772762
vt -0.028550 3.935944
vt -0.105122 3.840906
vt -0.028774 3.788335
vt 0.126438 3.688529
vt -0.103134 3.695476
vt -0.181329 3.739610
vt -0.252595 3.641111
vt -0.173923 3.605751
vt -0.011031 3.532780
vt 0.056845 3.608799
vt 2.555224 2.447731
vt 2.546002 2.531343
vt 2.464559 2.532473
vt 2.485046 2.447013
vt 2.506189 2.356454
vt 2.564933 2.358206
vt 2.592296 2.358925
vt 2.587212 2.448497
vt 2.582797 2.531186
vt 2.265522 2.443781
vt 2.323832 2.447750
vt 2.275694 2.535825
vt 2.210588 2.530409
vt 2.158485 2.517231
vt 2.216538 2.432239
vt 2.278155 2.337701
vt 2.324990 2.347695
vt 2.375400 2.351138
vt 2.402461 2.447923
vt 2.367404 2.535240
vt 2.439405 2.354078
vt 2.474912 2.263173
vt 2.516286 2.189733
vt 2.540407 2.220776
vt 2.526226 2.273457
vt 2.426560 2.251784
vt 2.483065 2.164938
vt 2.387067 2.245427
vt 2.344235 2.234211
vt 2.410496 2.136331
vt 2.451248 2.151236
vt 2.574608 2.276498
vt 2.578493 2.205546
vt 2.601956 2.201402
vt 2.598066 2.276209
vt 2.570834 2.148286
vt 2.550666 2.105853
vt 2.614931 2.050402
vt 2.601402 2.135560
vt 2.517026 2.079382
vt 2.472656 2.058622
vt 2.535957 1.985615
vt 2.580304 2.010290
vt 2.636980 1.924384
vt 2.654149 1.934418
vt 2.605643 1.901841
vt 2.677941 1.816549
vt 2.694726 1.834394
vt 2.703143 1.839715
vt 2.761214 1.753050
vt 2.749080 1.738986
vt 2.819639 1.665287
vt 2.832073 1.676027
vt 2.833983 1.677768
vt 2.765278 1.755996
vt -1.525157 2.478202
vt -1.450161 2.499682
vt -1.451242 2.502912
vt -1.526392 2.480991
vt -1.599263 2.459972
vt -1.598117 2.457426
vt -1.595552 2.439707
vt -1.524127 2.463459
vt -1.450215 2.486444
vt -1.371091 2.522571
vt -1.276453 2.551108
vt -1.277931 2.555725
vt -1.371538 2.526634
vt -1.371330 2.507896
vt -1.274612 2.532715
vt -1.154753 2.589535
vt -1.012716 2.658033
vt -1.026502 2.662329
vt -1.161074 2.593753
vt -1.147201 2.565801
vt -0.966899 2.629522
vt -0.857067 2.776782
vt -0.718036 2.907855
vt -0.749434 2.915895
vt -0.879754 2.783060
vt -0.780023 2.766074
vt -0.628003 2.890965
vt -0.625853 3.013325
vt -0.525604 2.993382
vt -0.445838 3.084507
vt -0.555743 3.107816
vt -0.600524 3.114774
vt -0.664148 3.020780
vt -0.482932 3.205954
vt -0.414448 3.298589
vt -0.473345 3.311821
vt -0.535192 3.214939
vt -0.361717 3.175520
vt -0.282133 3.258933
vt -0.357321 3.376575
vt -0.302481 3.448863
vt -0.369301 3.474485
vt -0.420174 3.395970
vt -0.215976 3.327256
vt -0.152962 3.390752
vt -0.240860 3.524400
vt -0.082807 3.459678
vt -0.314347 3.554468
vt 0.357123 3.681219
vt 0.508035 3.601947
vt 0.286683 3.599398
vt 0.446564 3.520422
vt 0.097408 3.385782
vt 0.028317 3.318910
vt 0.206584 3.248668
vt 0.273883 3.314573
vt 0.333287 3.381756
vt 0.162957 3.455309
vt 0.224004 3.525304
vt 0.389581 3.448699
vt -0.639640 2.759063
vt -0.483498 2.872453
vt -0.776835 2.647025
vt -0.599622 2.653741
vt -0.471371 2.750347
vt -0.322524 2.850626
vt -0.310666 2.734523
vt -0.183085 2.823792
vt -0.419285 2.651540
vt -0.226843 2.636465
vt -0.140660 2.711027
vt -0.039279 2.791999
vt -0.043355 3.256878
vt -0.120776 3.192893
vt 0.039249 3.123426
vt 0.126608 3.185559
vt -0.207114 3.120162
vt -0.295243 3.042413
vt -0.137896 2.995955
vt -0.050196 3.060452
vt -0.378034 2.963373
vt -0.220019 2.929255
vt 0.653977 3.532433
vt 0.796025 3.478211
vt 0.600684 3.451083
vt 0.747326 3.397861
vt 0.935254 3.444819
vt 1.073483 3.421325
vt 0.884769 3.367238
vt 1.017542 3.346906
vt 1.212528 3.396800
vt 1.339215 3.364681
vt 1.150172 3.324558
vt 1.276546 3.290890
vt 1.440369 3.318407
vt 1.529759 3.258735
vt 1.390552 3.236598
vt 1.497868 3.170843
vt 1.621155 3.186422
vt 1.707397 3.092588
vt 1.604172 3.102784
vt 1.674516 3.052681
vt 1.781326 2.968353
vt 1.847898 2.841557
vt 1.707844 2.963473
vt 1.741895 2.836841
vt 1.912068 2.740037
vt 1.975903 2.654141
vt 1.832913 2.723830
vt 1.903225 2.634259
vt 2.165885 2.409348
vt 2.224873 2.315109
vt 2.105789 2.494529
vt 2.043005 2.462495
vt 2.100814 2.374543
vt 2.152150 2.279854
vt 2.285866 2.208247
vt 2.350471 2.107929
vt 2.200537 2.174033
vt 2.259629 2.041402
vt -0.088432 2.896982
vt 0.045025 2.862305
vt 0.123843 2.924474
vt -0.007738 2.959553
vt 0.077963 3.016963
vt 0.208766 2.981035
vt 0.298180 3.035992
vt 0.167570 3.073492
vt 0.259978 3.133420
vt 0.390471 3.093351
vt 0.479507 3.152693
vt 0.347067 3.195357
vt 0.420718 3.257912
vt 0.559158 3.213602
vt 0.629922 3.274239
vt 0.485207 3.320540
vt 0.544811 3.382691
vt 0.692302 3.332765
vt 0.834656 3.304403
vt 0.971964 3.283752
vt 0.778640 3.245433
vt 0.924840 3.220994
vt 0.710447 3.179445
vt 0.633644 3.114396
vt 0.796305 3.077173
vt 0.864263 3.147767
vt 0.551803 3.058241
vt 0.465075 3.003829
vt 0.650996 2.969099
vt 0.727039 3.022317
vt 0.373613 2.944007
vt 0.285457 2.881986
vt 0.475751 2.835045
vt 0.562707 2.903414
vt 0.208648 2.820973
vt 0.134797 2.755298
vt 0.339799 2.710748
vt 0.403711 2.773769
vt 0.055514 2.679290
vt -0.013315 2.604560
vt 0.220836 2.559510
vt 0.277231 2.637140
vt 1.360246 3.150254
vt 1.484352 3.075896
vt 1.233229 3.215344
vt 1.196857 3.138237
vt 1.336159 3.064712
vt 1.474072 2.983526
vt 1.104311 3.256954
vt 1.061998 3.187797
vt 1.604536 3.006478
vt 1.604764 2.910985
vt 1.010284 3.110894
vt 0.954317 3.037734
vt 1.110817 2.986193
vt 1.155024 3.059762
vt 1.304999 2.985307
vt 1.451889 2.903367
vt 1.268943 2.912661
vt 1.420276 2.832302
vt 1.587378 2.829781
vt 1.699905 2.757542
vt 1.556399 2.760276
vt 1.663947 2.692517
vt 1.777909 2.679639
vt 1.839367 2.597155
vt 1.729557 2.624958
vt 1.774166 2.553576
vt 2.008572 2.327260
vt 2.046992 2.231874
vt 1.960637 2.421324
vt 1.858827 2.387096
vt 1.890141 2.291640
vt 1.911339 2.198281
vt 2.076827 2.138068
vt 2.091401 2.028174
vt 1.921110 2.117321
vt 1.918556 2.027102
vt 0.899246 2.979808
vt 0.838686 2.923898
vt 1.020914 2.864374
vt 1.067323 2.923804
vt 1.230170 2.847399
vt 1.381706 2.767216
vt 1.190450 2.786671
vt 1.344607 2.707765
vt 2.537788 2.595310
vt 2.579033 2.593255
vt 2.446486 2.600177
vt 0.766249 2.856791
vt 0.693371 2.786609
vt 0.914128 2.732656
vt 0.967959 2.799680
vt 1.720640 2.448589
vt 1.697457 2.514271
vt 1.596612 2.501869
vt 1.599686 2.449085
vt 1.595722 2.391432
vt 1.737717 2.375889
vt 1.818713 2.474349
vt 1.515849 2.699876
vt 1.480696 2.644634
vt 1.565244 2.611106
vt 1.617199 2.638769
vt 1.465909 2.590604
vt 1.317410 2.653606
vt 1.294718 2.602486
vt 1.459005 2.538998
vt 1.586931 2.558526
vt 0.523866 2.582406
vt 0.576384 2.655409
vt 0.475146 2.505001
vt 0.731127 2.448043
vt 0.774073 2.524977
vt 0.819016 2.597863
vt 0.631484 2.721479
vt 0.865091 2.666236
vt 1.410151 2.369009
vt 1.431259 2.437452
vt 1.246135 2.495392
vt 1.219188 2.424989
vt 1.189312 2.344220
vt 1.384851 2.290184
vt 1.567322 2.241514
vt 1.584290 2.320166
vt 1.746500 2.291826
vt 1.747134 2.206187
vt 2.420295 2.033321
vt 2.496514 1.962701
vt 2.373116 1.974456
vt 2.462112 1.917549
vt 2.580307 1.874349
vt 2.661252 1.784296
vt 2.555031 1.831697
vt 2.640319 1.738622
vt 2.728932 1.708579
vt 2.789979 1.640029
vt 2.706425 1.660049
vt 2.762941 1.588727
vt -1.525975 2.430388
vt -1.454707 2.459648
vt -1.592442 2.396734
vt -1.571710 2.335702
vt -1.481975 2.405422
vt -1.441746 2.435721
vt -1.373839 2.480122
vt -1.275002 2.495998
vt -1.368051 2.446678
vt -1.279273 2.463806
vt -1.149827 2.511468
vt -0.999562 2.531275
vt -1.202077 2.452534
vt -1.046861 2.432205
vt -0.457053 2.597204
vt -0.265553 2.585391
vt -0.640340 2.586135
vt -0.636498 2.529537
vt -0.459091 2.551521
vt -0.278143 2.538018
vt -0.825455 2.560161
vt -0.819958 2.484654
vt -0.055801 2.542719
vt 0.175447 2.484420
vt -0.084062 2.476442
vt 0.135790 2.396598
vt 0.431438 2.425722
vt 0.691042 2.367525
vt 0.394052 2.328292
vt 0.659697 2.266975
vt 0.933132 2.310725
vt 0.901699 2.208099
vt 1.123084 2.153923
vt 1.155524 2.256357
vt 0.970293 2.395644
vt 1.006505 2.474741
vt 1.042160 2.546693
vt 2.337557 2.606559
vt 2.234823 2.609565
vt 2.162109 2.604304
vt 2.103097 2.592084
vt 2.041470 2.574215
vt 1.975199 2.548108
vt 1.902256 2.511170
vt 1.670356 2.577283
vt 1.447499 2.491031
vt 1.271136 2.552153
vt 1.151553 2.727625
vt 1.113835 2.669160
vt 1.077654 2.610174
vt 1.356033 2.205457
vt 1.546750 2.161700
vt 1.326880 2.106706
vt 1.523990 2.068470
vt 1.739763 2.128760
vt 1.725318 2.041235
vt 1.648395 1.642822
vt 1.608896 1.479737
vt 1.784174 1.449397
vt 1.835458 1.614327
vt 1.874756 1.764757
vt 1.678809 1.789613
vt 1.476160 1.812748
vt 1.451093 1.665752
vt 1.419728 1.503020
vt 1.704725 1.925301
vt 1.500459 1.949569
vt 1.902781 1.905965
vt 1.555722 1.295163
vt 1.498030 1.114758
vt 1.654003 1.085660
vt 1.720194 1.264692
vt 1.376530 1.318990
vt 1.327425 1.136626
vt 1.444973 0.964179
vt 1.278334 0.978893
vt 1.230241 0.829833
vt 1.397204 0.818923
vt 1.545206 0.790059
vt 1.596086 0.937751
vt 1.071797 1.001390
vt 1.019033 0.846644
vt 1.121337 1.163737
vt 0.891632 1.192003
vt 0.841991 1.028913
vt 0.786670 0.868230
vt 1.170073 1.346514
vt 1.213485 1.530548
vt 0.991699 1.553765
vt 0.942773 1.371307
vt 1.247052 1.696669
vt 1.274755 1.847535
vt 1.070351 1.885900
vt 1.034695 1.726320
vt 1.300576 1.985806
vt 1.097253 2.029436
vt 0.882670 2.075882
vt 0.642970 2.129947
vt 0.618630 1.963765
vt 0.858700 1.919769
vt 0.812445 1.745453
vt 0.755898 1.564117
vt 0.564447 1.775758
vt 0.499913 1.584388
vt 0.701050 1.386941
vt 0.650173 1.217335
vt 0.444518 1.408122
vt 0.398217 1.243925
vt 0.605540 1.058709
vt 0.556239 0.893463
vt 0.360963 1.088763
vt 0.321119 0.920764
vt 0.172788 1.449556
vt 0.137016 1.275965
vt 0.217572 1.637364
vt -0.100022 1.690350
vt -0.128014 1.492605
vt -0.150375 1.311471
vt 0.274845 1.838923
vt 0.328967 2.032516
vt -0.025182 2.137002
vt -0.061182 1.903704
vt 0.364299 2.196431
vt 0.096593 2.280771
vt 2.084036 1.884524
vt 2.235527 1.865396
vt 2.056056 1.724807
vt 2.257812 1.663851
vt 2.008782 1.566712
vt 1.948749 1.400703
vt 2.124454 1.312662
vt 2.194087 1.482524
vt 1.882489 1.217238
vt 1.816191 1.036861
vt 1.990565 0.957794
vt 2.056489 1.134115
vt 1.756040 0.880116
vt 1.699532 0.719383
vt 1.861915 0.624377
vt 1.927058 0.794610
vt 0.106777 1.117060
vt 0.074688 0.948555
vt -0.172319 1.147946
vt -0.195643 0.980354
vt -1.343401 2.414995
vt -1.299437 2.370327
vt -1.481974 2.405422
vt 2.344291 1.853003
vt 2.432888 1.826158
vt 2.372682 1.715065
vt 2.428617 1.741981
vt 2.523875 1.763676
vt 2.500146 1.684090
vt 2.584359 1.635686
vt 2.610802 1.680510
vt 2.687216 1.591613
vt 2.630919 1.556201
vt 2.736850 1.365824
vt 2.758373 1.499850
vt -1.235709 2.297929
vt -1.516279 2.263805
vt -1.453138 2.148255
vt -1.173805 2.169748
vt -0.848506 2.212375
vt -0.985198 2.342180
vt -0.110215 2.388401
vt -0.285970 2.474562
vt -0.309484 2.405477
vt -0.207102 2.318960
vt -0.460519 2.494496
vt -0.631063 2.465954
vt -0.601638 2.410097
vt -0.457843 2.416645
vt -0.794803 2.406685
vt -0.690501 2.342534
vt 2.497149 1.606741
vt 2.480819 1.503016
vt -0.447566 2.308482
vt -0.440749 2.154416
vt -0.448454 1.938857
vt -0.461765 1.710649
vt -0.826617 1.953745
vt -0.816290 1.717405
vt -1.135314 1.957731
vt -1.409279 1.956266
vt -1.378871 1.744921
vt -1.112227 1.729763
vt 2.417090 1.344304
vt 2.333122 1.164285
vt 2.558272 0.985739
vt 2.658944 1.179069
vt 2.256072 0.996639
vt 2.183098 0.837892
vt 2.384710 0.697573
vt 2.468447 0.831985
vt -1.096536 1.553728
vt -0.810570 1.536165
vt -1.356083 1.571306
vt -1.338390 1.416856
vt -1.085694 1.401521
vt -0.808149 1.380587
vt -0.471765 1.518633
vt -0.480902 1.348458
vt -0.491627 1.185772
vt -0.502463 1.019682
vt -0.807716 1.221236
vt -0.806238 1.056243
vt 2.111359 0.684571
vt 2.034095 0.522524
vt 2.211172 0.417246
vt 2.302301 0.562265
vt -1.077154 1.245038
vt -1.323267 1.263008
vt -1.307347 1.096707
vt -1.067437 1.079741
vt 1.644157 0.527046
vt 1.791088 0.426910
vt 1.500128 0.611682
vt 1.460004 0.429103
vt 1.594997 0.330921
vt 1.726200 0.227133
vt 1.557129 0.158824
vt 1.678872 0.049972
vt 1.423987 0.268807
vt 1.390384 0.110288
vt 1.531044 0.002346
vt 1.644686 -0.101899
vt 0.960624 0.686673
vt 0.718491 0.696146
vt 0.654993 0.522870
vt 0.906185 0.527042
vt 1.141127 0.518572
vt 1.184128 0.673484
vt 1.355374 0.654491
vt 1.317224 0.488790
vt 1.280495 0.339728
vt 1.246994 0.210743
vt 1.102371 0.373820
vt 1.061423 0.225810
vt 0.033364 0.746165
vt 0.267045 0.718052
vt -0.222142 0.787017
vt -0.245520 0.593591
vt -0.004824 0.545518
vt 0.215569 0.517358
vt 0.491360 0.703993
vt 0.430148 0.514725
vt 0.865331 0.373317
vt 0.613712 0.358609
vt 0.578177 0.208265
vt 0.816311 0.225882
vt 1.944549 0.337599
vt 2.101275 0.253702
vt 1.857610 0.150629
vt 1.989125 0.087768
vt 1.788167 -0.017555
vt 1.736472 -0.161192
vt 1.817330 -0.198009
vt 1.891237 -0.064420
vt -0.511932 0.839296
vt -0.800681 0.883741
vt -0.797269 0.706208
vt -0.521011 0.655966
vt -1.053063 0.901092
vt -1.287263 0.904896
vt -1.266634 0.710282
vt -1.040266 0.717886
vt -1.035278 0.538915
vt -1.249078 0.535569
vt -1.232581 0.387862
vt -1.034676 0.376554
vt -0.813200 0.355806
vt -0.802227 0.526121
vt -0.530675 0.481045
vt -0.259481 0.425737
vt -0.544581 0.316179
vt -0.273717 0.272615
vt -0.027505 0.382243
vt 0.183517 0.355411
vt -0.045505 0.240054
vt 0.160272 0.218169
vt 0.391848 0.350086
vt 0.363832 0.206633
vt 1.218525 0.105271
vt 1.310514 0.033734
vt 1.102145 0.111728
vt 1.119945 0.035453
vt 1.191745 0.013798
vt 1.257918 -0.014461
vt 1.003782 0.030450
vt 0.908452 0.078783
vt 0.817840 -0.055518
vt 0.935872 -0.086051
vt 1.036906 -0.123929
vt 1.072391 -0.030125
vt 1.335701 -0.080226
vt 1.416245 -0.083262
vt 1.257440 -0.092105
vt 1.235546 -0.181962
vt 1.322467 -0.200873
vt 1.407623 -0.227055
vt 1.163307 -0.073190
vt 1.138578 -0.156106
vt 1.702779 -0.274520
vt 1.619220 -0.225805
vt 1.590535 -0.327668
vt 1.674385 -0.369666
vt 1.754542 -0.406191
vt 1.777123 -0.308149
vt 1.517230 -0.146921
vt 1.499297 -0.274726
vt 0.737371 0.085121
vt 0.531918 0.076742
vt 0.490783 -0.043131
vt 0.665169 -0.045371
vt 0.333469 0.080925
vt 0.135217 0.091591
vt 0.113786 -0.029699
vt 0.307605 -0.036316
vt -0.069648 0.102662
vt -0.297919 0.123387
vt -0.322176 -0.013770
vt -0.092524 -0.028051
vt -1.035038 0.243177
vt -0.827832 0.207592
vt -1.215125 0.274266
vt -1.200996 0.178241
vt -1.033975 0.134313
vt -0.838476 0.086457
vt -0.566386 0.163013
vt -0.586018 0.030748
vt 1.233070 -0.479978
vt 1.295395 -0.509553
vt 1.338841 -0.408085
vt 1.268520 -0.377878
vt 1.194501 -0.350839
vt 1.168529 -0.451373
vt 1.139250 -0.552154
vt 1.197435 -0.583184
vt 1.254771 -0.614470
vt 1.089796 -0.416645
vt 1.109085 -0.319396
vt 1.011512 -0.293072
vt 0.994105 -0.390742
vt 0.967371 -0.493515
vt 1.063644 -0.517041
vt 0.878690 -0.388613
vt 0.901022 -0.281387
vt 0.773112 -0.277818
vt 0.745942 -0.395832
vt 0.711351 -0.509938
vt 0.847184 -0.497243
vt 1.029213 -0.610518
vt 0.929702 -0.594037
vt 0.893155 -0.679099
vt 0.993499 -0.688733
vt 1.074731 -0.711183
vt 1.108127 -0.639112
vt 0.809835 -0.597576
vt 0.677299 -0.606651
vt 0.649384 -0.687348
vt 0.776613 -0.682077
vt 1.166203 -0.671915
vt 1.223037 -0.708276
vt 1.133941 -0.746658
vt 1.192383 -0.789761
vt 1.298228 -0.747545
vt 1.271311 -0.835099
vt 1.370834 -0.889182
vt 1.394897 -0.797161
vt 1.422060 -0.696965
vt 1.327830 -0.650352
vt 1.367481 -0.547194
vt 1.456777 -0.594575
vt 1.498502 -0.497539
vt 1.413162 -0.449030
vt 0.598255 -0.397972
vt 0.623280 -0.275840
vt 0.457553 -0.274859
vt 0.437681 -0.397558
vt 0.414618 -0.512301
vt 0.568138 -0.513313
vt -1.006351 -0.123132
vt -1.020015 -0.036066
vt -1.186691 -0.016990
vt -1.168764 -0.128763
vt -1.148663 -0.244949
vt -0.995964 -0.221399
vt -0.818351 -0.241043
vt -0.820997 -0.152051
vt -0.829954 -0.076496
vt 0.963492 -0.743345
vt 0.869785 -0.735491
vt 0.860218 -0.769682
vt 0.933877 -0.785795
vt 1.003673 -0.799313
vt 1.038629 -0.767303
vt 1.095217 -0.807896
vt 1.154998 -0.857714
vt 1.025268 -0.840047
vt 1.075921 -0.921400
vt 0.757485 -0.743214
vt 0.633203 -0.753405
vt 0.656833 -0.830356
vt 0.786906 -0.789019
vt 0.899333 -0.827526
vt 0.866017 -0.887766
vt 0.840085 -0.985743
vt 0.631718 -0.941227
vt 0.604110 -1.055975
vt 0.810933 -1.105307
vt 1.002536 -1.169289
vt 1.036558 -1.044697
vt 1.239712 -0.909345
vt 1.345422 -0.967049
vt 1.205175 -0.992064
vt 1.315704 -1.054098
vt 0.266272 -0.397115
vt 0.281957 -0.274279
vt 0.092268 -0.272771
vt 0.080524 -0.395019
vt 0.066210 -0.509773
vt 0.247867 -0.511835
vt 0.201113 -0.757593
vt 0.186149 -0.833611
vt 0.345496 -0.827197
vt 0.361771 -0.751228
vt 0.373208 -0.682044
vt 0.211850 -0.687945
vt 0.033906 -0.694393
vt 0.023796 -0.767706
vt 0.011514 -0.848013
vt 0.228581 -0.607402
vt 0.049357 -0.608990
vt 0.391975 -0.604766
vt 0.539780 -0.606781
vt 0.516984 -0.684591
vt 0.503549 -0.752954
vt 0.489073 -0.827587
vt -0.123069 -0.389648
vt -0.115739 -0.269009
vt -0.343668 -0.239220
vt -0.345999 -0.351250
vt -0.350013 -0.460914
vt -0.132029 -0.503973
vt -0.145936 -0.603829
vt -0.159632 -0.693488
vt -0.362158 -0.562351
vt -0.374631 -0.659244
vt 0.910851 -0.185265
vt 0.784903 -0.169382
vt 1.021196 -0.207856
vt 1.570734 -0.653370
vt 1.542914 -0.760444
vt 1.677079 -0.832355
vt 1.697021 -0.717873
vt 1.714264 -0.605543
vt 1.601875 -0.550443
vt 1.516165 -0.864568
vt 1.491063 -0.958521
vt 1.621644 -1.035488
vt 1.649733 -0.940869
vt -0.996714 -0.336559
vt -0.998990 -0.450863
vt -0.840463 -0.475356
vt -0.829757 -0.355234
vt -1.134355 -0.358426
vt -1.125028 -0.459282
vt 0.636362 -0.161999
vt 0.470624 -0.158524
vt -0.167958 -0.777225
vt -0.177930 -0.871588
vt -0.379633 -0.755274
vt -0.385315 -0.864720
vt 0.293085 -0.154365
vt 0.101413 -0.151075
vt 1.468186 -1.035086
vt 1.441358 -1.124621
vt 1.574575 -1.199388
vt 1.599478 -1.108289
vt -0.993182 -0.546559
vt -1.119874 -0.537607
vt -1.118808 -0.635673
vt -0.985790 -0.655756
vt -0.826277 -0.698807
vt -0.835718 -0.582141
vt -0.983316 -0.810561
vt -0.984020 -0.967352
vt -0.823127 -0.999258
vt -0.822896 -0.848575
vt -1.121749 -0.795756
vt -1.126933 -0.957655
vt 0.463150 -0.924204
vt 0.427435 -1.037453
vt 0.312214 -0.924829
vt 0.269747 -1.038738
vt 0.156741 -0.933263
vt -0.010456 -0.954397
vt -0.037745 -1.073545
vt 0.119887 -1.048827
vt -0.196562 -0.993127
vt -0.399827 -1.001860
vt -0.416973 -1.135634
vt -0.218748 -1.118718
vt -0.106723 -0.150209
vt -0.336576 -0.130683
vt 1.169442 -1.105036
vt 1.133551 -1.231758
vt 1.242581 -1.303933
vt 1.278727 -1.173665
vt 1.404404 -1.257484
vt 1.368228 -1.397031
vt 1.502183 -1.500590
vt 1.538278 -1.348900
vt 1.122925 -0.235362
vt 1.215703 -0.264621
vt 1.299196 -0.292467
vt 1.379036 -0.324624
vt 1.460854 -0.366818
vt 1.546692 -0.413408
vt 1.638588 -0.458757
vt 1.733513 -0.503486
vt -1.029095 0.045490
vt -0.837482 -0.002616
vt -1.194476 0.083251
vt -0.593402 -0.071413
vt -0.593123 -0.159631
vt -0.589761 -0.250071
vt -0.590911 -0.347076
vt -0.604168 -0.454992
vt -0.616959 -0.565675
vt -0.616710 -0.670979
vt -0.613774 -0.787794
vt -0.618502 -0.933009
vt -0.626272 -1.075583
vt -0.391844 -2.458291
vt -0.532114 -2.446108
vt -0.563189 -2.633296
vt -0.429625 -2.646449
vt -0.294178 -2.662341
vt -0.255909 -2.472353
vt -0.212576 -2.248718
vt -0.351132 -2.239287
vt -0.500364 -2.225299
vt -0.326996 -2.061000
vt -0.484193 -2.036461
vt -0.183227 -2.065007
vt -0.163136 -1.896552
vt -0.312113 -1.896237
vt -0.475231 -1.863312
vt -0.299156 -1.717810
vt -0.465109 -1.689571
vt -0.147572 -1.718684
vt -0.132651 -1.553548
vt -0.286671 -1.552575
vt -0.455576 -1.534240
vt -0.273202 -1.427388
vt -0.448383 -1.416324
vt -0.114486 -1.423287
vt -0.092468 -1.309088
vt -0.257766 -1.324269
vt -0.440915 -1.321384
vt -0.239382 -1.225239
vt -0.065985 -1.192142
vt -0.430557 -1.234981
vt -0.116367 -2.494422
vt -0.148523 -2.682177
vt -0.006616 -2.703525
vt 0.019608 -2.519104
vt 0.054050 -2.293255
vt -0.077234 -2.268542
vt -0.044633 -2.077357
vt 0.089493 -2.095469
vt 0.120386 -1.913299
vt -0.019261 -1.902231
vt -0.001812 -1.724531
vt 0.141176 -1.734301
vt 0.156040 -1.568352
vt 0.012477 -1.559651
vt 0.028371 -1.422987
vt 0.169158 -1.425333
vt 0.189470 -1.294106
vt 0.050274 -1.299108
vt 0.082588 -1.172582
vt 0.225916 -1.163536
vt 0.144840 -2.541001
vt 0.117587 -2.723958
vt 0.237296 -2.752734
vt 0.272618 -2.569167
vt 0.316315 -2.347162
vt 0.180433 -2.317349
vt 0.219861 -2.116760
vt 0.361922 -2.146564
vt 0.405215 -1.957798
vt 0.256679 -1.929778
vt 0.284443 -1.746943
vt 0.441974 -1.771283
vt 0.471766 -1.597637
vt 0.305367 -1.577118
vt 0.321664 -1.429167
vt 0.494160 -1.447479
vt 0.520489 -1.311442
vt 0.344135 -1.293863
vt 0.383577 -1.161983
vt 0.562086 -1.180160
vt 0.416228 -2.612654
vt 0.365722 -2.799118
vt 0.485063 -2.850062
vt 0.551888 -2.662332
vt 0.629394 -2.437447
vt 0.476095 -2.389029
vt 0.531129 -2.190213
vt 0.694692 -2.239144
vt 0.752246 -2.054430
vt 0.581594 -2.003490
vt 0.627754 -1.816147
vt 0.806519 -1.870314
vt 0.852869 -1.699213
vt 0.666548 -1.641598
vt 0.694915 -1.493259
vt 0.886653 -1.553544
vt 0.918835 -1.422363
vt 0.724753 -1.359905
vt 0.767957 -1.230308
vt 0.960379 -1.294728
vt -0.632462 -1.184477
vt -0.824522 -1.118671
vt -0.826499 -1.220828
vt -0.637205 -1.277166
vt -0.640637 -1.371128
vt -0.645359 -1.476052
vt -0.828479 -1.319740
vt -0.832767 -1.419651
vt -0.653976 -1.601628
vt -0.661531 -1.759801
vt -0.841669 -1.524802
vt -0.846703 -1.672670
vt -0.663071 -1.962515
vt -0.667735 -2.191798
vt -0.839391 -1.900729
vt -0.830146 -2.164220
vt -0.684662 -2.429676
vt -0.703195 -2.621678
vt -0.829386 -2.418380
vt -0.832691 -2.616597
vt 1.098541 -1.355723
vt 1.215354 -1.423087
vt 1.064645 -1.481928
vt 1.189730 -1.543434
vt 1.032095 -1.615368
vt 0.993885 -1.760695
vt 1.117238 -1.821438
vt 1.158389 -1.677280
vt 0.655813 -2.709068
vt 0.577514 -2.892523
vt 0.656030 -2.928631
vt 0.743565 -2.751122
vt 0.844037 -2.533424
vt 0.745833 -2.486911
vt 0.819822 -2.284796
vt 0.926586 -2.327538
vt 0.997279 -2.138843
vt 0.883605 -2.098192
vt 0.943007 -1.922564
vt 1.062182 -1.972717
vt 1.343730 -1.506614
vt 1.477888 -1.598221
vt 1.321640 -1.611719
vt 1.456962 -1.683393
vt 1.292682 -1.737833
vt 1.250567 -1.876833
vt 1.388886 -1.929554
vt 1.430975 -1.797706
vt 1.189005 -2.020594
vt 1.114874 -2.180450
vt 1.234431 -2.222537
vt 1.319654 -2.067333
vt 1.035052 -2.367735
vt 0.942631 -2.572988
vt 1.041421 -2.609078
vt 1.144369 -2.406659
vt 0.830705 -2.786752
vt 0.733564 -2.960518
vt 0.810607 -2.990296
vt 0.917539 -2.819170
vt -0.986162 -1.082510
vt -1.132594 -1.061170
vt -1.137252 -1.150873
vt -0.988659 -1.181578
vt -0.990426 -1.290101
vt -0.994547 -1.406679
vt -1.139426 -1.271335
vt -1.143512 -1.415422
vt -1.004102 -1.529915
vt -1.006440 -1.688887
vt -1.153904 -1.575998
vt -1.153460 -1.756778
vt -0.988912 -1.912671
vt -0.964500 -2.168000
vt -1.125035 -1.961476
vt -1.084824 -2.187458
vt -0.946185 -2.421605
vt -0.934725 -2.623053
vt -1.049021 -2.432090
vt -1.023028 -2.635277
vt 0.810179 0.720528
vt 0.809610 0.720675
vt 0.809581 0.720344
vt 0.810166 0.720165
vt 0.810798 0.720114
vt 0.810778 0.720487
vt 0.810745 0.720885
vt 0.810180 0.720904
vt 0.809626 0.721015
vt 0.811473 0.720572
vt 0.811563 0.720222
vt 0.811979 0.720315
vt 0.811844 0.720646
vt 0.811682 0.721031
vt 0.811361 0.720965
vt 0.809006 0.720906
vt 0.808216 0.721220
vt 0.808165 0.720959
vt 0.808960 0.720621
vt 0.809040 0.721211
vt 0.808261 0.721509
vt 0.807090 0.721611
vt 0.805863 0.721892
vt 0.805846 0.721562
vt 0.807058 0.721321
vt 0.807126 0.721927
vt 0.805893 0.722243
vt 0.804770 0.721877
vt 0.803901 0.721767
vt 0.803845 0.721432
vt 0.804737 0.721539
vt 0.804817 0.722238
vt 0.803967 0.722124
vt 0.802488 0.721902
vt 0.802436 0.721618
vt 0.802872 0.721494
vt 0.802931 0.721819
vt 0.802987 0.722164
vt 0.802538 0.722223
vt 0.802010 0.722278
vt 0.801963 0.721971
vt 0.801916 0.721714
vt 0.801303 0.721988
vt 0.801254 0.721699
vt 0.801353 0.722316
vt 0.800566 0.722330
vt 0.800508 0.721977
vt 0.800452 0.721650
vt 0.799578 0.721966
vt 0.799510 0.721641
vt 0.799649 0.722314
vt 0.799158 0.722299
vt 0.799079 0.721959
vt 0.799004 0.721646
vt 0.803345 0.721760
vt 0.803282 0.721425
vt 0.803410 0.722115
vt 0.810156 0.721305
vt 0.810683 0.721331
vt 0.810557 0.721869
vt 0.810052 0.721810
vt 0.809510 0.721852
vt 0.809615 0.721376
vt 0.811204 0.721446
vt 0.811463 0.721525
vt 0.811213 0.722085
vt 0.811004 0.722001
vt 0.807170 0.722297
vt 0.805946 0.722638
vt 0.808294 0.721857
vt 0.808197 0.722331
vt 0.807098 0.722777
vt 0.805920 0.723131
vt 0.809052 0.721555
vt 0.808946 0.722024
vt 0.804890 0.722642
vt 0.804052 0.722526
vt 0.804933 0.723158
vt 0.804141 0.723061
vt 0.803482 0.722506
vt 0.803040 0.722548
vt 0.803547 0.723037
vt 0.803056 0.723075
vt 0.799726 0.722709
vt 0.800625 0.722733
vt 0.800639 0.723260
vt 0.799780 0.723220
vt 0.799325 0.723193
vt 0.799247 0.722689
vt 0.801404 0.722724
vt 0.802058 0.722684
vt 0.802045 0.723243
vt 0.801397 0.723272
vt 0.802584 0.722616
vt 0.802577 0.723161
vt 0.802466 0.723932
vt 0.801913 0.724009
vt 0.803002 0.723846
vt 0.802731 0.725327
vt 0.802127 0.725404
vt 0.801537 0.725460
vt 0.801274 0.724020
vt 0.800561 0.723983
vt 0.800889 0.725438
vt 0.800206 0.725360
vt 0.799781 0.723916
vt 0.799375 0.723875
vt 0.799508 0.725246
vt 0.799156 0.725179
vt 0.803590 0.723809
vt 0.804223 0.723814
vt 0.804097 0.725261
vt 0.803420 0.725285
vt 0.804894 0.723856
vt 0.805713 0.723778
vt 0.805337 0.725090
vt 0.804664 0.725237
vt 0.808629 0.722704
vt 0.807852 0.722998
vt 0.809243 0.722538
vt 0.808911 0.723756
vt 0.808216 0.723940
vt 0.807381 0.724251
vt 0.806789 0.723424
vt 0.806332 0.724698
vt 0.810760 0.722617
vt 0.810325 0.722538
vt 0.810958 0.722666
vt 0.810712 0.723678
vt 0.810520 0.723680
vt 0.810083 0.723685
vt 0.809814 0.722498
vt 0.809540 0.723691
vt -0.444966 -2.732201
vt -0.577332 -2.721268
vt -0.583009 -2.759634
vt -0.449087 -2.766750
vt -0.310435 -2.774275
vt -0.308335 -2.745112
vt -0.160195 -2.758984
vt -0.161625 -2.780318
vt -0.020477 -2.795073
vt -0.017405 -2.777029
vt 0.103178 -2.802458
vt 0.095191 -2.828730
vt 0.203756 -2.874154
vt 0.216816 -2.838016
vt 0.338771 -2.886447
vt 0.323597 -2.924209
vt 0.435338 -2.973295
vt 0.451808 -2.936902
vt -0.712675 -2.713334
vt -0.717629 -2.754816
vt -0.835642 -2.712260
vt -0.838416 -2.756647
vt 0.538690 -2.978530
vt 0.519603 -3.015815
vt 0.590459 -3.053177
vt 0.612295 -3.013951
vt 0.685500 -3.045781
vt 0.661974 -3.086792
vt 0.733819 -3.118533
vt 0.758505 -3.075816
vt -0.930879 -2.721911
vt -0.930840 -2.769475
vt -1.012251 -2.736925
vt -1.009081 -2.787803
vt 0.744917 0.220923
vt 0.743325 0.221762
vt 0.744403 0.223619
vt 0.745895 0.222842
vt 0.741627 0.222614
vt 0.742940 0.224388
vt 0.743507 0.218333
vt 0.729607 0.218305
vt 0.708282 0.197946
vt 0.697792 0.162536
vt 0.719946 0.159011
vt 0.709101 0.159579
vt 0.712409 0.151880
vt 0.726888 0.124594
vt 0.124242 3.965954
vt 1.298959 3.548465
vt 2.121696 2.813258
vt 2.076447 2.887826
vt 2.117155 2.673270
vt -0.780023 2.766075
vt -0.215976 3.327257
vt 0.357123 3.681220
vt -0.310666 2.734524
vt -0.226843 2.636466
vt -0.295243 3.042414
vt -0.378034 2.963374
vt 0.935255 3.444818
vt 1.073483 3.421324
vt 1.707844 2.963474
vt -0.007738 2.959554
vt 0.123843 2.924475
vt 0.727039 3.022318
vt 1.918557 2.027102
vt 1.921111 2.117321
vt 0.523866 2.582407
vt 2.580307 1.874348
vt -0.278143 2.538019
vt -0.640341 2.586135
vt -0.825455 2.560162
vt -0.055801 2.542720
vt 2.337557 2.606560
vt 2.234824 2.609565
vt 2.041470 2.574216
vt 1.739764 2.128760
vt 1.170074 1.346514
vt 0.274845 1.838922
vt 2.008782 1.566713
vt 1.295396 -0.509553
vt 0.757484 -0.743214
vt 0.539781 -0.606781
vt 1.601874 -0.550443
vt 0.284443 -1.746942
vt 0.531129 -2.190212
vt 0.627753 -1.816147
vt 0.577514 -2.892522
vt 0.810556 0.721869
vt 0.802584 0.722617
vt -0.930879 -2.721912
vt 0.813994 0.766802
vt 0.813989 0.768102
vt 0.812348 0.767777
vt 0.812279 0.766631
vt 0.812072 0.765301
vt 0.813804 0.765322
vt 0.815521 0.765360
vt 0.815671 0.767015
vt 0.815739 0.768895
vt 0.817348 0.767257
vt 0.817430 0.769219
vt 0.817287 0.765390
vt 0.818182 0.765402
vt 0.818187 0.767385
vt 0.818190 0.769423
vt 0.810487 0.766516
vt 0.810655 0.767558
vt 0.809042 0.767538
vt 0.808753 0.766558
vt 0.808479 0.765447
vt 0.810259 0.765325
vt 0.817199 0.763737
vt 0.815328 0.763761
vt 0.815160 0.762140
vt 0.817117 0.762130
vt 0.818121 0.762118
vt 0.818156 0.763720
vt 0.809970 0.763938
vt 0.811779 0.763806
vt 0.808216 0.764098
vt 0.807952 0.762497
vt 0.809680 0.762335
vt 0.811497 0.762155
vt 0.813543 0.763766
vt 0.813305 0.762119
vt 0.817581 0.771154
vt 0.816399 0.771109
vt 0.818212 0.771270
vt 0.818170 0.773080
vt 0.817657 0.773076
vt 0.816615 0.773108
vt 0.807208 0.766858
vt 0.806846 0.765723
vt 0.807643 0.767810
vt 0.806204 0.768369
vt 0.805595 0.767349
vt 0.805111 0.766062
vt 0.817514 0.774999
vt 0.816537 0.774963
vt 0.817981 0.775007
vt 0.817685 0.776906
vt 0.817221 0.776833
vt 0.816261 0.776651
vt 0.816846 0.778488
vt 0.815883 0.778150
vt 0.817325 0.778631
vt 0.816829 0.780344
vt 0.816285 0.780113
vt 0.815260 0.779586
vt 0.815433 0.781855
vt 0.814253 0.781085
vt 0.816123 0.782208
vt 0.815324 0.784108
vt 0.814494 0.783651
vt 0.812660 0.782748
vt 0.813673 0.785437
vt 0.811867 0.784767
vt 0.814544 0.785929
vt 0.813730 0.787712
vt 0.812872 0.787211
vt 0.811139 0.786465
vt 0.806617 0.764225
vt 0.806408 0.762479
vt 0.804911 0.764351
vt 0.804780 0.762440
vt 0.802835 0.764506
vt 0.802798 0.762538
vt 0.803020 0.766374
vt 0.800457 0.766895
vt 0.800523 0.764574
vt 0.800549 0.762646
vt 0.803654 0.767963
vt 0.804470 0.769208
vt 0.802930 0.770233
vt 0.801878 0.768876
vt 0.817075 0.760400
vt 0.815085 0.760418
vt 0.815057 0.758520
vt 0.817053 0.758498
vt 0.818062 0.758461
vt 0.818092 0.760374
vt 0.817031 0.756375
vt 0.815031 0.756371
vt 0.814980 0.754068
vt 0.816988 0.754101
vt 0.817961 0.754095
vt 0.818021 0.756349
vt 0.813184 0.760366
vt 0.811323 0.760355
vt 0.811180 0.758371
vt 0.813105 0.758436
vt 0.812992 0.756256
vt 0.812847 0.753943
vt 0.810989 0.756166
vt 0.810766 0.753861
vt 0.809449 0.760495
vt 0.807674 0.760628
vt 0.807436 0.758564
vt 0.809261 0.758452
vt 0.809098 0.756236
vt 0.808912 0.753958
vt 0.807294 0.756373
vt 0.807139 0.754146
vt 0.806106 0.760597
vt 0.804500 0.760553
vt 0.804138 0.758622
vt 0.805793 0.758594
vt 0.805553 0.756487
vt 0.805299 0.754339
vt 0.803761 0.756578
vt 0.803355 0.754479
vt 0.802608 0.760650
vt 0.800393 0.760784
vt 0.800058 0.758854
vt 0.802275 0.758726
vt 0.801806 0.756650
vt 0.801266 0.754508
vt 0.799542 0.756721
vt 0.798936 0.754505
vt 0.816904 0.751748
vt 0.814876 0.751708
vt 0.814745 0.749422
vt 0.816797 0.749437
vt 0.817773 0.749436
vt 0.817875 0.751754
vt 0.799852 0.772848
vt 0.798205 0.772329
vt 0.798461 0.770934
vt 0.800137 0.771719
vt 0.801637 0.772440
vt 0.801381 0.773389
vt 0.801214 0.774498
vt 0.799661 0.774151
vt 0.798035 0.773891
vt 0.815376 0.771439
vt 0.815539 0.773218
vt 0.814409 0.773255
vt 0.814364 0.771725
vt 0.814189 0.770580
vt 0.814809 0.769942
vt 0.815471 0.774888
vt 0.815237 0.776399
vt 0.814137 0.776099
vt 0.814326 0.774745
vt 0.809936 0.784727
vt 0.810361 0.783262
vt 0.809372 0.786228
vt 0.807780 0.786249
vt 0.808202 0.784921
vt 0.808591 0.783573
vt 0.813670 0.769119
vt 0.812229 0.768721
vt 0.813318 0.770164
vt 0.812061 0.769772
vt 0.810760 0.768496
vt 0.809352 0.768492
vt 0.810786 0.769595
vt 0.809532 0.769617
vt 0.808092 0.768757
vt 0.806776 0.769278
vt 0.808336 0.769821
vt 0.807069 0.770200
vt 0.805199 0.770042
vt 0.803824 0.770941
vt 0.805605 0.770752
vt 0.804508 0.771216
vt 0.814906 0.777705
vt 0.814358 0.778927
vt 0.813423 0.778269
vt 0.813865 0.777219
vt 0.813474 0.780187
vt 0.812239 0.781237
vt 0.812006 0.780361
vt 0.812724 0.779411
vt 0.803115 0.771870
vt 0.802789 0.772811
vt 0.802070 0.771349
vt 0.804157 0.771927
vt 0.803852 0.772861
vt 0.802325 0.776224
vt 0.802444 0.777639
vt 0.801113 0.777703
vt 0.801052 0.776069
vt 0.802410 0.774836
vt 0.803498 0.775026
vt 0.803434 0.776399
vt 0.803527 0.777744
vt 0.810637 0.781833
vt 0.809074 0.782106
vt 0.809673 0.780540
vt 0.810987 0.780421
vt 0.804511 0.780782
vt 0.805430 0.781538
vt 0.804871 0.782716
vt 0.803822 0.781760
vt 0.802411 0.780458
vt 0.803629 0.779823
vt 0.804143 0.779540
vt 0.804911 0.779979
vt 0.805823 0.780434
vt 0.807954 0.782189
vt 0.807409 0.783610
vt 0.806549 0.783464
vt 0.807082 0.782121
vt 0.807617 0.780716
vt 0.808577 0.780657
vt 0.805211 0.784635
vt 0.806071 0.784854
vt 0.805581 0.786229
vt 0.804641 0.786046
vt 0.803558 0.785620
vt 0.804237 0.784149
vt 0.805741 0.783225
vt 0.802977 0.783244
vt 0.801462 0.782386
vt 0.802138 0.784849
vt 0.800626 0.784067
vt 0.802910 0.778807
vt 0.803860 0.778814
vt 0.801619 0.779004
vt 0.799323 0.776131
vt 0.797588 0.776218
vt 0.799177 0.778109
vt 0.797023 0.778754
vt 0.799565 0.779409
vt 0.799931 0.780546
vt 0.798117 0.780727
vt 0.797698 0.779824
vt 0.799722 0.782035
vt 0.799268 0.783604
vt 0.798267 0.783380
vt 0.798295 0.781980
vt 0.813217 0.771550
vt 0.813203 0.773067
vt 0.811928 0.772836
vt 0.811984 0.771240
vt 0.813113 0.774509
vt 0.812948 0.775772
vt 0.811665 0.775484
vt 0.811824 0.774270
vt 0.812708 0.776757
vt 0.812302 0.777744
vt 0.811064 0.777438
vt 0.811448 0.776420
vt 0.811635 0.779012
vt 0.810404 0.778898
vt 0.804851 0.773696
vt 0.805086 0.772621
vt 0.806427 0.772392
vt 0.806178 0.773535
vt 0.806047 0.774806
vt 0.804722 0.774928
vt 0.803634 0.773871
vt 0.804892 0.779019
vt 0.805962 0.779227
vt 0.804723 0.777843
vt 0.805974 0.777872
vt 0.804673 0.776395
vt 0.805991 0.776325
vt 0.806264 0.781944
vt 0.806713 0.780661
vt 0.806991 0.784957
vt 0.806572 0.786273
vt 0.810715 0.771121
vt 0.809431 0.771110
vt 0.810589 0.772741
vt 0.809209 0.772661
vt 0.810447 0.774122
vt 0.810285 0.775299
vt 0.808858 0.775139
vt 0.809021 0.773964
vt 0.810097 0.776307
vt 0.809779 0.777437
vt 0.808486 0.777595
vt 0.808708 0.776306
vt 0.809229 0.778980
vt 0.808104 0.779136
vt 0.807024 0.779242
vt 0.807223 0.777765
vt 0.807338 0.776304
vt 0.807435 0.774926
vt 0.800759 0.770261
vt 0.799166 0.769109
vt 0.802559 0.773749
vt 0.805452 0.771626
vt 0.806839 0.771259
vt 0.807583 0.773696
vt 0.807812 0.772475
vt 0.808152 0.771121
vt 0.812676 0.751612
vt 0.810527 0.751580
vt 0.810287 0.749400
vt 0.812492 0.749373
vt 0.808653 0.751728
vt 0.806859 0.751969
vt 0.806541 0.749909
vt 0.808377 0.749615
vt 0.804949 0.752213
vt 0.802907 0.752380
vt 0.802445 0.750349
vt 0.804560 0.750175
vt 0.800717 0.752389
vt 0.798331 0.752326
vt 0.797818 0.750274
vt 0.800208 0.750363
vt 0.811997 0.788974
vt 0.810336 0.788145
vt 0.812829 0.789502
vt 0.811834 0.791298
vt 0.811041 0.790725
vt 0.809465 0.789795
vt 0.795705 0.752276
vt 0.796271 0.754547
vt 0.793510 0.754599
vt 0.793046 0.752222
vt 0.792662 0.749989
vt 0.795243 0.750138
vt 0.795007 0.748275
vt 0.797488 0.748437
vt 0.792497 0.748084
vt 0.792412 0.746470
vt 0.794864 0.746692
vt 0.797260 0.746852
vt 0.799789 0.748499
vt 0.801994 0.748453
vt 0.799442 0.746852
vt 0.801563 0.746715
vt 0.804189 0.748290
vt 0.806272 0.748028
vt 0.803776 0.746467
vt 0.805911 0.746100
vt 0.808140 0.747683
vt 0.810064 0.747403
vt 0.807798 0.745606
vt 0.809738 0.745168
vt 0.812311 0.747335
vt 0.814609 0.747344
vt 0.812033 0.744966
vt 0.814386 0.744861
vt 0.816685 0.747293
vt 0.817667 0.747252
vt 0.816500 0.744709
vt 0.817497 0.744621
vt 0.790113 0.747940
vt 0.790252 0.749858
vt 0.787977 0.749714
vt 0.787852 0.747791
vt 0.787813 0.746083
vt 0.790058 0.746285
vt 0.785710 0.747591
vt 0.785801 0.749525
vt 0.783615 0.749350
vt 0.783566 0.747409
vt 0.783558 0.745574
vt 0.785684 0.745812
vt 0.781301 0.747311
vt 0.781322 0.745470
vt 0.781309 0.749247
vt 0.778775 0.749209
vt 0.778792 0.747279
vt 0.778827 0.745447
vt 0.796820 0.756814
vt 0.797340 0.758955
vt 0.794350 0.759119
vt 0.793913 0.756933
vt 0.797816 0.760849
vt 0.798117 0.762633
vt 0.795368 0.762810
vt 0.794918 0.761050
vt 0.798110 0.764442
vt 0.797821 0.766341
vt 0.795316 0.766209
vt 0.795455 0.764484
vt 0.797273 0.768394
vt 0.796785 0.770369
vt 0.794920 0.770064
vt 0.795086 0.768122
vt 0.796673 0.772034
vt 0.796618 0.773815
vt 0.795038 0.773769
vt 0.794971 0.771877
vt 0.796299 0.776137
vt 0.795927 0.778121
vt 0.794734 0.777728
vt 0.794918 0.775946
vt 0.775920 0.747291
vt 0.775923 0.745452
vt 0.775908 0.749232
vt 0.774391 0.749258
vt 0.774392 0.747308
vt 0.774370 0.745463
vt 0.775904 0.751395
vt 0.774362 0.751380
vt 0.778803 0.751437
vt 0.778889 0.753918
vt 0.775904 0.753783
vt 0.774294 0.753711
vt 0.781330 0.751501
vt 0.783649 0.751619
vt 0.783702 0.754174
vt 0.781406 0.754033
vt 0.785921 0.751821
vt 0.788206 0.752026
vt 0.788406 0.754568
vt 0.786021 0.754385
vt 0.790564 0.752149
vt 0.790895 0.754622
vt 0.775903 0.756400
vt 0.774179 0.756291
vt 0.779045 0.756610
vt 0.779151 0.759291
vt 0.775821 0.759083
vt 0.773967 0.758989
vt 0.781576 0.756805
vt 0.783808 0.756978
vt 0.783915 0.759747
vt 0.781725 0.759540
vt 0.791091 0.757084
vt 0.791317 0.759439
vt 0.788483 0.759734
vt 0.788442 0.757177
vt 0.786056 0.757122
vt 0.786091 0.759824
vt 0.775580 0.761670
vt 0.779088 0.761740
vt 0.778928 0.763941
vt 0.775261 0.764027
vt 0.773206 0.764137
vt 0.773613 0.761674
vt 0.781742 0.761966
vt 0.783969 0.762198
vt 0.784046 0.764363
vt 0.781707 0.764127
vt 0.786195 0.762286
vt 0.788693 0.762120
vt 0.789011 0.764187
vt 0.786392 0.764431
vt 0.791739 0.761591
vt 0.792168 0.763487
vt 0.774947 0.766019
vt 0.772838 0.766172
vt 0.778743 0.765878
vt 0.778590 0.767836
vt 0.774659 0.768001
vt 0.772500 0.768150
vt 0.781699 0.766068
vt 0.784219 0.766274
vt 0.784464 0.767999
vt 0.781747 0.767938
vt 0.786711 0.766182
vt 0.789377 0.765785
vt 0.789729 0.767201
vt 0.787080 0.767710
vt 0.792418 0.765076
vt 0.792546 0.766598
vt 0.774422 0.770327
vt 0.772181 0.770443
vt 0.778526 0.770102
vt 0.778534 0.772452
vt 0.774247 0.772795
vt 0.771910 0.772899
vt 0.781879 0.769887
vt 0.784754 0.769607
vt 0.785026 0.771167
vt 0.782047 0.771839
vt 0.787425 0.769185
vt 0.790006 0.768716
vt 0.790224 0.770275
vt 0.787712 0.770645
vt 0.792612 0.768296
vt 0.792680 0.770058
vt 0.792815 0.771772
vt 0.792923 0.773599
vt 0.790535 0.773542
vt 0.790397 0.771821
vt 0.792910 0.775702
vt 0.792844 0.777425
vt 0.790733 0.777371
vt 0.790649 0.775628
vt 0.806024 0.787602
vt 0.805014 0.787523
vt 0.807194 0.787655
vt 0.806506 0.789055
vt 0.805398 0.788898
vt 0.804410 0.788740
vt 0.808683 0.787771
vt 0.807907 0.789296
vt 0.804003 0.787328
vt 0.802865 0.786916
vt 0.803367 0.788496
vt 0.802224 0.788069
vt 0.801470 0.786188
vt 0.800065 0.785443
vt 0.800933 0.787361
vt 0.799656 0.786644
vt 0.800487 0.788469
vt 0.799275 0.787800
vt 0.801702 0.789114
vt 0.801093 0.790222
vt 0.799940 0.789611
vt 0.798778 0.788953
vt 0.802803 0.789566
vt 0.803810 0.789880
vt 0.803106 0.791137
vt 0.802143 0.790727
vt 0.804744 0.790112
vt 0.805778 0.790366
vt 0.804968 0.791824
vt 0.803997 0.791463
vt 0.807085 0.790749
vt 0.808536 0.791401
vt 0.807498 0.793120
vt 0.806171 0.792340
vt 0.810002 0.792466
vt 0.810738 0.793101
vt 0.809520 0.794946
vt 0.808843 0.794275
vt 0.787908 0.772129
vt 0.785219 0.772745
vt 0.788134 0.773831
vt 0.785504 0.774500
vt 0.782200 0.773717
vt 0.778595 0.774664
vt 0.782430 0.775582
vt 0.778702 0.776682
vt 0.774149 0.775200
vt 0.771716 0.775366
vt 0.774107 0.777404
vt 0.771594 0.777671
vt 0.788511 0.775948
vt 0.788875 0.777728
vt 0.786743 0.778734
vt 0.786052 0.776593
vt 0.782828 0.777493
vt 0.778843 0.778451
vt 0.783064 0.779287
vt 0.778904 0.780043
vt 0.774102 0.779268
vt 0.771541 0.779642
vt 0.774095 0.780947
vt 0.771529 0.781436
vt 0.781912 0.783633
vt 0.778113 0.784697
vt 0.778483 0.783039
vt 0.782336 0.782197
vt 0.785009 0.781713
vt 0.784613 0.782897
vt 0.784516 0.784113
vt 0.781973 0.785041
vt 0.778196 0.786651
vt 0.773829 0.785914
vt 0.771565 0.786561
vt 0.771541 0.784929
vt 0.773966 0.784239
vt 0.773777 0.787653
vt 0.771680 0.788208
vt 0.782810 0.780802
vt 0.778765 0.781530
vt 0.785630 0.780404
vt 0.774053 0.782593
vt 0.771530 0.783209
vt 0.782952 0.786355
vt 0.781058 0.787606
vt 0.784792 0.785523
vt 0.785261 0.786900
vt 0.784148 0.787568
vt 0.782904 0.788580
vt 0.784858 0.788676
vt 0.783846 0.789612
vt 0.785740 0.788020
vt 0.786226 0.788916
vt 0.785363 0.789627
vt 0.784402 0.790574
vt 0.785944 0.790372
vt 0.785092 0.791339
vt 0.786711 0.789621
vt 0.787281 0.790242
vt 0.786655 0.791041
vt 0.785951 0.792035
vt 0.798898 0.784978
vt 0.798072 0.784726
vt 0.798556 0.786191
vt 0.797759 0.785935
vt 0.798185 0.787276
vt 0.797699 0.788306
vt 0.796890 0.787811
vt 0.797378 0.786922
vt 0.797012 0.789352
vt 0.796256 0.788725
vt 0.798022 0.790145
vt 0.797277 0.791159
vt 0.796353 0.790236
vt 0.795662 0.789501
vt 0.773948 0.789490
vt 0.771966 0.789975
vt 0.777488 0.788924
vt 0.777509 0.790864
vt 0.774278 0.791489
vt 0.772437 0.791967
vt 0.783071 0.790719
vt 0.783742 0.791571
vt 0.783275 0.792648
vt 0.782481 0.791967
vt 0.781435 0.791351
vt 0.782040 0.789871
vt 0.780182 0.789162
vt 0.779836 0.790901
vt 0.784522 0.792295
vt 0.785463 0.792957
vt 0.785094 0.793893
vt 0.784116 0.793293
vt 0.783756 0.794385
vt 0.784742 0.794928
vt 0.784455 0.795972
vt 0.783453 0.795450
vt 0.782565 0.794994
vt 0.782890 0.793833
vt 0.782026 0.793329
vt 0.781638 0.794661
vt 0.780566 0.794465
vt 0.780970 0.792933
vt 0.779531 0.792703
vt 0.779244 0.794417
vt 0.777492 0.794775
vt 0.777509 0.792881
vt 0.774703 0.793713
vt 0.775131 0.795794
vt 0.773798 0.796469
vt 0.773104 0.794292
vt 0.785971 0.795405
vt 0.785726 0.796502
vt 0.786300 0.794438
vt 0.787584 0.794919
vt 0.787310 0.795848
vt 0.787110 0.797000
vt 0.786622 0.793625
vt 0.787015 0.792791
vt 0.788059 0.793428
vt 0.787803 0.794198
vt 0.785654 0.797702
vt 0.784280 0.796933
vt 0.787112 0.798387
vt 0.787093 0.799906
vt 0.785434 0.798805
vt 0.783975 0.797797
vt 0.775470 0.797365
vt 0.774349 0.798018
vt 0.777461 0.796345
vt 0.777794 0.797810
vt 0.776061 0.798821
vt 0.775082 0.799442
vt 0.783220 0.796368
vt 0.782277 0.795999
vt 0.782826 0.797116
vt 0.782103 0.796652
vt 0.778949 0.795895
vt 0.780144 0.795794
vt 0.780156 0.796996
vt 0.779081 0.797265
vt 0.781252 0.795818
vt 0.781257 0.796816
vt 0.782039 0.797673
vt 0.783300 0.798549
vt 0.782394 0.799241
vt 0.781056 0.798149
vt 0.777242 0.800554
vt 0.776319 0.801242
vt 0.778871 0.799391
vt 0.780146 0.800807
vt 0.778484 0.802103
vt 0.777550 0.802854
vt 0.780071 0.798655
vt 0.781396 0.799923
vt 0.784742 0.799606
vt 0.785911 0.800515
vt 0.784747 0.801051
vt 0.783726 0.800261
vt 0.782533 0.800926
vt 0.781073 0.801781
vt 0.783341 0.801631
vt 0.781666 0.802397
vt 0.779259 0.803007
vt 0.778263 0.803712
vt 0.779696 0.803489
vt 0.778637 0.804117
vt 0.799103 0.790886
vt 0.800190 0.791565
vt 0.799262 0.792793
vt 0.798257 0.792008
vt 0.797686 0.792695
vt 0.798576 0.793555
vt 0.797803 0.794056
vt 0.797076 0.793142
vt 0.796339 0.792212
vt 0.796815 0.791784
vt 0.796109 0.793549
vt 0.795216 0.793833
vt 0.794820 0.792968
vt 0.795554 0.792640
vt 0.796611 0.794500
vt 0.795141 0.794851
vt 0.790069 0.792868
vt 0.789879 0.793930
vt 0.789762 0.793942
vt 0.789963 0.792836
vt 0.790394 0.791862
vt 0.790478 0.791925
vt 0.790579 0.792169
vt 0.790336 0.792853
vt 0.790199 0.793876
vt 0.788808 0.794575
vt 0.788797 0.795325
vt 0.788859 0.793769
vt 0.789395 0.793910
vt 0.789526 0.794767
vt 0.790041 0.795587
vt 0.793543 0.792324
vt 0.792697 0.791667
vt 0.792745 0.791580
vt 0.793631 0.792259
vt 0.794386 0.793124
vt 0.794265 0.793152
vt 0.793885 0.793221
vt 0.793252 0.792398
vt 0.792701 0.791893
vt 0.801218 0.792171
vt 0.802186 0.792706
vt 0.801212 0.794222
vt 0.800259 0.793523
vt 0.799493 0.794406
vt 0.800343 0.795322
vt 0.799331 0.796158
vt 0.798601 0.795037
vt 0.797264 0.795631
vt 0.797929 0.796883
vt 0.796338 0.797507
vt 0.795719 0.796116
vt 0.794203 0.796420
vt 0.792731 0.796592
vt 0.792460 0.795831
vt 0.793798 0.795527
vt 0.794609 0.797337
vt 0.793019 0.797363
vt 0.791317 0.796681
vt 0.789953 0.796607
vt 0.791249 0.795897
vt 0.791421 0.797479
vt 0.789825 0.797776
vt 0.788627 0.796289
vt 0.788451 0.797427
vt 0.807529 0.796232
vt 0.806301 0.795109
vt 0.808155 0.796867
vt 0.806885 0.798549
vt 0.806263 0.797995
vt 0.805067 0.797004
vt 0.805122 0.794280
vt 0.803967 0.796245
vt 0.802971 0.795591
vt 0.804036 0.793662
vt 0.803092 0.793170
vt 0.802084 0.794914
vt 0.805248 0.799221
vt 0.805953 0.799675
vt 0.805357 0.800346
vt 0.804563 0.799975
vt 0.803075 0.799380
vt 0.803915 0.798438
vt 0.802738 0.797906
vt 0.801788 0.799077
vt 0.800387 0.798899
vt 0.801761 0.797320
vt 0.801031 0.796376
vt 0.799851 0.797492
vt 0.795390 0.800017
vt 0.793490 0.800361
vt 0.793427 0.800133
vt 0.795077 0.799766
vt 0.796260 0.799140
vt 0.796713 0.799349
vt 0.797373 0.799597
vt 0.795529 0.800227
vt 0.793526 0.800506
vt 0.791608 0.800095
vt 0.790217 0.799490
vt 0.790610 0.799304
vt 0.791807 0.799863
vt 0.791555 0.800267
vt 0.789732 0.799734
vt 0.816177 0.741080
vt 0.817207 0.740967
vt 0.813994 0.741357
vt 0.813631 0.738318
vt 0.815881 0.737941
vt 0.816942 0.737816
vt 0.811561 0.741732
vt 0.809193 0.742276
vt 0.808683 0.739826
vt 0.811121 0.738951
vt 0.807205 0.743056
vt 0.805320 0.743895
vt 0.804771 0.742096
vt 0.806646 0.740928
vt 0.803263 0.744615
vt 0.801163 0.745160
vt 0.800856 0.744016
vt 0.802819 0.743171
vt 0.799149 0.745474
vt 0.797048 0.745554
vt 0.796902 0.744644
vt 0.798944 0.744496
vt 0.794685 0.745398
vt 0.792267 0.745107
vt 0.792147 0.744131
vt 0.794548 0.744489
vt 0.789998 0.744782
vt 0.787842 0.744410
vt 0.787907 0.743128
vt 0.789966 0.743667
vt 0.785762 0.743978
vt 0.783647 0.743628
vt 0.783759 0.742086
vt 0.785874 0.742543
vt 0.781387 0.743499
vt 0.778850 0.743515
vt 0.778860 0.741991
vt 0.781454 0.741933
vt 0.775827 0.741378
vt 0.778832 0.741187
vt 0.778845 0.741261
vt 0.775841 0.741461
vt 0.774249 0.741592
vt 0.774238 0.741503
vt 0.774227 0.741434
vt 0.775814 0.741316
vt 0.778817 0.741137
vt 0.815759 0.736604
vt 0.816827 0.736479
vt 0.816837 0.736586
vt 0.815768 0.736713
vt 0.813480 0.737117
vt 0.813465 0.737008
vt 0.813450 0.736902
vt 0.815750 0.736496
vt 0.816818 0.736372
vt 0.810857 0.737720
vt 0.810896 0.737823
vt 0.808389 0.738791
vt 0.808331 0.738693
vt 0.808280 0.738609
vt 0.810822 0.737625
vt 0.806283 0.739878
vt 0.806334 0.739979
vt 0.804473 0.741235
vt 0.804431 0.741125
vt 0.804399 0.741034
vt 0.806242 0.739796
vt 0.802491 0.742281
vt 0.802546 0.742408
vt 0.800639 0.743342
vt 0.800582 0.743197
vt 0.800530 0.743064
vt 0.802446 0.742171
vt 0.798818 0.743722
vt 0.798836 0.743880
vt 0.796894 0.744052
vt 0.796919 0.743893
vt 0.796944 0.743738
vt 0.798802 0.743571
vt 0.794605 0.743742
vt 0.794570 0.743888
vt 0.792183 0.743505
vt 0.792216 0.743383
vt 0.792244 0.743285
vt 0.794637 0.743609
vt 0.790094 0.742930
vt 0.790052 0.743022
vt 0.788036 0.742458
vt 0.788085 0.742390
vt 0.788127 0.742353
vt 0.790130 0.742868
vt 0.786034 0.741767
vt 0.785997 0.741831
vt 0.783843 0.741341
vt 0.783861 0.741272
vt 0.783873 0.741233
vt 0.786065 0.741734
vt 0.781485 0.741115
vt 0.781486 0.741186
vt 0.781481 0.741071
vt 0.815777 0.736821
vt 0.816847 0.736694
vt 0.813498 0.737229
vt 0.810942 0.737941
vt 0.808460 0.738916
vt 0.806405 0.740115
vt 0.804538 0.741384
vt 0.802618 0.742570
vt 0.800705 0.743512
vt 0.798859 0.744052
vt 0.796870 0.744223
vt 0.794530 0.744061
vt 0.792140 0.743675
vt 0.789996 0.743174
vt 0.787974 0.742591
vt 0.785948 0.741958
vt 0.783817 0.741468
vt 0.781481 0.741311
vt 0.778857 0.741385
vt 0.795952 0.790781
vt 0.795291 0.789976
vt 0.795512 0.791183
vt 0.794843 0.790351
vt 0.794740 0.791639
vt 0.794014 0.792018
vt 0.792960 0.791214
vt 0.794018 0.790826
vt 0.792033 0.791462
vt 0.791475 0.791497
vt 0.791450 0.791413
vt 0.792042 0.791372
vt 0.792161 0.791765
vt 0.791546 0.791818
vt 0.790952 0.791560
vt 0.790895 0.791482
vt 0.790973 0.791896
vt 0.789149 0.792634
vt 0.789630 0.792739
vt 0.788446 0.792353
vt 0.788792 0.791400
vt 0.789460 0.791632
vt 0.790124 0.791593
vt 0.787552 0.791761
vt 0.788020 0.790886
vt 0.790778 0.791227
vt 0.791383 0.791150
vt 0.791402 0.791247
vt 0.790793 0.791322
vt 0.790187 0.791267
vt 0.790200 0.791162
vt 0.790777 0.791125
vt 0.791365 0.791047
vt 0.792032 0.791083
vt 0.792794 0.790903
vt 0.792055 0.791186
vt 0.791995 0.790976
vt 0.792743 0.790793
vt 0.789578 0.791222
vt 0.788926 0.791001
vt 0.788953 0.790882
vt 0.789598 0.791108
vt 0.788203 0.790516
vt 0.787530 0.789906
vt 0.787591 0.789803
vt 0.788244 0.790402
vt 0.787026 0.789309
vt 0.786592 0.788626
vt 0.786710 0.788547
vt 0.787116 0.789218
vt 0.786128 0.787757
vt 0.785733 0.786643
vt 0.785883 0.786587
vt 0.786266 0.787689
vt 0.785507 0.785223
vt 0.785460 0.783797
vt 0.785604 0.783787
vt 0.785657 0.785187
vt 0.785604 0.782666
vt 0.785989 0.781590
vt 0.786120 0.781644
vt 0.785738 0.782686
vt 0.786666 0.780331
vt 0.787676 0.779178
vt 0.787817 0.779296
vt 0.786808 0.780418
vt 0.789062 0.778418
vt 0.790783 0.778061
vt 0.790816 0.778226
vt 0.789161 0.778564
vt 0.792797 0.778113
vt 0.794607 0.778435
vt 0.794506 0.778606
vt 0.792759 0.778287
vt 0.795712 0.778886
vt 0.796404 0.779434
vt 0.796246 0.779574
vt 0.795572 0.779043
vt 0.796971 0.780049
vt 0.797409 0.780862
vt 0.797258 0.780969
vt 0.796813 0.780178
vt 0.797715 0.782004
vt 0.797829 0.783311
vt 0.797671 0.783318
vt 0.797562 0.782063
vt 0.797691 0.784621
vt 0.797390 0.785812
vt 0.797238 0.785757
vt 0.797533 0.784589
vt 0.795937 0.788479
vt 0.796539 0.787606
vt 0.795376 0.789217
vt 0.795291 0.789156
vt 0.795836 0.788423
vt 0.796420 0.787549
vt 0.797014 0.786762
vt 0.796877 0.786702
vt 0.795023 0.789657
vt 0.794578 0.790010
vt 0.794515 0.789913
vt 0.794951 0.789579
vt 0.793739 0.790485
vt 0.793681 0.790378
vt 0.794811 0.797781
vt 0.793184 0.797738
vt 0.796130 0.798064
vt 0.795910 0.798246
vt 0.794734 0.798003
vt 0.793251 0.797935
vt 0.792950 0.798647
vt 0.792830 0.798719
vt 0.792454 0.798655
vt 0.792755 0.798506
vt 0.793209 0.798415
vt 0.793160 0.798604
vt 0.793125 0.798735
vt 0.792988 0.798737
vt 0.792907 0.798745
vt 0.791524 0.797876
vt 0.790254 0.798225
vt 0.791761 0.798081
vt 0.790632 0.798387
vt 0.792939 0.798960
vt 0.793189 0.799063
vt 0.793250 0.799350
vt 0.792734 0.799176
vt 0.792412 0.798913
vt 0.792804 0.798825
vt 0.792898 0.798802
vt 0.792993 0.798839
vt 0.793150 0.798883
vt 0.793309 0.798819
vt 0.793125 0.798801
vt 0.793343 0.798756
vt 0.793568 0.798776
vt 0.793574 0.798829
vt 0.793614 0.798880
vt 0.793384 0.798891
vt 0.793005 0.798783
vt 0.792904 0.798768
vt 0.793564 0.799030
vt 0.793876 0.798928
vt 0.794443 0.798989
vt 0.793915 0.799231
vt 0.793489 0.798645
vt 0.793794 0.798479
vt 0.794307 0.798629
vt 0.793796 0.798733
vt 0.792775 0.798761
vt 0.792329 0.798765
vt 0.793939 0.798828
vt 0.794549 0.798793
vt 0.792265 0.798304
vt 0.791543 0.798537
vt 0.793249 0.798177
vt 0.792270 0.799517
vt 0.793339 0.799751
vt 0.791512 0.799092
vt 0.794503 0.799490
vt 0.795370 0.799039
vt 0.794302 0.798250
vt 0.795158 0.798450
vt 0.791281 0.798783
vt 0.790234 0.798803
vt 0.795551 0.798703
vt 0.796478 0.798629
vt 0.796861 0.798642
vt 0.797318 0.798560
vt 0.798464 0.798198
vt 0.798823 0.799245
vt 0.789792 0.798815
vt 0.789379 0.798790
vt 0.788420 0.798698
vt 0.788457 0.799749
vt 0.795591 0.800628
vt 0.793527 0.800893
vt 0.793531 0.800768
vt 0.795585 0.800506
vt 0.797471 0.800098
vt 0.797487 0.800229
vt 0.797504 0.800357
vt 0.795598 0.800747
vt 0.793522 0.801017
vt 0.799000 0.799969
vt 0.798979 0.799834
vt 0.800261 0.799709
vt 0.800278 0.799848
vt 0.800294 0.799983
vt 0.799021 0.800102
vt 0.801470 0.799861
vt 0.801471 0.799719
vt 0.802745 0.799945
vt 0.802717 0.800087
vt 0.802689 0.800225
vt 0.801469 0.800000
vt 0.804160 0.800599
vt 0.804222 0.800464
vt 0.805011 0.800797
vt 0.804931 0.800927
vt 0.804853 0.801055
vt 0.804100 0.800732
vt 0.786514 0.801322
vt 0.785345 0.801860
vt 0.785251 0.801660
vt 0.786437 0.801138
vt 0.787477 0.800706
vt 0.787527 0.800880
vt 0.787574 0.801052
vt 0.786588 0.801503
vt 0.785437 0.802057
vt 0.788523 0.800602
vt 0.788506 0.800416
vt 0.789771 0.800351
vt 0.789764 0.800542
vt 0.789756 0.800731
vt 0.788539 0.800786
vt 0.791508 0.800751
vt 0.791520 0.800592
vt 0.791496 0.800910
vt 0.780162 0.804144
vt 0.780045 0.803962
vt 0.782042 0.802944
vt 0.782145 0.803143
vt 0.782248 0.803340
vt 0.780276 0.804324
vt 0.779231 0.804884
vt 0.779108 0.804715
vt 0.778982 0.804544
vt 0.783881 0.802424
vt 0.783781 0.802219
vt 0.783979 0.802627
vt 0.795579 0.800381
vt 0.793536 0.800640
vt 0.797454 0.799962
vt 0.798957 0.799691
vt 0.800243 0.799562
vt 0.801471 0.799570
vt 0.802774 0.799795
vt 0.804288 0.800323
vt 0.805098 0.800661
vt 0.786356 0.800947
vt 0.785153 0.801454
vt 0.787422 0.800526
vt 0.788485 0.800227
vt 0.789776 0.800159
vt 0.791531 0.800432
vt 0.779924 0.803775
vt 0.781935 0.802740
vt 0.778851 0.804369
vt 0.783679 0.802009
vt 0.791092 0.794490
vt 0.790376 0.794580
vt 0.790922 0.793742
vt 0.791902 0.793563
vt 0.792082 0.794349
vt 0.792219 0.794914
vt 0.791276 0.794996
vt 0.790710 0.794914
vt 0.793219 0.794121
vt 0.792994 0.793374
vt 0.794159 0.793923
vt 0.794002 0.794365
vt 0.793330 0.794662
vt 0.792561 0.792496
vt 0.791706 0.792614
vt 0.790923 0.792751
vt 0.790064 0.794652
vt 0.790565 0.795081
vt 0.790482 0.795193
vt 0.789953 0.794717
vt 0.791320 0.795259
vt 0.792287 0.795202
vt 0.792319 0.795349
vt 0.791290 0.795401
vt 0.793422 0.794923
vt 0.794316 0.794465
vt 0.794439 0.794538
vt 0.793508 0.795042
vt 0.794560 0.793870
vt 0.794693 0.793891
vt 0.789859 0.792800
vt 0.789648 0.793952
vt 0.790309 0.791796
vt 0.793717 0.792190
vt 0.792795 0.791488
vt 0.794501 0.793096
vt 0.792054 0.791281
vt 0.791425 0.791332
vt 0.790837 0.791405
vt 0.789841 0.794785
vt 0.790390 0.795311
vt 0.791253 0.795542
vt 0.792349 0.795488
vt 0.793600 0.795156
vt 0.794571 0.794609
vt 0.794828 0.793912
vt 0.811496 0.762155
vt 0.801806 0.756649
vt 0.815375 0.771439
vt 0.802069 0.771349
vt 0.804510 0.780782
vt 0.806071 0.784855
vt 0.808709 0.776306
vt 0.808152 0.771122
vt 0.787813 0.746082
vt 0.781575 0.756805
vt 0.781879 0.769888
vt 0.792924 0.773599
vt 0.808683 0.787770
vt 0.778843 0.778450
vt 0.782026 0.793330
vt 0.777241 0.800554
vt 0.796109 0.793548
vt 0.795140 0.794851
vt 0.796260 0.799139
vt 0.815881 0.737940
vt 0.775904 0.743599
vt 0.775876 0.742166
vt 0.774287 0.742282
vt 0.774328 0.743658
vt 0.802492 0.742281
vt 0.775857 0.741588
vt 0.774263 0.741723
vt 0.781482 0.741311
vt 0.793795 0.798733
vt 0.802775 0.799795
vt 0.804289 0.800323
vt 0.788484 0.800227
vt 0.801437 0.728050
vt 0.800794 0.728074
vt 0.802096 0.727983
vt 0.801280 0.731227
vt 0.800571 0.731284
vt 0.799867 0.731270
vt 0.800094 0.727997
vt 0.799392 0.727849
vt 0.799094 0.731126
vt 0.798347 0.730894
vt 0.798739 0.727659
vt 0.798426 0.727553
vt 0.797722 0.730613
vt 0.797441 0.730461
vt 0.802847 0.727930
vt 0.803568 0.727874
vt 0.802836 0.731071
vt 0.802071 0.731158
vt 0.809330 0.725712
vt 0.808609 0.725829
vt 0.809923 0.725652
vt 0.809804 0.728031
vt 0.809151 0.728146
vt 0.808323 0.728329
vt 0.810331 0.725575
vt 0.810488 0.725531
vt 0.810277 0.727805
vt 0.810168 0.727885
vt 0.805817 0.727060
vt 0.804806 0.727575
vt 0.806909 0.726485
vt 0.806436 0.729210
vt 0.805272 0.729967
vt 0.804197 0.730648
vt 0.807821 0.726081
vt 0.807435 0.728674
vt 0.804138 0.727801
vt 0.803465 0.730958
vt 0.788788 0.198358
vt 0.788767 0.197978
vt 0.789049 0.197959
vt 0.789091 0.198232
vt 0.789188 0.198500
vt 0.788893 0.198743
vt 0.788456 0.198886
vt 0.788384 0.198398
vt 0.788355 0.197928
vt 0.789119 0.199050
vt 0.789354 0.198699
vt 0.789575 0.198828
vt 0.789450 0.199251
vt 0.789222 0.199931
vt 0.788739 0.199483
vt 0.788794 0.197688
vt 0.788858 0.197474
vt 0.789086 0.197577
vt 0.789050 0.197744
vt 0.788432 0.197536
vt 0.788566 0.197254
vt 0.788951 0.197320
vt 0.789074 0.197202
vt 0.789237 0.197347
vt 0.789147 0.197449
vt 0.788709 0.197109
vt 0.788832 0.196969
vt 0.789226 0.197095
vt 0.789419 0.197017
vt 0.789515 0.197199
vt 0.789359 0.197260
vt 0.789014 0.196874
vt 0.789209 0.196761
vt 0.789665 0.196986
vt 0.789911 0.196994
vt 0.789900 0.197188
vt 0.789707 0.197176
vt 0.789542 0.196699
vt 0.789899 0.196687
vt 0.790106 0.197035
vt 0.790298 0.197141
vt 0.790218 0.197328
vt 0.790060 0.197231
vt 0.790171 0.196726
vt 0.790431 0.196852
vt 0.790540 0.197346
vt 0.790766 0.197621
vt 0.790579 0.197723
vt 0.790407 0.197499
vt 0.790754 0.197096
vt 0.791052 0.197428
vt 0.790909 0.197936
vt 0.790899 0.198320
vt 0.790670 0.198256
vt 0.790690 0.197974
vt 0.791237 0.197820
vt 0.791347 0.198360
vt 0.790669 0.198799
vt 0.790298 0.199193
vt 0.790135 0.198821
vt 0.790449 0.198575
vt 0.791017 0.199090
vt 0.790552 0.199665
vt 0.789867 0.199321
vt 0.789840 0.198887
vt 0.789890 0.199969
vt 0.789230 0.198170
vt 0.789180 0.197940
vt 0.789235 0.197922
vt 0.789287 0.198139
vt 0.789375 0.198350
vt 0.789322 0.198391
vt 0.789460 0.198546
vt 0.789502 0.198492
vt 0.789657 0.198581
vt 0.789633 0.198645
vt 0.789168 0.197761
vt 0.789188 0.197621
vt 0.789229 0.197634
vt 0.789216 0.197759
vt 0.789235 0.197507
vt 0.789311 0.197415
vt 0.789339 0.197445
vt 0.789269 0.197530
vt 0.789419 0.197339
vt 0.789557 0.197287
vt 0.789573 0.197329
vt 0.789441 0.197375
vt 0.789724 0.197269
vt 0.789892 0.197282
vt 0.789888 0.197327
vt 0.789730 0.197313
vt 0.790035 0.197326
vt 0.790177 0.197417
vt 0.790155 0.197459
vt 0.790022 0.197370
vt 0.790341 0.197574
vt 0.790490 0.197772
vt 0.790449 0.197795
vt 0.790310 0.197608
vt 0.790585 0.197990
vt 0.790559 0.198224
vt 0.790507 0.198207
vt 0.790535 0.197995
vt 0.790347 0.198472
vt 0.790066 0.198656
vt 0.790042 0.198595
vt 0.790305 0.198430
vt 0.789831 0.198697
vt 0.789832 0.198630
vt 0.783120 0.180164
vt 0.783594 0.179649
vt 0.784305 0.180472
vt 0.783669 0.181098
vt 0.782991 0.181672
vt 0.782592 0.180617
vt 0.782279 0.179716
vt 0.782685 0.179420
vt 0.782984 0.179017
vt 0.781947 0.180927
vt 0.782244 0.182106
vt 0.781401 0.182385
vt 0.781218 0.181069
vt 0.781202 0.180272
vt 0.781690 0.179961
vt 0.780442 0.181020
vt 0.780440 0.182495
vt 0.779420 0.182519
vt 0.779641 0.180875
vt 0.780174 0.179533
vt 0.780737 0.179881
vt 0.784076 0.179155
vt 0.784572 0.178534
vt 0.785616 0.179202
vt 0.784931 0.179879
vt 0.783339 0.178665
vt 0.783629 0.178146
vt 0.785088 0.177638
vt 0.785613 0.176605
vt 0.787309 0.177345
vt 0.786430 0.178324
vt 0.783925 0.177325
vt 0.784085 0.176431
vt 0.798110 0.173606
vt 0.797580 0.174809
vt 0.796542 0.174538
vt 0.797232 0.173332
vt 0.797934 0.172456
vt 0.798578 0.172721
vt 0.799203 0.172814
vt 0.798861 0.173688
vt 0.798671 0.174913
vt 0.801690 0.174645
vt 0.802970 0.174817
vt 0.803085 0.176725
vt 0.801716 0.176252
vt 0.800474 0.175834
vt 0.800580 0.174553
vt 0.800317 0.173394
vt 0.801404 0.173351
vt 0.802357 0.173207
vt 0.799429 0.173609
vt 0.799554 0.174107
vt 0.799721 0.172998
vt 0.799807 0.174618
vt 0.799486 0.175528
vt 0.766447 0.180514
vt 0.767886 0.182263
vt 0.766711 0.183476
vt 0.765415 0.181613
vt 0.764300 0.179729
vt 0.765208 0.178985
vt 0.765926 0.178006
vt 0.767479 0.179414
vt 0.769061 0.181051
vt 0.796286 0.172831
vt 0.795392 0.174166
vt 0.794185 0.173742
vt 0.795306 0.172217
vt 0.796606 0.171263
vt 0.797194 0.171932
vt 0.797019 0.176293
vt 0.796367 0.178199
vt 0.795203 0.177935
vt 0.795874 0.176054
vt 0.798077 0.176569
vt 0.797493 0.178480
vt 0.799096 0.176929
vt 0.798581 0.178851
vt 0.800184 0.177393
vt 0.799924 0.179689
vt 0.801452 0.177981
vt 0.802811 0.178630
vt 0.802527 0.180826
vt 0.801299 0.179898
vt 0.769410 0.184064
vt 0.771168 0.186177
vt 0.769728 0.187348
vt 0.768093 0.185295
vt 0.770728 0.182833
vt 0.772608 0.185006
vt 0.794597 0.175808
vt 0.794005 0.177617
vt 0.792069 0.177656
vt 0.793254 0.175559
vt 0.795565 0.180669
vt 0.794864 0.182998
vt 0.793456 0.183191
vt 0.794504 0.180238
vt 0.796745 0.180958
vt 0.796043 0.183290
vt 0.797887 0.181321
vt 0.797193 0.183632
vt 0.799052 0.182034
vt 0.798239 0.184452
vt 0.773309 0.188863
vt 0.774759 0.191518
vt 0.772812 0.191456
vt 0.771787 0.189910
vt 0.774831 0.187816
vt 0.776315 0.189552
vt 0.800301 0.183371
vt 0.801147 0.182780
vt 0.802240 0.185623
vt 0.800580 0.185553
vt 0.801657 0.182071
vt 0.802613 0.183602
vt 0.803702 0.175990
vt 0.804691 0.175619
vt 0.805138 0.176298
vt 0.804363 0.176808
vt 0.803503 0.177598
vt 0.802546 0.176703
vt 0.801554 0.175690
vt 0.803071 0.175032
vt 0.804470 0.174821
vt 0.791272 0.181064
vt 0.792713 0.180296
vt 0.790699 0.182835
vt 0.787954 0.182525
vt 0.790185 0.180023
vt 0.793717 0.179452
vt 0.801195 0.177821
vt 0.802429 0.178779
vt 0.801128 0.180331
vt 0.799619 0.179341
vt 0.797952 0.178232
vt 0.799869 0.176748
vt 0.797787 0.181263
vt 0.799588 0.182237
vt 0.795828 0.183385
vt 0.793380 0.182334
vt 0.795740 0.180169
vt 0.763145 0.184951
vt 0.762214 0.186043
vt 0.761423 0.184903
vt 0.762233 0.183987
vt 0.762886 0.182894
vt 0.764076 0.183859
vt 0.765358 0.185105
vt 0.764308 0.186181
vt 0.763258 0.187257
vt 0.765783 0.187772
vt 0.767661 0.189677
vt 0.766438 0.191000
vt 0.764641 0.188957
vt 0.766924 0.186587
vt 0.768883 0.188355
vt 0.770034 0.191850
vt 0.768723 0.193242
vt 0.771345 0.190458
vt 0.771950 0.193811
vt 0.770720 0.195168
vt 0.792520 0.181042
vt 0.792581 0.182745
vt 0.791636 0.183054
vt 0.791455 0.181052
vt 0.791409 0.179134
vt 0.792517 0.179164
vt 0.794022 0.179584
vt 0.793758 0.181385
vt 0.790275 0.177673
vt 0.790350 0.176325
vt 0.791333 0.176204
vt 0.791365 0.177549
vt 0.790303 0.179336
vt 0.788985 0.179404
vt 0.789264 0.177714
vt 0.789310 0.175990
vt 0.790610 0.175264
vt 0.790342 0.174841
vt 0.791337 0.173754
vt 0.791320 0.175006
vt 0.790246 0.174409
vt 0.790709 0.173599
vt 0.789749 0.174564
vt 0.790203 0.173536
vt 0.792469 0.177578
vt 0.793630 0.177708
vt 0.792326 0.176271
vt 0.793320 0.176035
vt 0.775733 0.183754
vt 0.777370 0.183050
vt 0.778347 0.184803
vt 0.776618 0.185539
vt 0.774889 0.186275
vt 0.774095 0.184459
vt 0.773439 0.182691
vt 0.774906 0.182039
vt 0.776373 0.181387
vt 0.794891 0.177887
vt 0.795323 0.179454
vt 0.794618 0.176287
vt 0.795848 0.176365
vt 0.796203 0.178090
vt 0.796656 0.179865
vt 0.787453 0.178665
vt 0.787961 0.178039
vt 0.787574 0.180035
vt 0.786169 0.180116
vt 0.786584 0.178255
vt 0.786969 0.176462
vt 0.788397 0.177438
vt 0.788146 0.176332
vt 0.806698 0.178408
vt 0.807564 0.178929
vt 0.807209 0.180142
vt 0.806231 0.179531
vt 0.805276 0.178844
vt 0.805863 0.177811
vt 0.806298 0.177015
vt 0.806955 0.177529
vt 0.807648 0.177908
vt 0.808441 0.179166
vt 0.809322 0.179261
vt 0.809108 0.180737
vt 0.808164 0.180502
vt 0.808404 0.178110
vt 0.809069 0.178024
vt 0.805085 0.177346
vt 0.804390 0.178256
vt 0.805643 0.176711
vt 0.774037 0.180004
vt 0.775311 0.179408
vt 0.772762 0.180600
vt 0.772184 0.178605
vt 0.773238 0.178199
vt 0.774161 0.177633
vt 0.792037 0.175234
vt 0.792320 0.174795
vt 0.792448 0.174344
vt 0.793134 0.174643
vt 0.792034 0.173548
vt 0.792629 0.173513
vt 0.794058 0.174626
vt 0.793385 0.173289
vt 0.794075 0.172902
vt 0.795101 0.174450
vt 0.788185 0.175059
vt 0.788815 0.174429
vt 0.787679 0.174457
vt 0.788715 0.172845
vt 0.789326 0.174048
vt 0.789559 0.173149
vt 0.787292 0.182047
vt 0.786808 0.184380
vt 0.784367 0.184706
vt 0.785365 0.182324
vt 0.789019 0.181732
vt 0.789206 0.183758
vt 0.795386 0.182157
vt 0.796115 0.181624
vt 0.798000 0.183456
vt 0.796239 0.183638
vt 0.796359 0.181015
vt 0.797698 0.181926
vt 0.777665 0.187780
vt 0.778946 0.189649
vt 0.775982 0.188505
vt 0.779349 0.187054
vt 0.780029 0.188502
vt 0.790348 0.181341
vt 0.790434 0.183218
vt 0.787727 0.179339
vt 0.788932 0.178430
vt 0.790530 0.179541
vt 0.788704 0.180519
vt 0.787578 0.181345
vt 0.786641 0.180174
vt 0.785791 0.180860
vt 0.786677 0.182034
vt 0.785848 0.182703
vt 0.785047 0.181501
vt 0.789084 0.181698
vt 0.790009 0.181758
vt 0.788357 0.182610
vt 0.791186 0.181591
vt 0.791520 0.182543
vt 0.792155 0.180359
vt 0.793791 0.181031
vt 0.787607 0.183335
vt 0.788435 0.184452
vt 0.787762 0.185349
vt 0.786738 0.184045
vt 0.780684 0.184138
vt 0.781064 0.185834
vt 0.779747 0.186101
vt 0.779497 0.184294
vt 0.781776 0.183889
vt 0.782449 0.185631
vt 0.781473 0.187469
vt 0.781967 0.188788
vt 0.780043 0.187844
vt 0.782712 0.187223
vt 0.783179 0.188436
vt 0.803477 0.179504
vt 0.802320 0.181081
vt 0.804460 0.180172
vt 0.803392 0.181794
vt 0.800895 0.182972
vt 0.799576 0.184737
vt 0.802045 0.183712
vt 0.800770 0.185488
vt 0.785651 0.184909
vt 0.786270 0.186248
vt 0.784816 0.187408
vt 0.784580 0.185595
vt 0.784030 0.184198
vt 0.784938 0.183471
vt 0.783570 0.187236
vt 0.783653 0.186529
vt 0.784006 0.188051
vt 0.783761 0.185766
vt 0.783205 0.184750
vt 0.805910 0.186861
vt 0.807022 0.187909
vt 0.806378 0.190430
vt 0.805055 0.188978
vt 0.803793 0.187815
vt 0.804720 0.185797
vt 0.805687 0.183574
vt 0.806759 0.184338
vt 0.807793 0.185034
vt 0.803375 0.184700
vt 0.802270 0.186583
vt 0.804539 0.182676
vt 0.810304 0.199644
vt 0.810275 0.201156
vt 0.807774 0.201553
vt 0.807574 0.199818
vt 0.807256 0.197992
vt 0.810329 0.198327
vt 0.813136 0.198164
vt 0.812456 0.199631
vt 0.812404 0.201242
vt 0.769266 0.203568
vt 0.770228 0.203031
vt 0.771434 0.204413
vt 0.769395 0.204444
vt 0.767576 0.204376
vt 0.768180 0.203297
vt 0.768915 0.202181
vt 0.771332 0.202361
vt 0.772579 0.202396
vt 0.770960 0.201591
vt 0.773105 0.200965
vt 0.769819 0.201304
vt 0.770186 0.200992
vt 0.768081 0.201634
vt 0.767076 0.201005
vt 0.770472 0.200565
vt 0.772050 0.200254
vt 0.768867 0.200405
vt 0.770896 0.199777
vt 0.808799 0.196419
vt 0.809853 0.196948
vt 0.807017 0.196547
vt 0.807104 0.194857
vt 0.809586 0.195550
vt 0.811827 0.196052
vt 0.810880 0.197376
vt 0.812707 0.196984
vt 0.782681 0.183455
vt 0.783485 0.182878
vt 0.809712 0.202694
vt 0.810508 0.203251
vt 0.807894 0.205740
vt 0.807701 0.203493
vt 0.811315 0.203657
vt 0.810498 0.205058
vt 0.812721 0.202697
vt 0.812607 0.204051
vt 0.784276 0.182200
vt 0.807557 0.182222
vt 0.808543 0.182652
vt 0.806549 0.181690
vt 0.805501 0.180953
vt 0.801484 0.187879
vt 0.800852 0.189068
vt 0.798854 0.188363
vt 0.799920 0.186684
vt 0.803051 0.189086
vt 0.802474 0.190574
vt 0.786653 0.187218
vt 0.787066 0.188697
vt 0.785832 0.189568
vt 0.785438 0.188195
vt 0.787919 0.186394
vt 0.788286 0.187810
vt 0.804240 0.189874
vt 0.804354 0.190827
vt 0.781376 0.179251
vt 0.781032 0.178669
vt 0.782027 0.177949
vt 0.782042 0.178972
vt 0.804903 0.204052
vt 0.801725 0.204415
vt 0.801699 0.202146
vt 0.804802 0.201920
vt 0.804971 0.206309
vt 0.801754 0.206824
vt 0.784116 0.188855
vt 0.784453 0.188958
vt 0.783657 0.191049
vt 0.783540 0.189359
vt 0.784778 0.189003
vt 0.784984 0.190313
vt 0.804633 0.200038
vt 0.801678 0.200155
vt 0.801512 0.198171
vt 0.804300 0.198499
vt 0.798571 0.204628
vt 0.795758 0.204508
vt 0.796074 0.201660
vt 0.798807 0.202117
vt 0.798265 0.207345
vt 0.795074 0.207339
vt 0.805378 0.196350
vt 0.804638 0.196883
vt 0.803007 0.195151
vt 0.804676 0.195338
vt 0.803703 0.197397
vt 0.802129 0.196870
vt 0.774813 0.203158
vt 0.774279 0.202522
vt 0.776374 0.201047
vt 0.776618 0.202639
vt 0.776228 0.204407
vt 0.773721 0.204441
vt 0.773996 0.201954
vt 0.774942 0.200934
vt 0.798904 0.200021
vt 0.796540 0.199661
vt 0.796350 0.197797
vt 0.798923 0.198271
vt 0.778528 0.202309
vt 0.777938 0.200814
vt 0.778829 0.199385
vt 0.780294 0.201163
vt 0.781609 0.204036
vt 0.778924 0.204192
vt 0.800933 0.196052
vt 0.800103 0.196344
vt 0.799070 0.194146
vt 0.800827 0.195088
vt 0.798926 0.196797
vt 0.797497 0.196191
vt 0.787780 0.191561
vt 0.788465 0.194325
vt 0.787495 0.194680
vt 0.786658 0.192165
vt 0.788771 0.190677
vt 0.789630 0.193693
vt 0.785730 0.192759
vt 0.786590 0.195153
vt 0.785544 0.196477
vt 0.784841 0.194078
vt 0.792575 0.197053
vt 0.792146 0.197277
vt 0.791852 0.196740
vt 0.792205 0.196403
vt 0.793194 0.195242
vt 0.793152 0.196993
vt 0.793490 0.197789
vt 0.792801 0.197760
vt 0.792327 0.197849
vt 0.791651 0.195931
vt 0.791383 0.196322
vt 0.790840 0.196020
vt 0.791006 0.195612
vt 0.791397 0.194082
vt 0.792138 0.194395
vt 0.783837 0.196860
vt 0.784145 0.199384
vt 0.782807 0.197350
vt 0.792573 0.199949
vt 0.792050 0.199686
vt 0.792367 0.198948
vt 0.792867 0.199095
vt 0.793559 0.199415
vt 0.793219 0.200257
vt 0.792809 0.201441
vt 0.791930 0.201016
vt 0.791352 0.200586
vt 0.787200 0.201671
vt 0.786479 0.201069
vt 0.787151 0.198131
vt 0.787636 0.200524
vt 0.788260 0.203360
vt 0.787291 0.203714
vt 0.786070 0.204211
vt 0.792920 0.198403
vt 0.792461 0.198372
vt 0.793637 0.198594
vt 0.790826 0.202349
vt 0.790113 0.201647
vt 0.791999 0.203045
vt 0.790988 0.204859
vt 0.789492 0.203815
vt 0.785244 0.200547
vt 0.786297 0.197671
vt 0.784084 0.204180
vt 0.804287 0.191956
vt 0.802691 0.192275
vt 0.806010 0.191748
vt 0.805895 0.192727
vt 0.804345 0.193104
vt 0.802734 0.193819
vt 0.788793 0.195502
vt 0.787920 0.195806
vt 0.789643 0.195380
vt 0.789740 0.195784
vt 0.788988 0.195897
vt 0.788186 0.196252
vt 0.793605 0.203872
vt 0.792748 0.206272
vt 0.794165 0.201875
vt 0.794814 0.199100
vt 0.794656 0.200139
vt 0.794613 0.197980
vt 0.790359 0.195423
vt 0.790638 0.193906
vt 0.790325 0.195833
vt 0.794130 0.200685
vt 0.801214 0.194545
vt 0.800990 0.193842
vt 0.802398 0.194805
vt 0.766966 0.203303
vt 0.766778 0.202728
vt 0.765945 0.204048
vt 0.764870 0.203402
vt 0.766729 0.202206
vt 0.765827 0.202250
vt 0.765400 0.201990
vt 0.765895 0.201189
vt 0.764715 0.202378
vt 0.765020 0.201165
vt 0.813665 0.199894
vt 0.814023 0.199413
vt 0.814586 0.200828
vt 0.813858 0.200850
vt 0.813677 0.201957
vt 0.814041 0.202507
vt 0.781664 0.198199
vt 0.781278 0.195699
vt 0.800210 0.190629
vt 0.800781 0.192004
vt 0.798764 0.191135
vt 0.796866 0.192467
vt 0.796081 0.194633
vt 0.796213 0.191407
vt 0.795920 0.195982
vt 0.794707 0.196749
vt 0.794065 0.197195
vt 0.801349 0.192817
vt 0.804834 0.194113
vt 0.806011 0.194229
vt 0.805686 0.195506
vt 0.804303 0.194788
vt 0.798740 0.185935
vt 0.797834 0.187379
vt 0.796863 0.187176
vt 0.797730 0.185456
vt 0.782419 0.178889
vt 0.782547 0.178560
vt 0.808069 0.177228
vt 0.807492 0.176936
vt 0.807059 0.175802
vt 0.808231 0.176823
vt 0.807056 0.176837
vt 0.806656 0.176398
vt 0.796304 0.189885
vt 0.795297 0.190400
vt 0.790370 0.188621
vt 0.790620 0.186010
vt 0.791374 0.186100
vt 0.790753 0.189697
vt 0.789792 0.189654
vt 0.789737 0.186286
vt 0.780168 0.193885
vt 0.780484 0.191400
vt 0.778210 0.195284
vt 0.776181 0.196047
vt 0.775703 0.198030
vt 0.772272 0.197080
vt 0.774976 0.194366
vt 0.782834 0.178387
vt 0.782905 0.178013
vt 0.783166 0.177426
vt 0.782967 0.177040
vt 0.791823 0.172990
vt 0.792187 0.172798
vt 0.791447 0.172890
vt 0.791541 0.172184
vt 0.772624 0.177173
vt 0.772899 0.176585
vt 0.771828 0.177124
vt 0.771581 0.175900
vt 0.790128 0.172665
vt 0.790752 0.172835
vt 0.790077 0.172231
vt 0.792771 0.172661
vt 0.792881 0.172277
vt 0.806147 0.176285
vt 0.805952 0.175960
vt 0.791049 0.173026
vt 0.761511 0.183193
vt 0.760798 0.183424
vt 0.760257 0.181777
vt 0.761597 0.182254
vt 0.805541 0.175532
vt 0.805802 0.175107
vt 0.798028 0.171594
vt 0.798636 0.171931
vt 0.798072 0.171159
vt 0.799614 0.171578
vt 0.764285 0.177849
vt 0.763458 0.177848
vt 0.762753 0.175968
vt 0.764346 0.176909
vt 0.800887 0.172560
vt 0.801140 0.172194
vt 0.800164 0.172449
vt 0.799769 0.172466
vt 0.799413 0.172190
vt 0.798956 0.172190
vt 0.772454 0.195083
vt 0.773252 0.194571
vt 0.771652 0.196261
vt 0.774445 0.193536
vt 0.782602 0.189534
vt 0.781877 0.189965
vt 0.780533 0.190317
vt 0.795038 0.189378
vt 0.794010 0.190420
vt 0.795042 0.186699
vt 0.796052 0.186657
vt 0.794516 0.184483
vt 0.793547 0.184184
vt 0.795597 0.184763
vt 0.794080 0.186531
vt 0.793137 0.185802
vt 0.796676 0.185076
vt 0.791446 0.190121
vt 0.792169 0.186247
vt 0.792287 0.190277
vt 0.790583 0.184491
vt 0.789689 0.184859
vt 0.791487 0.184261
vt 0.792197 0.184463
vt 0.792495 0.184138
vt 0.792807 0.183808
vt 0.789304 0.189241
vt 0.789091 0.187018
vt 0.793117 0.190548
vt 0.788733 0.186044
vt 0.788882 0.185570
vt 0.789011 0.185073
vt 0.775310 0.198876
vt 0.776536 0.199666
vt 0.773834 0.199141
vt 0.773331 0.198185
vt 0.776958 0.200095
vt 0.775915 0.200106
vt 0.803656 0.195167
vt 0.804244 0.195810
vt 0.804417 0.194113
vt 0.803293 0.193539
vt 0.804341 0.191449
vt 0.805502 0.193355
vt 0.775096 0.200303
vt 0.774118 0.200148
vt 0.773085 0.199971
vt 0.772787 0.199514
vt 0.787139 0.196310
vt 0.787551 0.196809
vt 0.788197 0.199885
vt 0.788857 0.200885
vt 0.787896 0.198694
vt 0.789887 0.200798
vt 0.790898 0.200133
vt 0.787942 0.198205
vt 0.787836 0.197738
vt 0.788000 0.197231
vt 0.788269 0.196861
vt 0.789277 0.196316
vt 0.789833 0.196251
vt 0.788825 0.196454
vt 0.790253 0.196297
vt 0.790630 0.196456
vt 0.791060 0.196732
vt 0.791441 0.197108
vt 0.791675 0.197566
vt 0.791850 0.198011
vt 0.792059 0.198349
vt 0.791845 0.198743
vt 0.791505 0.199392
vt 0.788719 0.196628
vt 0.788525 0.196640
vt 0.788483 0.196807
vt 0.789210 0.196761
vt 0.780442 0.181019
vt 0.799095 0.176929
vt 0.790609 0.175264
vt 0.775732 0.183754
vt 0.787761 0.185349
vt 0.793546 0.184184
vt 0.792806 0.183808
vt 0.789834 0.196251
vt 0.790777 0.791022
vt 0.791346 0.790944
vt 0.790212 0.791055
vt 0.790225 0.790947
vt 0.790776 0.790918
vt 0.791328 0.790842
vt 0.791959 0.790869
vt 0.792692 0.790682
vt 0.791922 0.790761
vt 0.792641 0.790569
vt 0.789616 0.790998
vt 0.788977 0.790770
vt 0.788999 0.790662
vt 0.789634 0.790888
vt 0.788282 0.790294
vt 0.787653 0.789703
vt 0.787714 0.789604
vt 0.788320 0.790189
vt 0.787207 0.789131
vt 0.786830 0.788472
vt 0.786951 0.788399
vt 0.787300 0.789046
vt 0.786404 0.787619
vt 0.786029 0.786525
vt 0.786173 0.786459
vt 0.786541 0.787547
vt 0.785804 0.785146
vt 0.785745 0.783775
vt 0.785885 0.783762
vt 0.785949 0.785102
vt 0.785869 0.782706
vt 0.786245 0.781696
vt 0.786369 0.781746
vt 0.785998 0.782725
vt 0.786946 0.780501
vt 0.787956 0.779410
vt 0.788092 0.779521
vt 0.787082 0.780582
vt 0.789259 0.778708
vt 0.790849 0.778394
vt 0.790882 0.778564
vt 0.789356 0.778853
vt 0.792720 0.778464
vt 0.794402 0.778780
vt 0.794297 0.778955
vt 0.792681 0.778643
vt 0.795425 0.779202
vt 0.796080 0.779715
vt 0.795911 0.779856
vt 0.795275 0.779363
vt 0.796656 0.780300
vt 0.797114 0.781064
vt 0.796974 0.781154
vt 0.796500 0.780419
vt 0.797413 0.782114
vt 0.797514 0.783322
vt 0.797358 0.783324
vt 0.797266 0.782160
vt 0.797379 0.784559
vt 0.797095 0.785707
vt 0.796957 0.785659
vt 0.797228 0.784530
vt 0.795733 0.788368
vt 0.796305 0.787495
vt 0.795200 0.789093
vt 0.795107 0.789028
vt 0.795630 0.788312
vt 0.796193 0.787442
vt 0.796748 0.786647
vt 0.796623 0.786594
vt 0.794876 0.789498
vt 0.794452 0.789814
vt 0.794389 0.789713
vt 0.794798 0.789416
vt 0.793624 0.790269
vt 0.793566 0.790159
vt 0.786404 0.787618
vt 0.788219 0.139230
vt 0.782729 0.137379
vt 0.783580 0.135249
vt 0.788760 0.136981
vt 0.795268 0.137167
vt 0.794998 0.139430
vt 0.794849 0.140628
vt 0.787912 0.140418
vt 0.782251 0.138497
vt 0.805323 0.130308
vt 0.815593 0.126832
vt 0.815075 0.131321
vt 0.804911 0.134757
vt 0.795778 0.132772
vt 0.797831 0.128392
vt 0.805162 0.125096
vt 0.815634 0.121254
vt 0.873398 0.030242
vt 0.868173 0.030394
vt 0.868164 0.025776
vt 0.873408 0.025440
vt 0.878792 0.025209
vt 0.878415 0.030108
vt 0.877796 0.035090
vt 0.873376 0.035042
vt 0.868177 0.035010
vt 0.779856 0.129481
vt 0.785176 0.131092
vt 0.777918 0.133016
vt 0.771528 0.129358
vt 0.773590 0.126360
vt 0.774963 0.122742
vt 0.780729 0.123844
vt 0.788977 0.123701
vt 0.847717 0.031012
vt 0.842856 0.030443
vt 0.843565 0.025796
vt 0.848146 0.027001
vt 0.853634 0.027557
vt 0.853441 0.031269
vt 0.853175 0.034961
vt 0.847000 0.034947
vt 0.841570 0.034938
vt 0.973424 0.118697
vt 0.975456 0.121784
vt 0.970011 0.127114
vt 0.968443 0.124319
vt 0.966114 0.121265
vt 0.968756 0.116123
vt 0.971359 0.108787
vt 0.977404 0.112195
vt 0.980010 0.115948
vt 0.766155 0.120312
vt 0.764165 0.123352
vt 0.756316 0.116171
vt 0.758135 0.112800
vt 0.763442 0.109247
vt 0.770488 0.117348
vt 0.963512 0.133148
vt 0.962787 0.131435
vt 0.970866 0.128695
vt 0.971363 0.129668
vt 0.963934 0.134092
vt 0.956249 0.137782
vt 0.955916 0.136744
vt 0.955313 0.134778
vt 0.859146 0.126691
vt 0.851073 0.126999
vt 0.851333 0.125008
vt 0.859275 0.124785
vt 0.867730 0.124584
vt 0.867718 0.126472
vt 0.867708 0.127499
vt 0.859084 0.127724
vt 0.850948 0.128068
vt 0.874236 0.103250
vt 0.867045 0.103370
vt 0.866539 0.090543
vt 0.873034 0.090470
vt 0.878794 0.090235
vt 0.880739 0.103184
vt 0.882379 0.114238
vt 0.875284 0.114179
vt 0.867578 0.114336
vt 0.875960 0.126750
vt 0.875900 0.124766
vt 0.883401 0.125170
vt 0.883515 0.127234
vt 0.883558 0.128345
vt 0.875979 0.127825
vt 0.840413 0.102077
vt 0.835978 0.101107
vt 0.840360 0.087733
vt 0.844014 0.088834
vt 0.846715 0.089204
vt 0.844012 0.102221
vt 0.841605 0.113358
vt 0.837150 0.113450
vt 0.831006 0.114225
vt 0.798485 0.108058
vt 0.788504 0.113346
vt 0.787247 0.103493
vt 0.795489 0.099830
vt 0.802377 0.094210
vt 0.808052 0.100161
vt 0.814748 0.106980
vt 0.801275 0.115291
vt 0.823777 0.123960
vt 0.830230 0.121899
vt 0.829486 0.126309
vt 0.823147 0.128427
vt 0.823628 0.118818
vt 0.835311 0.120857
vt 0.840047 0.120588
vt 0.839153 0.124831
vt 0.834451 0.125207
vt 0.845467 0.120844
vt 0.851865 0.121175
vt 0.844703 0.124894
vt 0.846494 0.113769
vt 0.852335 0.114261
vt 0.847660 0.102603
vt 0.852411 0.103025
vt 0.849178 0.089553
vt 0.852863 0.089908
vt 0.829824 0.098245
vt 0.823052 0.094266
vt 0.829107 0.081824
vt 0.835043 0.085195
vt 0.824647 0.108879
vt 0.827556 0.065837
vt 0.823597 0.078227
vt 0.818300 0.074516
vt 0.822981 0.062401
vt 0.825665 0.052777
vt 0.829659 0.056190
vt 0.834266 0.059477
vt 0.832530 0.069165
vt 0.816759 0.089942
vt 0.810706 0.085446
vt 0.896048 0.103767
vt 0.900793 0.102909
vt 0.904411 0.117569
vt 0.898393 0.116180
vt 0.893760 0.115579
vt 0.891429 0.103708
vt 0.888608 0.089646
vt 0.893218 0.089086
vt 0.897744 0.087913
vt 0.890578 0.075152
vt 0.885986 0.076094
vt 0.884092 0.065971
vt 0.888633 0.064840
vt 0.893462 0.063345
vt 0.895230 0.073767
vt 0.821511 0.114542
vt 0.814439 0.115708
vt 0.803657 0.120530
vt 0.793868 0.126876
vt 0.932043 0.139136
vt 0.921262 0.136807
vt 0.921028 0.134841
vt 0.931811 0.137210
vt 0.942019 0.138150
vt 0.942299 0.140052
vt 0.942444 0.141037
vt 0.932153 0.140107
vt 0.921366 0.137784
vt 0.937206 0.110743
vt 0.935234 0.117981
vt 0.920038 0.110842
vt 0.926722 0.103281
vt 0.932270 0.096863
vt 0.939068 0.102730
vt 0.947407 0.105891
vt 0.948596 0.114829
vt 0.949953 0.124418
vt 0.911704 0.127668
vt 0.920534 0.130895
vt 0.912200 0.131525
vt 0.905240 0.128484
vt 0.904750 0.124780
vt 0.911870 0.123107
vt 0.920356 0.125725
vt 0.900300 0.128809
vt 0.895588 0.128103
vt 0.895365 0.126212
vt 0.900062 0.126937
vt 0.905478 0.130387
vt 0.905588 0.131389
vt 0.900416 0.129808
vt 0.895697 0.129114
vt 0.890025 0.127632
vt 0.889850 0.125638
vt 0.890104 0.128700
vt 0.949551 0.139150
vt 0.949122 0.137178
vt 0.949781 0.140179
vt 0.881618 0.076908
vt 0.883892 0.089995
vt 0.877110 0.077589
vt 0.875941 0.068049
vt 0.880003 0.067063
vt 0.918239 0.092255
vt 0.924538 0.087335
vt 0.912080 0.096763
vt 0.906907 0.082764
vt 0.912137 0.079276
vt 0.917633 0.075524
vt 0.908799 0.065954
vt 0.904284 0.068946
vt 0.903093 0.058541
vt 0.907104 0.055740
vt 0.910780 0.052847
vt 0.913319 0.062805
vt 0.906201 0.100444
vt 0.910442 0.112610
vt 0.902209 0.085725
vt 0.886398 0.103425
vt 0.888480 0.114818
vt 0.899779 0.071624
vt 0.898414 0.061161
vt 0.860051 0.077955
vt 0.854462 0.077348
vt 0.856087 0.067979
vt 0.860990 0.068771
vt 0.866527 0.069206
vt 0.866455 0.078324
vt 0.859233 0.090296
vt 0.913620 0.119048
vt 0.921070 0.120087
vt 0.933040 0.123669
vt 0.943970 0.128510
vt 0.939436 0.130616
vt 0.931462 0.128553
vt 0.872098 0.078131
vt 0.871480 0.068865
vt 0.846863 0.075815
vt 0.843527 0.074666
vt 0.845478 0.064838
vt 0.848726 0.065984
vt 0.850894 0.066578
vt 0.849159 0.076333
vt 0.838302 0.072279
vt 0.840099 0.062515
vt 0.860891 0.030900
vt 0.860940 0.026815
vt 0.860839 0.034982
vt 0.859321 0.103288
vt 0.859646 0.114407
vt 0.887890 0.061026
vt 0.883453 0.062193
vt 0.883342 0.061493
vt 0.887583 0.060377
vt 0.892071 0.058943
vt 0.892654 0.059523
vt 0.853619 0.063634
vt 0.853034 0.067245
vt 0.851470 0.062910
vt 0.850715 0.061900
vt 0.853083 0.062731
vt 0.856416 0.063677
vt 0.856616 0.064431
vt 0.871231 0.065300
vt 0.866493 0.065682
vt 0.866330 0.064830
vt 0.871127 0.064451
vt 0.875504 0.063616
vt 0.875539 0.064419
vt 0.861265 0.065253
vt 0.861129 0.064474
vt 0.905935 0.052083
vt 0.902222 0.054784
vt 0.901036 0.054328
vt 0.904569 0.051418
vt 0.907707 0.048330
vt 0.909199 0.049316
vt 0.830929 0.052702
vt 0.827271 0.049318
vt 0.828961 0.049313
vt 0.832529 0.052612
vt 0.836526 0.055711
vt 0.835259 0.055948
vt 0.879474 0.063354
vt 0.879446 0.062602
vt 0.897614 0.057353
vt 0.896713 0.056882
vt 0.849364 0.062302
vt 0.846215 0.061182
vt 0.845992 0.060356
vt 0.848891 0.061447
vt 0.840934 0.058919
vt 0.841381 0.058410
vt 0.851262 0.076826
vt 0.778554 0.115735
vt 0.774855 0.106388
vt 0.959796 0.115728
vt 0.960227 0.123056
vt 0.959765 0.107298
vt 0.789773 0.132612
vt 0.804700 0.137038
vt 0.814838 0.133603
vt 0.814742 0.134780
vt 0.804589 0.138233
vt 0.776897 0.134821
vt 0.776336 0.135762
vt 0.769874 0.131860
vt 0.770454 0.130958
vt 0.976504 0.123715
vt 0.977060 0.125068
vt 0.981284 0.118472
vt 0.981892 0.120380
vt 0.763130 0.125194
vt 0.762572 0.126437
vt 0.754849 0.120254
vt 0.755365 0.118478
vt 0.961458 0.128181
vt 0.954174 0.130957
vt 0.859536 0.121131
vt 0.867745 0.120973
vt 0.875756 0.120963
vt 0.883144 0.121203
vt 0.822930 0.130675
vt 0.829261 0.128521
vt 0.829297 0.129634
vt 0.822919 0.131815
vt 0.834121 0.127406
vt 0.838735 0.127002
vt 0.838555 0.128138
vt 0.834058 0.128530
vt 0.844327 0.126985
vt 0.844146 0.128095
vt 0.931335 0.133374
vt 0.941468 0.134414
vt 0.912436 0.133472
vt 0.912542 0.134463
vt 0.899578 0.123315
vt 0.894914 0.122559
vt 0.889483 0.121795
vt 0.948296 0.133322
vt 0.873398 0.020637
vt 0.868144 0.021155
vt 0.868117 0.016533
vt 0.873376 0.015833
vt 0.878331 0.015825
vt 0.878683 0.020475
vt 0.847999 0.022838
vt 0.843124 0.020846
vt 0.842107 0.015745
vt 0.847564 0.018599
vt 0.853658 0.020036
vt 0.853683 0.023806
vt 0.860985 0.022729
vt 0.861027 0.018641
vt 0.885933 0.019972
vt 0.886433 0.024483
vt 0.884506 0.015791
vt 0.891292 0.015745
vt 0.894167 0.019297
vt 0.895204 0.023511
vt 0.885078 0.029658
vt 0.882795 0.035164
vt 0.892563 0.029050
vt 0.888084 0.035252
vt 0.902284 0.050178
vt 0.899539 0.048650
vt 0.902768 0.043016
vt 0.905433 0.046007
vt 0.898901 0.053825
vt 0.896291 0.053299
vt 0.895049 0.056426
vt 0.890980 0.058249
vt 0.889634 0.057497
vt 0.893003 0.055978
vt 0.886945 0.059561
vt 0.883033 0.060606
vt 0.882624 0.059624
vt 0.886142 0.058660
vt 0.879331 0.061627
vt 0.875435 0.062558
vt 0.875351 0.061373
vt 0.879174 0.060541
vt 0.870939 0.063335
vt 0.866016 0.063728
vt 0.865626 0.062502
vt 0.870710 0.062084
vt 0.860838 0.063510
vt 0.855849 0.062688
vt 0.855101 0.061582
vt 0.860470 0.062452
vt 0.835626 0.053162
vt 0.839086 0.055902
vt 0.831902 0.050052
vt 0.835468 0.051162
vt 0.839471 0.054031
vt 0.843950 0.056841
vt 0.842016 0.057905
vt 0.845065 0.059018
vt 0.851493 0.061271
vt 0.849376 0.059534
vt 0.848455 0.060121
vt 0.847419 0.060096
vt 0.873398 0.030241
vt 0.859146 0.126692
vt 0.835311 0.120858
vt 0.898393 0.116181
vt 0.908798 0.065954
vt 0.904283 0.068946
vt 0.910443 0.112610
vt 0.838301 0.072279
vt 0.860891 0.030899
vt 0.887582 0.060377
vt 0.853620 0.063634
vt 0.853035 0.067245
vt 0.840933 0.058919
vt 0.770454 0.130959
vt 0.834122 0.127406
vt 0.899578 0.123316
vt 0.878682 0.020475
vt 0.885934 0.019971
vt 0.978323 0.039007
vt 0.978024 0.035864
vt 0.986273 0.037322
vt 0.984794 0.040295
vt 0.983033 0.044015
vt 0.978559 0.042655
vt 0.974346 0.041872
vt 0.972570 0.038318
vt 0.969261 0.032800
vt 0.986535 0.072292
vt 0.992725 0.065453
vt 0.994082 0.066445
vt 0.988341 0.073920
vt 0.982599 0.079606
vt 0.980812 0.077441
vt 0.979556 0.074547
vt 0.984986 0.070002
vt 0.991125 0.063924
vt 0.978170 0.033356
vt 0.968976 0.031291
vt 0.968814 0.028274
vt 0.978538 0.031165
vt 0.988262 0.034056
vt 0.987365 0.035421
vt 0.958072 0.052445
vt 0.952307 0.052724
vt 0.954417 0.046700
vt 0.959186 0.047778
vt 0.963741 0.048731
vt 0.963149 0.052190
vt 0.963572 0.055976
vt 0.958461 0.057442
vt 0.952390 0.059169
vt 0.961599 0.043711
vt 0.958066 0.041615
vt 0.962318 0.037829
vt 0.964795 0.040608
vt 0.967587 0.043609
vt 0.965252 0.045822
vt 0.976024 0.079209
vt 0.970850 0.078936
vt 0.971494 0.075466
vt 0.975544 0.076026
vt 0.976856 0.081718
vt 0.970286 0.081926
vt 0.968257 0.038831
vt 0.966233 0.035703
vt 0.970653 0.042241
vt 0.949503 0.068901
vt 0.945228 0.060950
vt 0.955316 0.065520
vt 0.960149 0.070766
vt 0.956488 0.075041
vt 0.952874 0.079474
vt 0.943402 0.072464
vt 0.937522 0.062759
vt 0.963971 0.077966
vt 0.965953 0.073897
vt 0.962064 0.081904
vt 0.960553 0.062499
vt 0.965110 0.059866
vt 0.967435 0.063187
vt 0.963908 0.066810
vt 0.965290 0.033011
vt 0.960437 0.035462
vt 0.958854 0.033302
vt 0.964887 0.030538
vt 0.970448 0.028274
vt 0.969792 0.031291
vt 0.975767 0.071497
vt 0.972298 0.071038
vt 0.973231 0.066296
vt 0.976225 0.066484
vt 0.979355 0.065309
vt 0.979360 0.070196
vt 0.968084 0.069566
vt 0.970222 0.065263
vt 0.945875 0.052588
vt 0.939108 0.052244
vt 0.944961 0.042990
vt 0.949681 0.045001
vt 0.954884 0.039375
vt 0.951877 0.037065
vt 0.983950 0.066385
vt 0.982773 0.062253
vt 0.986335 0.058255
vt 0.989038 0.061320
vt 0.980800 0.058417
vt 0.978669 0.060812
vt 0.977836 0.057529
vt 0.978940 0.055638
vt 0.980529 0.052128
vt 0.982888 0.055343
vt 0.972221 0.061283
vt 0.970402 0.059913
vt 0.972477 0.057488
vt 0.973697 0.058298
vt 0.975068 0.058581
vt 0.974262 0.061886
vt 0.976451 0.061848
vt 0.976496 0.058417
vt 0.968884 0.057646
vt 0.967857 0.054976
vt 0.970856 0.054380
vt 0.971501 0.056072
vt 0.972715 0.045777
vt 0.975416 0.045719
vt 0.975915 0.048784
vt 0.974152 0.048573
vt 0.972612 0.049042
vt 0.970412 0.046642
vt 0.968793 0.048103
vt 0.971505 0.049973
vt 0.970842 0.051246
vt 0.967836 0.050055
vt 0.967516 0.052396
vt 0.970631 0.052743
vt 0.978228 0.046682
vt 0.981094 0.048156
vt 0.977693 0.049891
vt 0.978101 0.054675
vt 0.977391 0.056288
vt 0.976785 0.055439
vt 0.977475 0.054076
vt 0.977625 0.052797
vt 0.978194 0.052750
vt 0.974266 0.056977
vt 0.973327 0.056414
vt 0.973474 0.055959
vt 0.974101 0.056174
vt 0.974965 0.056204
vt 0.975322 0.057151
vt 0.976414 0.057017
vt 0.975904 0.056054
vt 0.972588 0.055379
vt 0.972109 0.054127
vt 0.972487 0.054166
vt 0.972946 0.055093
vt 0.974672 0.049766
vt 0.975977 0.049987
vt 0.975965 0.050577
vt 0.975099 0.050617
vt 0.974152 0.051169
vt 0.973529 0.050145
vt 0.972669 0.050849
vt 0.973363 0.051810
vt 0.972797 0.052552
vt 0.972131 0.051798
vt 0.971951 0.052912
vt 0.972519 0.053410
vt 0.977318 0.051085
vt 0.976905 0.051504
vt 0.973377 0.054741
vt 0.973933 0.054346
vt 0.974664 0.053931
vt 0.975471 0.053333
vt 0.976254 0.052389
vt 0.986535 0.072293
vt 0.968084 0.069565
vt 0.971505 0.049972
vt 0.977319 0.051085
s 1
f 1/1 2383/2 6511/3 2257/4
f 1/1 2257/4 6512/5 2244/6
f 1/1 2244/6 6513/7 2236/8
f 1/1 2236/8 6514/9 2383/2
f 2/10 2708/11 6514/9 2236/8
f 2/10 2236/8 6513/7 2298/12
f 2/10 2298/12 6515/13 2215/14
f 2/10 2215/14 6516/15 2708/11
f 3/16 2749/17 6512/5 2257/4
f 3/16 2257/4 6511/3 2595/18
f 3/16 2595/18 6517/19 2299/20
f 3/16 2299/20 6518/21 2749/17
f 4/22 2234/23 6519/24 2292/25
f 4/22 2292/25 6520/26 2213/27
f 4/22 2213/27 6518/21 2299/20
f 4/22 2299/20 6517/19 2234/23
f 5/28 2224/29 6521/30 2645/31
f 5/28 2645/31 6522/32 2218/33
f 5/28 2218/33 6520/26 2292/25
f 5/28 2292/25 6519/24 2224/29
f 6/34 2718/35 6523/36 2338/37
f 6/34 2338/37 6524/38 2317/39
f 6/34 2317/39 6522/40 2645/41
f 6/34 2645/41 6521/42 2718/35
f 7/43 2401/44 6525/45 4337/46
f 7/43 4337/46 6526/47 2279/48
f 7/43 2279/48 6524/38 2338/37
f 7/43 2338/37 6523/36 2401/44
f 8/49 2643/50 6530/51 3046/52
f 8/49 3046/52 6531/53 2416/54
f 8/49 2416/54 6529/55 2721/56
f 8/49 2721/56 6528/57 2643/50
f 9/58 3116/59 6532/60 3078/61
f 9/58 3078/61 6533/62 3285/63
f 9/58 3285/63 6531/53 3046/52
f 9/58 3046/52 6530/51 3116/59
f 10/64 3139/65 6534/66 2565/67
f 10/64 2565/67 6535/68 2475/69
f 10/64 2475/69 6533/62 3078/61
f 10/64 3078/61 6532/60 3139/65
f 11/70 2496/71 6536/72 2577/73
f 11/70 2577/73 6537/74 2479/75
f 11/70 2479/75 6535/68 2565/67
f 11/70 2565/67 6534/66 2496/71
f 12/76 6332/77 6538/78 4178/79
f 12/76 4178/79 6516/15 2215/14
f 12/76 2215/14 6515/13 3901/80
f 12/76 3901/80 6539/81 6332/77
f 13/82 6098/83 6540/84 6405/85
f 13/82 6405/85 6538/78 6332/77
f 13/82 6332/77 6539/81 6270/86
f 13/82 6270/86 6541/87 6098/83
f 14/88 5997/89 6542/90 6166/91
f 14/88 6166/91 6540/84 6098/83
f 14/88 6098/83 6541/87 6075/92
f 14/88 6075/92 6543/93 5997/89
f 15/94 2676/95 6542/90 5997/89
f 15/94 5997/89 6543/93 2816/96
f 15/94 2816/96 6544/97 2805/98
f 15/94 2805/98 6545/99 2676/95
f 16/100 6269/101 6546/102 2771/103
f 16/100 2771/103 6547/104 2400/105
f 16/100 2400/105 6537/74 2577/73
f 16/100 2577/73 6536/72 6269/101
f 17/106 2771/103 6546/102 2775/107
f 17/106 2775/107 6545/99 2805/98
f 17/106 2805/98 6544/97 2943/108
f 17/106 2943/108 6547/104 2771/103
f 18/109 5029/110 6524/38 2279/48
f 18/109 2279/48 6526/47 5843/111
f 18/109 5843/111 6548/112 3002/113
f 18/109 3002/113 6549/114 5029/110
f 19/115 2666/116 6529/55 5533/117
f 19/115 5533/117 6550/118 3810/119
f 19/115 3810/119 6551/120 5607/121
f 19/115 5607/121 6527/122 2666/116
f 20/123 2334/124 6527/122 5607/121
f 20/123 5607/121 6551/120 2899/125
f 20/123 2899/125 6548/112 5843/111
f 20/123 5843/111 6526/47 2334/124
f 21/126 4743/127 6522/40 2317/39
f 21/126 2317/39 6524/38 5029/110
f 21/126 5029/110 6549/114 2694/128
f 21/126 2694/128 6552/129 4743/127
f 22/130 4577/131 6520/26 2218/33
f 22/130 2218/33 6522/32 4743/132
f 22/130 4743/132 6552/133 3988/134
f 22/130 3988/134 6553/135 4577/131
f 23/136 4504/137 6518/21 2213/27
f 23/136 2213/27 6520/26 4577/131
f 23/136 4577/131 6553/135 4286/138
f 23/136 4286/138 6554/139 4504/137
f 24/140 5070/141 6512/5 2749/17
f 24/140 2749/17 6518/21 4504/137
f 24/140 4504/137 6554/139 4244/142
f 24/140 4244/142 6555/143 5070/141
f 25/144 5342/145 6513/7 2244/6
f 25/144 2244/6 6512/5 5070/141
f 25/144 5070/141 6555/143 3969/146
f 25/144 3969/146 6556/147 5342/145
f 26/148 4997/149 6515/13 2298/12
f 26/148 2298/12 6513/7 5342/145
f 26/148 5342/145 6556/147 3693/150
f 26/148 3693/150 6557/151 4997/149
f 27/152 3163/153 6539/81 3901/80
f 27/152 3901/80 6515/13 4997/149
f 27/152 4997/149 6557/151 3834/154
f 27/152 3834/154 6558/155 3163/153
f 28/156 2947/157 6541/87 6270/86
f 28/156 6270/86 6539/81 3163/153
f 28/156 3163/153 6558/155 3720/158
f 28/156 3720/158 6559/159 2947/157
f 29/160 3859/161 6543/93 6075/92
f 29/160 6075/92 6541/87 2947/157
f 29/160 2947/157 6559/159 3014/162
f 29/160 3014/162 6560/163 3859/161
f 30/164 3847/165 6544/97 2816/96
f 30/164 2816/96 6543/93 3859/161
f 30/164 3859/161 6560/163 3140/166
f 30/164 3140/166 6561/167 3847/165
f 31/168 4329/169 6547/104 2943/108
f 31/168 2943/108 6544/97 3847/165
f 31/168 3847/165 6561/167 3050/170
f 31/168 3050/170 6562/171 4329/169
f 32/172 3565/173 6537/74 2400/105
f 32/172 2400/105 6547/104 4329/169
f 32/172 4329/169 6562/171 3045/174
f 32/172 3045/174 6563/175 3565/173
f 33/176 5034/177 6535/68 2479/75
f 33/176 2479/75 6537/74 3565/173
f 33/176 3565/173 6563/175 5700/178
f 33/176 5700/178 6564/179 5034/177
f 34/180 4986/181 6533/62 2475/69
f 34/180 2475/69 6535/68 5034/177
f 34/180 5034/177 6564/179 5688/182
f 34/180 5688/182 6565/183 4986/181
f 35/184 5395/185 6531/53 3285/63
f 35/184 3285/63 6533/62 4986/181
f 35/184 4986/181 6565/183 5733/186
f 35/184 5733/186 6566/187 5395/185
f 36/188 2416/54 6531/53 5395/185
f 36/188 5395/185 6566/187 2640/189
f 36/188 2640/189 6550/118 5533/117
f 36/188 5533/117 6529/55 2416/54
f 37/190 3720/158 6558/155 3022/191
f 37/190 3022/191 6561/167 3140/166
f 37/190 3140/166 6560/163 3014/162
f 37/190 3014/162 6559/159 3720/158
f 38/192 3022/191 6558/155 3155/193
f 38/192 3155/193 6567/194 6254/195
f 38/192 6254/195 6568/196 2616/197
f 38/192 2616/197 6561/167 3022/191
f 39/198 2625/199 6562/171 3050/170
f 39/198 3050/170 6561/167 2616/197
f 39/198 2616/197 6568/196 6429/200
f 39/198 6429/200 6569/201 2625/199
f 40/202 3045/174 6562/171 2920/203
f 40/202 2920/203 6565/183 5688/182
f 40/202 5688/182 6564/179 5700/178
f 40/202 5700/178 6563/175 3045/174
f 41/204 2625/199 6569/201 6287/205
f 41/204 6287/205 6570/206 5998/207
f 41/204 5998/207 6565/183 2920/203
f 41/204 2920/203 6562/171 2625/199
f 42/208 3834/154 6557/151 2344/209
f 42/208 2344/209 6571/210 6331/211
f 42/208 6331/211 6567/194 3155/193
f 42/208 3155/193 6558/155 3834/154
f 43/212 4244/142 6554/139 3850/213
f 43/212 3850/213 6557/151 3693/150
f 43/212 3693/150 6556/147 3969/146
f 43/212 3969/146 6555/143 4244/142
f 44/214 5797/215 6571/210 2344/209
f 44/214 2344/209 6557/151 3850/213
f 44/214 3850/213 6554/139 2885/216
f 44/214 2885/216 6572/217 5797/215
f 45/218 6009/219 6566/187 5733/186
f 45/218 5733/186 6565/183 5998/207
f 45/218 5998/207 6570/206 5661/220
f 45/218 5661/220 6573/221 6009/219
f 46/222 4286/138 6553/135 2931/223
f 46/222 2931/223 6574/224 5750/225
f 46/222 5750/225 6572/217 2885/216
f 46/222 2885/216 6554/139 4286/138
f 47/226 2694/128 6549/114 3002/113
f 47/226 3002/113 6548/112 2899/125
f 47/226 2899/125 6551/120 3920/227
f 47/226 3920/227 6552/129 2694/128
f 48/228 3920/227 6551/120 3231/229
f 48/228 3231/229 6575/230 5440/231
f 48/228 5440/231 6576/232 3087/233
f 48/228 3087/233 6552/129 3920/227
f 49/234 3988/134 6552/133 3087/235
f 49/234 3087/235 6576/236 5520/237
f 49/234 5520/237 6574/224 2931/223
f 49/234 2931/223 6553/135 3988/134
f 50/238 3810/119 6550/118 5403/239
f 50/238 5403/239 6577/240 3284/241
f 50/238 3284/241 6575/230 3231/229
f 50/238 3231/229 6551/120 3810/119
f 51/242 5403/239 6550/118 2640/189
f 51/242 2640/189 6566/187 6009/219
f 51/242 6009/219 6573/221 3040/243
f 51/242 3040/243 6577/240 5403/239
f 52/244 5797/215 6572/217 2935/245
f 52/244 2935/245 6578/246 3318/247
f 52/244 3318/247 6579/248 2796/249
f 52/244 2796/249 6571/210 5797/215
f 53/250 6331/211 6571/210 2796/249
f 53/250 2796/249 6579/248 3833/251
f 53/250 3833/251 6580/252 2654/253
f 53/250 2654/253 6567/194 6331/211
f 54/254 2354/255 6568/196 6254/195
f 54/254 6254/195 6567/194 2654/253
f 54/254 2654/253 6580/252 3410/256
f 54/254 3410/256 6581/257 2354/255
f 55/258 2332/259 6569/201 6429/200
f 55/258 6429/200 6568/196 2354/255
f 55/258 2354/255 6581/257 3534/260
f 55/258 3534/260 6582/261 2332/259
f 56/262 5750/225 6574/224 2814/263
f 56/262 2814/263 6583/264 3593/265
f 56/262 3593/265 6578/246 2935/245
f 56/262 2935/245 6572/217 5750/225
f 57/266 5520/237 6576/236 3831/267
f 57/266 3831/267 6584/268 4316/269
f 57/266 4316/269 6583/264 2814/263
f 57/266 2814/263 6574/224 5520/237
f 58/270 5440/231 6575/230 2717/271
f 58/270 2717/271 6585/272 3481/273
f 58/270 3481/273 6584/274 3831/275
f 58/270 3831/275 6576/232 5440/231
f 59/276 3284/241 6577/240 3844/277
f 59/276 3844/277 6586/278 3494/279
f 59/276 3494/279 6585/272 2717/271
f 59/276 2717/271 6575/230 3284/241
f 60/280 3040/243 6573/221 2626/281
f 60/280 2626/281 6587/282 3735/283
f 60/280 3735/283 6586/278 3844/277
f 60/280 3844/277 6577/240 3040/243
f 61/284 5661/220 6570/206 2369/285
f 61/284 2369/285 6588/286 3738/287
f 61/284 3738/287 6587/282 2626/281
f 61/284 2626/281 6573/221 5661/220
f 62/288 2369/285 6570/206 6287/205
f 62/288 6287/205 6569/201 2332/259
f 62/288 2332/259 6582/261 4106/289
f 62/288 4106/289 6588/286 2369/285
f 63/290 3779/291 6585/272 3494/279
f 63/290 3494/279 6586/278 3311/292
f 63/290 3311/292 6589/293 5267/294
f 63/290 5267/294 6590/295 3779/291
f 64/296 3311/292 6586/278 3735/283
f 64/296 3735/283 6587/282 3558/297
f 64/296 3558/297 6591/298 5297/299
f 64/296 5297/299 6589/293 3311/292
f 65/300 3558/297 6587/282 3738/287
f 65/300 3738/287 6588/286 3326/301
f 65/300 3326/301 6592/302 5266/303
f 65/300 5266/303 6591/298 3558/297
f 66/304 3326/301 6588/286 4106/289
f 66/304 4106/289 6582/261 2726/305
f 66/304 2726/305 6593/306 5641/307
f 66/304 5641/307 6592/302 3326/301
f 67/308 2726/305 6582/261 3534/260
f 67/308 3534/260 6581/257 2744/309
f 67/308 2744/309 6594/310 5675/311
f 67/308 5675/311 6593/306 2726/305
f 68/312 3318/247 6578/246 2242/313
f 68/312 2242/313 6595/314 5707/315
f 68/312 5707/315 6596/316 2702/317
f 68/312 2702/317 6579/248 3318/247
f 69/318 3833/251 6579/248 2702/317
f 69/318 2702/317 6596/316 6221/319
f 69/318 6221/319 6597/320 2266/321
f 69/318 2266/321 6580/252 3833/251
f 70/322 3410/256 6580/252 2266/321
f 70/322 2266/321 6597/320 5552/323
f 70/322 5552/323 6594/310 2744/309
f 70/322 2744/309 6581/257 3410/256
f 71/324 3593/265 6583/264 3154/325
f 71/324 3154/325 6598/326 5593/327
f 71/324 5593/327 6595/314 2242/313
f 71/324 2242/313 6578/246 3593/265
f 72/328 4316/269 6584/268 3036/329
f 72/328 3036/329 6599/330 6279/331
f 72/328 6279/331 6598/326 3154/325
f 72/328 3154/325 6583/264 4316/269
f 73/332 3036/333 6584/274 3481/273
f 73/332 3481/273 6585/272 3779/291
f 73/332 3779/291 6590/295 5923/334
f 73/332 5923/334 6599/335 3036/333
f 74/336 5918/337 6600/338 5760/339
f 74/336 5760/339 6601/340 5927/341
f 74/336 5927/341 6602/342 5039/343
f 74/336 5039/343 6603/344 5918/337
f 75/345 5329/346 6604/347 5848/348
f 75/345 5848/348 6600/338 5918/337
f 75/345 5918/337 6603/344 5231/349
f 75/345 5231/349 6605/350 5329/346
f 76/351 4964/352 6606/353 5377/354
f 76/351 5377/354 6604/347 5329/346
f 76/351 5329/346 6605/350 5296/355
f 76/351 5296/355 6607/356 4964/352
f 77/357 5016/358 6607/356 5296/355
f 77/357 5296/355 6605/350 5224/359
f 77/357 5224/359 6608/360 4937/361
f 77/357 4937/361 6609/362 5016/358
f 78/363 5224/359 6605/350 5231/349
f 78/363 5231/349 6603/344 3418/364
f 78/363 3418/364 6610/365 3816/366
f 78/363 3816/366 6608/360 5224/359
f 79/367 3418/364 6603/344 5039/343
f 79/367 5039/343 6602/342 3432/368
f 79/367 3432/368 6611/369 3856/370
f 79/367 3856/370 6610/365 3418/364
f 80/371 2735/372 6594/310 5552/323
f 80/371 5552/323 6597/320 2961/373
f 80/371 2961/373 6610/365 3856/370
f 80/371 3856/370 6611/369 2735/372
f 81/374 2961/373 6597/320 6221/319
f 81/374 6221/319 6596/316 5796/375
f 81/374 5796/375 6608/360 3816/366
f 81/374 3816/366 6610/365 2961/373
f 82/376 5796/375 6596/316 5707/315
f 82/376 5707/315 6595/314 5972/377
f 82/376 5972/377 6609/362 4937/361
f 82/376 4937/361 6608/360 5796/375
f 83/378 5593/327 6598/326 2878/379
f 83/378 2878/379 6612/380 3979/381
f 83/378 3979/381 6609/362 5972/377
f 83/378 5972/377 6595/314 5593/327
f 84/382 3719/383 6607/356 5016/358
f 84/382 5016/358 6609/362 3979/381
f 84/382 3979/381 6612/380 4336/384
f 84/382 4336/384 6613/385 3719/383
f 85/386 3420/387 6606/353 4964/352
f 85/386 4964/352 6607/356 3719/383
f 85/386 3719/383 6613/385 3919/388
f 85/386 3919/388 6614/389 3420/387
f 86/390 5927/341 6601/340 2986/391
f 86/390 2986/391 6615/392 3918/393
f 86/390 3918/393 6616/394 3754/395
f 86/390 3754/395 6602/342 5927/341
f 87/396 3432/368 6602/342 3754/395
f 87/396 3754/395 6616/394 4759/397
f 87/396 4759/397 6617/398 4141/399
f 87/396 4141/399 6611/369 3432/368
f 88/400 2356/401 6593/306 5675/311
f 88/400 5675/311 6594/310 2735/372
f 88/400 2735/372 6611/369 4141/399
f 88/400 4141/399 6617/398 2356/401
f 89/402 3918/393 6615/392 3800/403
f 89/402 3800/403 6618/404 5015/405
f 89/402 5015/405 6619/406 4910/407
f 89/402 4910/407 6616/394 3918/393
f 90/408 4759/397 6616/394 4910/407
f 90/408 4910/407 6619/406 5270/409
f 90/408 5270/409 6620/410 4930/411
f 90/408 4930/411 6617/398 4759/397
f 91/412 2867/413 6592/302 5641/307
f 91/412 5641/307 6593/306 2356/401
f 91/412 2356/401 6617/398 4930/411
f 91/412 4930/411 6620/410 2867/413
f 92/414 5015/405 6618/404 4874/415
f 92/414 4874/415 6621/416 5113/417
f 92/414 5113/417 6622/418 4887/419
f 92/414 4887/419 6619/406 5015/405
f 93/420 5270/409 6619/406 4887/419
f 93/420 4887/419 6622/418 4719/421
f 93/420 4719/421 6623/422 5089/423
f 93/420 5089/423 6620/410 5270/409
f 94/424 3281/425 6591/298 5266/303
f 94/424 5266/303 6592/302 2867/413
f 94/424 2867/413 6620/410 5089/423
f 94/424 5089/423 6623/422 3281/425
f 95/426 5113/417 6621/416 4950/427
f 95/426 4950/427 6624/428 4691/429
f 95/426 4691/429 6625/430 4849/431
f 95/426 4849/431 6622/418 5113/417
f 96/432 4719/421 6622/418 4849/431
f 96/432 4849/431 6625/430 6184/433
f 96/432 6184/433 6626/434 6022/435
f 96/432 6022/435 6623/422 4719/421
f 97/436 3310/437 6589/293 5297/299
f 97/436 5297/299 6591/298 3281/425
f 97/436 3281/425 6623/422 6022/435
f 97/436 6022/435 6626/434 3310/437
f 98/438 4691/429 6624/428 6137/439
f 98/438 6137/439 6627/440 6206/441
f 98/438 6206/441 6628/442 6309/443
f 98/438 6309/443 6625/430 4691/429
f 99/444 6184/433 6625/430 6309/443
f 99/444 6309/443 6628/442 6194/445
f 99/444 6194/445 6629/446 6291/447
f 99/444 6291/447 6626/434 6184/433
f 100/448 3493/449 6590/295 5267/294
f 100/448 5267/294 6589/293 3310/437
f 100/448 3310/437 6626/434 6291/447
f 100/448 6291/447 6629/446 3493/449
f 101/450 6206/441 6627/440 6082/451
f 101/450 6082/451 6630/452 4824/453
f 101/450 4824/453 6631/454 6087/455
f 101/450 6087/455 6628/442 6206/441
f 102/456 6194/445 6628/442 6087/455
f 102/456 6087/455 6631/454 4666/457
f 102/456 4666/457 6632/458 4805/459
f 102/456 4805/459 6629/446 6194/445
f 103/460 3968/461 6599/335 5923/334
f 103/460 5923/334 6590/295 3493/449
f 103/460 3493/449 6629/446 4805/459
f 103/460 4805/459 6632/458 3968/461
f 104/462 6279/331 6599/330 3968/463
f 104/462 3968/463 6632/464 2928/465
f 104/462 2928/465 6612/380 2878/379
f 104/462 2878/379 6598/326 6279/331
f 105/466 2812/467 6613/385 4336/384
f 105/466 4336/384 6612/380 2928/465
f 105/466 2928/465 6632/464 4666/468
f 105/466 4666/468 6631/469 2812/467
f 106/470 2938/471 6614/389 3919/388
f 106/470 3919/388 6613/385 2812/467
f 106/470 2812/467 6631/469 4824/472
f 106/470 4824/472 6630/473 2938/471
f 107/474 2938/471 6630/473 4681/475
f 107/474 4681/475 6633/476 5230/477
f 107/474 5230/477 6634/478 2671/479
f 107/474 2671/479 6614/389 2938/471
f 108/480 3420/387 6614/389 2671/479
f 108/480 2671/479 6634/478 5265/481
f 108/480 5265/481 6635/482 3039/483
f 108/480 3039/483 6606/353 3420/387
f 109/484 5377/354 6606/353 3039/483
f 109/484 3039/483 6635/482 4480/485
f 109/484 4480/485 6636/486 2795/487
f 109/484 2795/487 6604/347 5377/354
f 110/488 5848/348 6604/347 2795/487
f 110/488 2795/487 6636/486 4502/489
f 110/488 4502/489 6637/490 3767/491
f 110/488 3767/491 6600/338 5848/348
f 111/492 5760/339 6600/338 3767/491
f 111/492 3767/491 6637/490 4773/493
f 111/492 4773/493 6638/494 3503/495
f 111/492 3503/495 6601/340 5760/339
f 112/496 2986/391 6601/340 3503/495
f 112/496 3503/495 6638/494 4393/497
f 112/496 4393/497 6639/498 2390/499
f 112/496 2390/499 6615/392 2986/391
f 113/500 3800/403 6615/392 2390/499
f 113/500 2390/499 6639/498 4384/501
f 113/500 4384/501 6640/502 6301/503
f 113/500 6301/503 6618/404 3800/403
f 114/504 4874/415 6618/404 6301/503
f 114/504 6301/503 6640/502 4369/505
f 114/504 4369/505 6641/506 6011/507
f 114/504 6011/507 6621/416 4874/415
f 115/508 5697/509 6624/428 4950/427
f 115/508 4950/427 6621/416 6011/507
f 115/508 6011/507 6641/506 4348/510
f 115/508 4348/510 6642/511 5697/509
f 116/512 3184/513 6627/440 6137/439
f 116/512 6137/439 6624/428 5697/509
f 116/512 5697/509 6642/511 4378/514
f 116/512 4378/514 6643/515 3184/513
f 117/516 6082/451 6627/440 3184/513
f 117/516 3184/513 6643/515 3663/517
f 117/516 3663/517 6633/518 4681/519
f 117/516 4681/519 6630/452 6082/451
f 118/520 4187/521 6641/506 4369/505
f 118/520 4369/505 6640/502 4339/522
f 118/520 4339/522 6644/523 4465/524
f 118/520 4465/524 6645/525 4187/521
f 119/526 4564/527 6642/511 4348/510
f 119/526 4348/510 6641/506 4187/521
f 119/526 4187/521 6645/525 4841/528
f 119/526 4841/528 6646/529 4564/527
f 120/530 4795/531 6643/515 4378/514
f 120/530 4378/514 6642/511 4564/527
f 120/530 4564/527 6646/529 4462/532
f 120/530 4462/532 6647/533 4795/531
f 121/534 3324/535 6633/518 3663/517
f 121/534 3663/517 6643/515 4795/531
f 121/534 4795/531 6647/533 4576/536
f 121/534 4576/536 6648/537 3324/535
f 122/538 4339/522 6640/502 4384/501
f 122/538 4384/501 6639/498 4049/539
f 122/538 4049/539 6649/540 4747/541
f 122/538 4747/541 6644/523 4339/522
f 123/542 4049/539 6639/498 4393/497
f 123/542 4393/497 6638/494 4052/543
f 123/542 4052/543 6650/544 5337/545
f 123/542 5337/545 6649/540 4049/539
f 124/546 4052/543 6638/494 4773/493
f 124/546 4773/493 6637/490 3464/547
f 124/546 3464/547 6651/548 4507/549
f 124/546 4507/549 6650/544 4052/543
f 125/550 3464/547 6637/490 4502/489
f 125/550 4502/489 6636/486 3298/551
f 125/550 3298/551 6652/552 4510/553
f 125/550 4510/553 6651/548 3464/547
f 126/554 3298/551 6636/486 4480/485
f 126/554 4480/485 6635/482 3497/555
f 126/554 3497/555 6653/556 4865/557
f 126/554 4865/557 6652/552 3298/551
f 127/558 3497/555 6635/482 5265/481
f 127/558 5265/481 6634/478 4136/559
f 127/558 4136/559 6654/560 4741/561
f 127/558 4741/561 6653/556 3497/555
f 128/562 4136/559 6634/478 5230/477
f 128/562 5230/477 6633/476 3324/563
f 128/562 3324/563 6648/564 4603/565
f 128/562 4603/565 6654/560 4136/559
f 129/566 4698/567 6648/537 4576/536
f 129/566 4576/536 6647/533 5062/568
f 129/566 5062/568 6655/569 6296/570
f 129/566 6296/570 6656/571 4698/567
f 130/572 5062/568 6647/533 4462/532
f 130/572 4462/532 6646/529 5129/573
f 130/572 5129/573 6657/574 6375/575
f 130/572 6375/575 6655/569 5062/568
f 131/576 4419/577 6654/560 4603/565
f 131/576 4603/565 6648/564 4698/578
f 131/576 4698/578 6656/579 6354/580
f 131/576 6354/580 6658/581 4419/577
f 132/582 6316/583 6653/556 4741/561
f 132/582 4741/561 6654/560 4419/577
f 132/582 4419/577 6658/581 4630/584
f 132/582 4630/584 6659/585 6316/583
f 133/586 6203/587 6652/552 4865/557
f 133/586 4865/557 6653/556 6316/583
f 133/586 6316/583 6659/585 4662/588
f 133/586 4662/588 6660/589 6203/587
f 134/590 6031/591 6651/548 4510/553
f 134/590 4510/553 6652/552 6203/587
f 134/590 6203/587 6660/589 4650/592
f 134/590 4650/592 6661/593 6031/591
f 135/594 6054/595 6650/544 4507/549
f 135/594 4507/549 6651/548 6031/591
f 135/594 6031/591 6661/593 5108/596
f 135/594 5108/596 6662/597 6054/595
f 136/598 6268/599 6649/540 5337/545
f 136/598 5337/545 6650/544 6054/595
f 136/598 6054/595 6662/597 5246/600
f 136/598 5246/600 6663/601 6268/599
f 137/602 5823/603 6644/523 4747/541
f 137/602 4747/541 6649/540 6268/599
f 137/602 6268/599 6663/601 5358/604
f 137/602 5358/604 6664/605 5823/603
f 138/606 5584/607 6645/525 4465/524
f 138/606 4465/524 6644/523 5823/603
f 138/606 5823/603 6664/605 5254/608
f 138/606 5254/608 6665/609 5584/607
f 139/610 5129/573 6646/529 4841/528
f 139/610 4841/528 6645/525 5584/607
f 139/610 5584/607 6665/609 4685/611
f 139/610 4685/611 6657/574 5129/573
f 140/612 5021/613 6656/571 6296/570
f 140/612 6296/570 6655/569 4864/614
f 140/612 4864/614 6666/615 4764/616
f 140/612 4764/616 6667/617 5021/613
f 141/618 4864/614 6655/569 6375/575
f 141/618 6375/575 6657/574 5038/619
f 141/618 5038/619 6668/620 4836/621
f 141/618 4836/621 6666/615 4864/614
f 142/622 5312/623 6658/581 6354/580
f 142/622 6354/580 6656/579 5021/624
f 142/622 5021/624 6667/625 4704/626
f 142/622 4704/626 6669/627 5312/623
f 143/628 5328/629 6659/585 4630/584
f 143/628 4630/584 6658/581 5312/623
f 143/628 5312/623 6669/627 3990/630
f 143/628 3990/630 6670/631 5328/629
f 144/632 5221/633 6660/589 4662/588
f 144/632 4662/588 6659/585 5328/629
f 144/632 5328/629 6670/631 3894/634
f 144/632 3894/634 6671/635 5221/633
f 145/636 4683/637 6661/593 4650/592
f 145/636 4650/592 6660/589 5221/633
f 145/636 5221/633 6671/635 3878/638
f 145/636 3878/638 6672/639 4683/637
f 146/640 4656/641 6662/597 5108/596
f 146/640 5108/596 6661/593 4683/637
f 146/640 4683/637 6672/639 3870/642
f 146/640 3870/642 6673/643 4656/641
f 147/644 4649/645 6663/601 5246/600
f 147/644 5246/600 6662/597 4656/641
f 147/644 4656/641 6673/643 3849/646
f 147/644 3849/646 6674/647 4649/645
f 148/648 4637/649 6664/605 5358/604
f 148/648 5358/604 6663/601 4649/645
f 148/648 4649/645 6674/647 3846/650
f 148/648 3846/650 6675/651 4637/649
f 149/652 4101/653 6665/609 5254/608
f 149/652 5254/608 6664/605 4637/649
f 149/652 4637/649 6675/651 5010/654
f 149/652 5010/654 6676/655 4101/653
f 150/656 5038/619 6657/574 4685/611
f 150/656 4685/611 6665/609 4101/653
f 150/656 4101/653 6676/655 4367/657
f 150/656 4367/657 6668/620 5038/619
f 151/658 4208/659 6667/617 4764/616
f 151/658 4764/616 6666/615 4355/660
f 151/658 4355/660 6677/661 4979/662
f 151/658 4979/662 6678/663 4208/659
f 152/664 4355/660 6666/615 4836/621
f 152/664 4836/621 6668/620 4555/665
f 152/664 4555/665 6679/666 4901/667
f 152/664 4901/667 6677/661 4355/660
f 153/668 4703/669 6669/627 4704/626
f 153/668 4704/626 6667/625 4208/670
f 153/668 4208/670 6678/671 4918/672
f 153/668 4918/672 6680/673 4703/669
f 154/674 4787/675 6670/631 3990/630
f 154/674 3990/630 6669/627 4703/669
f 154/674 4703/669 6680/673 5059/676
f 154/674 5059/676 6681/677 4787/675
f 155/678 4521/679 6671/635 3894/634
f 155/678 3894/634 6670/631 4787/675
f 155/678 4787/675 6681/677 5847/680
f 155/678 5847/680 6682/681 4521/679
f 156/682 4537/683 6672/639 3878/638
f 156/682 3878/638 6671/635 4521/679
f 156/682 4521/679 6682/681 5792/684
f 156/682 5792/684 6683/685 4537/683
f 157/686 5287/687 6673/643 3870/642
f 157/686 3870/642 6672/639 4537/683
f 157/686 4537/683 6683/685 6067/688
f 157/686 6067/688 6684/689 5287/687
f 158/690 5303/691 6674/647 3849/646
f 158/690 3849/646 6673/643 5287/687
f 158/690 5287/687 6684/689 6277/692
f 158/690 6277/692 6685/693 5303/691
f 159/694 4583/695 6675/651 3846/650
f 159/694 3846/650 6674/647 5303/691
f 159/694 5303/691 6685/693 6442/696
f 159/694 6442/696 6686/697 4583/695
f 160/698 4427/699 6676/655 5010/654
f 160/698 5010/654 6675/651 4583/695
f 160/698 4583/695 6686/697 6297/700
f 160/698 6297/700 6687/701 4427/699
f 161/702 4555/665 6668/620 4367/657
f 161/702 4367/657 6676/655 4427/699
f 161/702 4427/699 6687/701 4774/703
f 161/702 4774/703 6679/666 4555/665
f 162/704 5909/705 6688/706 5754/707
f 162/704 5754/707 6689/708 5668/709
f 162/704 5668/709 6690/710 5662/711
f 162/704 5662/711 6691/712 5909/705
f 163/713 5336/714 6692/715 5181/716
f 163/713 5181/716 6693/717 5217/718
f 163/713 5217/718 6694/719 3537/720
f 163/713 3537/720 6695/721 5336/714
f 164/722 5280/723 6696/724 3808/725
f 164/722 3808/725 6697/726 5291/727
f 164/722 5291/727 6690/710 5668/709
f 164/722 5668/709 6689/708 5280/723
f 165/728 3808/725 6696/724 3598/729
f 165/728 3598/729 6698/730 3445/731
f 165/728 3445/731 6699/732 3630/733
f 165/728 3630/733 6697/726 3808/725
f 166/734 3445/731 6698/730 4166/735
f 166/734 4166/735 6700/736 4261/737
f 166/734 4261/737 6701/738 4310/739
f 166/734 4310/739 6699/732 3445/731
f 167/740 4261/737 6700/736 4190/741
f 167/740 4190/741 6702/742 3351/743
f 167/740 3351/743 6703/744 3443/745
f 167/740 3443/745 6701/738 4261/737
f 168/746 3351/743 6702/742 3422/747
f 168/746 3422/747 6704/748 3331/749
f 168/746 3331/749 6705/750 3826/751
f 168/746 3826/751 6703/744 3351/743
f 169/752 3331/749 6704/748 3395/753
f 169/752 3395/753 6706/754 3304/755
f 169/752 3304/755 6707/756 3533/757
f 169/752 3533/757 6705/750 3331/749
f 170/758 3304/755 6706/754 3363/759
f 170/758 3363/759 6708/760 5510/761
f 170/758 5510/761 6709/762 5452/763
f 170/758 5452/763 6707/756 3304/755
f 171/764 5510/761 6708/760 4269/765
f 171/764 4269/765 6695/721 3537/720
f 171/764 3537/720 6694/719 4395/766
f 171/764 4395/766 6709/762 5510/761
f 172/767 5903/768 6710/769 5502/770
f 172/767 5502/770 6711/771 5891/772
f 172/767 5891/772 6712/773 5583/774
f 172/767 5583/774 6713/775 5903/768
f 173/776 5891/772 6711/771 4239/777
f 173/776 4239/777 6691/712 5662/711
f 173/776 5662/711 6690/710 3893/778
f 173/776 3893/778 6712/773 5891/772
f 174/779 5536/780 6713/775 5583/774
f 174/779 5583/774 6712/773 5636/781
f 174/779 5636/781 6714/782 6330/783
f 174/779 6330/783 6715/784 5536/780
f 175/785 5291/727 6697/726 4768/786
f 175/785 4768/786 6714/782 5636/781
f 175/785 5636/781 6712/773 3893/778
f 175/785 3893/778 6690/710 5291/727
f 176/787 3630/733 6699/732 4476/788
f 176/787 4476/788 6716/789 6404/790
f 176/787 6404/790 6714/782 4768/786
f 176/787 4768/786 6697/726 3630/733
f 177/791 5491/792 6715/784 6330/783
f 177/791 6330/783 6714/782 6404/790
f 177/791 6404/790 6716/789 5640/793
f 177/791 5640/793 6717/794 5491/792
f 178/795 5037/796 6694/719 5217/718
f 178/795 5217/718 6693/717 3753/797
f 178/795 3753/797 6718/798 5938/799
f 178/795 5938/799 6719/800 5037/796
f 179/801 5938/799 6718/798 5863/802
f 179/801 5863/802 6720/803 5639/804
f 179/801 5639/804 6721/805 5590/806
f 179/801 5590/806 6719/800 5938/799
f 180/807 3365/808 6722/809 2972/810
f 180/807 2972/810 6723/811 3009/812
f 180/807 3009/812 6724/813 3551/814
f 180/807 3551/814 6725/815 3365/808
f 181/816 3463/817 6726/818 3594/819
f 181/816 3594/819 6727/820 3962/821
f 181/816 3962/821 6728/822 4119/823
f 181/816 4119/823 6729/824 3463/817
f 182/825 3442/826 6726/818 3463/817
f 182/825 3463/817 6729/824 3759/827
f 182/825 3759/827 6723/811 2972/810
f 182/825 2972/810 6722/809 3442/826
f 183/828 3908/829 6730/830 3695/831
f 183/828 3695/831 6723/811 3759/827
f 183/828 3759/827 6729/824 4073/832
f 183/828 4073/832 6731/833 3908/829
f 184/834 4200/835 6732/836 3915/837
f 184/834 3915/837 6731/833 4073/832
f 184/834 4073/832 6729/824 4119/823
f 184/834 4119/823 6728/822 4200/835
f 185/838 3695/831 6730/830 3515/839
f 185/838 3515/839 6733/840 4065/841
f 185/838 4065/841 6724/813 3009/812
f 185/838 3009/812 6723/811 3695/831
f 186/842 3908/829 6731/833 3529/843
f 186/842 3529/843 6734/844 3704/845
f 186/842 3704/845 6733/840 3515/839
f 186/842 3515/839 6730/830 3908/829
f 187/846 3915/837 6732/836 3740/847
f 187/846 3740/847 6735/848 2742/849
f 187/846 2742/849 6734/844 3529/843
f 187/846 3529/843 6731/833 3915/837
f 188/850 2891/851 6734/844 2742/849
f 188/850 2742/849 6735/848 2730/852
f 188/850 2730/852 6736/853 2714/854
f 188/850 2714/854 6737/855 2891/851
f 189/856 2714/854 6736/853 3202/857
f 189/856 3202/857 6738/858 2692/859
f 189/856 2692/859 6739/860 2781/861
f 189/856 2781/861 6737/855 2714/854
f 190/862 2639/863 6740/864 2811/865
f 190/862 2811/865 6739/866 2692/867
f 190/862 2692/867 6738/868 2839/869
f 190/862 2839/869 6741/870 2639/863
f 191/871 6081/872 6742/873 5908/874
f 191/871 5908/874 6740/864 2639/863
f 191/871 2639/863 6741/870 5876/875
f 191/871 5876/875 6743/876 6081/872
f 192/877 6282/878 6744/879 5899/880
f 192/877 5899/880 6742/873 6081/872
f 192/877 6081/872 6743/876 5887/881
f 192/877 5887/881 6745/882 6282/878
f 193/883 6008/884 6746/885 5973/886
f 193/883 5973/886 6744/879 6282/878
f 193/883 6282/878 6745/882 6113/887
f 193/883 6113/887 6747/888 6008/884
f 194/889 6008/884 6747/888 2550/890
f 194/889 2550/890 6748/891 2500/892
f 194/889 2500/892 6749/893 5872/894
f 194/889 5872/894 6746/885 6008/884
f 195/895 3100/896 6750/897 2946/898
f 195/895 2946/898 6749/893 2500/892
f 195/895 2500/892 6748/891 2924/899
f 195/895 2924/899 6751/900 3100/896
f 196/901 3070/902 6752/903 3162/904
f 196/901 3162/904 6750/897 3100/896
f 196/901 3100/896 6751/900 3153/905
f 196/901 3153/905 6753/906 3070/902
f 197/907 4984/908 6721/805 5639/804
f 197/907 5639/804 6720/803 3688/909
f 197/907 3688/909 6752/903 3070/902
f 197/907 3070/902 6753/906 4984/908
f 198/910 4293/911 6709/762 4395/766
f 198/910 4395/766 6694/719 5037/796
f 198/910 5037/796 6719/800 3500/912
f 198/910 3500/912 6754/913 4293/911
f 199/914 4984/908 6753/906 2484/915
f 199/914 2484/915 6755/916 2435/917
f 199/914 2435/917 6756/918 5308/919
f 199/914 5308/919 6721/805 4984/908
f 200/920 5590/806 6721/805 5308/919
f 200/920 5308/919 6756/918 2615/921
f 200/920 2615/921 6754/913 3500/912
f 200/920 3500/912 6719/800 5590/806
f 201/922 3263/923 6747/888 6113/887
f 201/922 6113/887 6745/882 5407/924
f 201/922 5407/924 6757/925 4098/926
f 201/922 4098/926 6758/927 3263/923
f 202/928 4031/929 6758/927 4098/926
f 202/928 4098/926 6757/925 4018/930
f 202/928 4018/930 6759/931 4097/932
f 202/928 4097/932 6760/933 4031/929
f 203/934 3153/905 6751/900 3684/935
f 203/934 3684/935 6761/936 3877/937
f 203/934 3877/937 6755/916 2484/915
f 203/934 2484/915 6753/906 3153/905
f 204/938 3684/935 6751/900 2924/899
f 204/938 2924/899 6748/891 3656/939
f 204/938 3656/939 6762/940 2508/941
f 204/938 2508/941 6761/936 3684/935
f 205/942 3656/939 6748/891 2550/890
f 205/942 2550/890 6747/888 3263/923
f 205/942 3263/923 6758/927 3917/943
f 205/942 3917/943 6762/940 3656/939
f 206/944 2532/945 6707/756 5452/763
f 206/944 5452/763 6709/762 4293/911
f 206/944 4293/911 6754/913 4033/946
f 206/944 4033/946 6763/947 2532/945
f 207/948 4062/949 6705/750 3533/757
f 207/948 3533/757 6707/756 2532/945
f 207/948 2532/945 6763/947 2274/950
f 207/948 2274/950 6764/951 4062/949
f 208/952 4096/953 6703/744 3826/751
f 208/952 3826/751 6705/750 4062/949
f 208/952 4062/949 6764/951 2295/954
f 208/952 2295/954 6765/955 4096/953
f 209/956 3349/957 6701/738 3443/745
f 209/956 3443/745 6703/744 4096/953
f 209/956 4096/953 6765/955 3150/958
f 209/956 3150/958 6766/959 3349/957
f 210/960 4275/961 6699/732 4310/739
f 210/960 4310/739 6701/738 3349/957
f 210/960 3349/957 6766/959 6461/962
f 210/960 6461/962 6767/963 4275/961
f 211/964 2380/965 6716/789 4476/788
f 211/964 4476/788 6699/732 4275/961
f 211/964 4275/961 6767/963 6454/966
f 211/964 6454/966 6768/967 2380/965
f 212/968 2651/969 6717/794 5640/793
f 212/968 5640/793 6716/789 2380/965
f 212/968 2380/965 6768/967 6444/970
f 212/968 6444/970 6769/971 2651/969
f 213/972 5678/973 6728/822 3962/821
f 213/972 3962/821 6727/820 5579/974
f 213/972 5579/974 6770/975 6417/976
f 213/972 6417/976 6771/977 5678/973
f 214/978 5551/979 6732/836 4200/835
f 214/978 4200/835 6728/822 5678/973
f 214/978 5678/973 6771/977 2368/980
f 214/978 2368/980 6772/981 5551/979
f 215/982 4031/929 6760/933 3133/983
f 215/982 3133/983 6773/984 3095/985
f 215/982 3095/985 6762/940 3917/943
f 215/982 3917/943 6758/927 4031/929
f 216/986 2508/941 6762/940 3095/985
f 216/986 3095/985 6773/984 6339/987
f 216/986 6339/987 6774/988 3108/989
f 216/986 3108/989 6761/936 2508/941
f 217/990 3877/937 6761/936 3108/989
f 217/990 3108/989 6774/988 2278/991
f 217/990 2278/991 6775/992 5032/993
f 217/990 5032/993 6755/916 3877/937
f 218/994 2435/917 6755/916 5032/993
f 218/994 5032/993 6775/992 2397/995
f 218/994 2397/995 6776/996 5050/997
f 218/994 5050/997 6756/918 2435/917
f 219/998 2615/921 6756/918 5050/997
f 219/998 5050/997 6776/996 5783/999
f 219/998 5783/999 6763/947 4033/946
f 219/998 4033/946 6754/913 2615/921
f 220/1000 5886/1001 6764/951 2274/950
f 220/1000 2274/950 6763/947 5783/999
f 220/1000 5783/999 6776/996 2635/1002
f 220/1000 2635/1002 6777/1003 5886/1001
f 221/1004 2397/995 6775/992 2273/1005
f 221/1004 2273/1005 6778/1006 2650/1007
f 221/1004 2650/1007 6777/1003 2635/1002
f 221/1004 2635/1002 6776/996 2397/995
f 222/1008 2278/991 6774/988 2549/1009
f 222/1008 2549/1009 6779/1010 2324/1011
f 222/1008 2324/1011 6778/1006 2273/1005
f 222/1008 2273/1005 6775/992 2278/991
f 223/1012 6339/987 6773/984 2528/1013
f 223/1012 2528/1013 6780/1014 2329/1015
f 223/1012 2329/1015 6779/1010 2549/1009
f 223/1012 2549/1009 6774/988 6339/987
f 224/1016 3133/983 6760/933 5811/1017
f 224/1016 5811/1017 6781/1018 3261/1019
f 224/1016 3261/1019 6780/1014 2528/1013
f 224/1016 2528/1013 6773/984 3133/983
f 225/1020 4097/932 6759/931 4963/1021
f 225/1020 4963/1021 6782/1022 3145/1023
f 225/1020 3145/1023 6781/1018 5811/1017
f 225/1020 5811/1017 6760/933 4097/932
f 226/1024 5499/1025 6766/959 3150/958
f 226/1024 3150/958 6765/955 6365/1026
f 226/1024 6365/1026 6783/1027 2581/1028
f 226/1024 2581/1028 6784/1029 5499/1025
f 227/1030 6365/1026 6765/955 2295/954
f 227/1030 2295/954 6764/951 5886/1001
f 227/1030 5886/1001 6777/1003 3101/1031
f 227/1030 3101/1031 6783/1027 6365/1026
f 228/1032 6461/962 6766/959 5499/1025
f 228/1032 5499/1025 6784/1029 5606/1033
f 228/1032 5606/1033 6768/967 6454/966
f 228/1032 6454/966 6767/963 6461/962
f 229/1034 2650/1007 6778/1006 3080/1035
f 229/1034 3080/1035 6785/1036 2653/1037
f 229/1034 2653/1037 6783/1027 3101/1031
f 229/1034 3101/1031 6777/1003 2650/1007
f 230/1038 2632/1039 6784/1029 2581/1028
f 230/1038 2581/1028 6783/1027 2653/1037
f 230/1038 2653/1037 6785/1036 2473/1040
f 230/1038 2473/1040 6786/1041 2632/1039
f 231/1042 5803/1043 6768/967 5606/1033
f 231/1042 5606/1033 6784/1029 2632/1039
f 231/1042 2632/1039 6786/1041 4087/1044
f 231/1042 4087/1044 6787/1045 5803/1043
f 232/1046 5864/1047 6769/971 6444/970
f 232/1046 6444/970 6768/967 5803/1043
f 232/1046 5803/1043 6787/1045 4135/1048
f 232/1046 4135/1048 6788/1049 5864/1047
f 233/1050 5492/1051 6771/977 6417/976
f 233/1050 6417/976 6770/975 5586/1052
f 233/1050 5586/1052 6789/1053 4020/1054
f 233/1050 4020/1054 6790/1055 5492/1051
f 234/1056 5365/1057 6772/981 2368/980
f 234/1056 2368/980 6771/977 5492/1051
f 234/1056 5492/1051 6790/1055 2557/1058
f 234/1056 2557/1058 6791/1059 5365/1057
f 235/1060 2324/1011 6779/1010 3769/1061
f 235/1060 3769/1061 6792/1062 4228/1063
f 235/1060 4228/1063 6785/1036 3080/1035
f 235/1060 3080/1035 6778/1006 2324/1011
f 236/1064 2328/1065 6786/1041 2473/1040
f 236/1064 2473/1040 6785/1036 4228/1063
f 236/1064 4228/1063 6792/1062 2564/1066
f 236/1064 2564/1066 6793/1067 2328/1065
f 237/1068 3365/808 6725/815 4594/1069
f 237/1068 4594/1069 6710/769 5903/768
f 237/1068 5903/768 6713/775 6062/1070
f 237/1068 6062/1070 6722/809 3365/808
f 238/1071 2329/1015 6780/1014 3960/1072
f 238/1071 3960/1072 6794/1073 2493/1074
f 238/1071 2493/1074 6792/1062 3769/1061
f 238/1071 3769/1061 6779/1010 2329/1015
f 239/1075 2649/1076 6795/1077 3176/1078
f 239/1075 3176/1078 6796/1079 2253/1080
f 239/1075 2253/1080 6789/1053 4115/1081
f 239/1075 4115/1081 6788/1049 2649/1076
f 240/1082 2328/1065 6793/1067 3214/1083
f 240/1082 3214/1083 6797/1084 2705/1085
f 240/1082 2705/1085 6787/1045 4087/1044
f 240/1082 4087/1044 6786/1041 2328/1065
f 241/1086 3280/1087 6798/1088 3044/1089
f 241/1086 3044/1089 6795/1077 3114/1090
f 241/1086 3114/1090 6797/1084 3214/1083
f 241/1086 3214/1083 6793/1067 3280/1087
f 242/1091 3479/1092 6781/1018 3145/1023
f 242/1091 3145/1023 6782/1022 4105/1093
f 242/1091 4105/1093 6799/1094 5979/1095
f 242/1091 5979/1095 6800/1096 3479/1092
f 243/1097 3261/1019 6781/1018 3479/1092
f 243/1097 3479/1092 6800/1096 2367/1098
f 243/1097 2367/1098 6794/1073 3960/1072
f 243/1097 3960/1072 6780/1014 3261/1019
f 244/1099 2556/1100 6801/1101 5952/1102
f 244/1099 5952/1102 6802/1103 5945/1104
f 244/1099 5945/1104 6803/1105 2691/1106
f 244/1099 2691/1106 6796/1079 2556/1100
f 245/1107 3197/1108 6790/1055 4020/1054
f 245/1107 4020/1054 6789/1053 2253/1080
f 245/1107 2253/1080 6796/1079 2691/1106
f 245/1107 2691/1106 6803/1105 3197/1108
f 246/1109 3224/1110 6735/848 3740/847
f 246/1109 3740/847 6732/836 5551/979
f 246/1109 5551/979 6772/981 4591/1111
f 246/1109 4591/1111 6804/1112 3224/1110
f 247/1113 3213/1114 6736/853 2730/852
f 247/1113 2730/852 6735/848 3224/1110
f 247/1113 3224/1110 6804/1112 6160/1115
f 247/1113 6160/1115 6805/1116 3213/1114
f 248/1117 2971/1118 6738/858 3202/857
f 248/1117 3202/857 6736/853 3213/1114
f 248/1117 3213/1114 6805/1116 6007/1119
f 248/1117 6007/1119 6806/1120 2971/1118
f 249/1121 2620/1122 6741/870 2839/869
f 249/1121 2839/869 6738/868 2971/1123
f 249/1121 2971/1123 6806/1124 5896/1125
f 249/1121 5896/1125 6807/1126 2620/1122
f 250/1127 6147/1128 6743/876 5876/875
f 250/1127 5876/875 6741/870 2620/1122
f 250/1127 2620/1122 6807/1126 2844/1129
f 250/1127 2844/1129 6808/1130 6147/1128
f 251/1131 6448/1132 6745/882 5887/881
f 251/1131 5887/881 6743/876 6147/1128
f 251/1131 6147/1128 6808/1130 2934/1133
f 251/1131 2934/1133 6809/1134 6448/1132
f 252/1135 3099/1136 6759/931 4018/930
f 252/1135 4018/930 6757/925 3273/1137
f 252/1135 3273/1137 6810/1138 3173/1139
f 252/1135 3173/1139 6811/1140 3099/1136
f 253/1141 5407/924 6745/882 6448/1132
f 253/1141 6448/1132 6809/1134 3208/1142
f 253/1141 3208/1142 6810/1138 3273/1137
f 253/1141 3273/1137 6757/925 5407/924
f 254/1143 5344/1144 6782/1022 4963/1021
f 254/1143 4963/1021 6759/931 3099/1136
f 254/1143 3099/1136 6811/1140 2918/1145
f 254/1143 2918/1145 6812/1146 5344/1144
f 255/1147 2571/1148 6799/1094 4105/1093
f 255/1147 4105/1093 6782/1022 5344/1144
f 255/1147 5344/1144 6812/1146 3680/1149
f 255/1147 3680/1149 6813/1150 2571/1148
f 256/1151 2571/1148 6813/1150 3822/1152
f 256/1151 3822/1152 6814/1153 2551/1154
f 256/1151 2551/1154 6802/1103 6103/1155
f 256/1151 6103/1155 6799/1094 2571/1148
f 257/1156 5979/1095 6799/1094 6103/1155
f 257/1156 6103/1155 6802/1103 5952/1102
f 257/1156 5952/1102 6801/1101 5971/1157
f 257/1156 5971/1157 6800/1096 5979/1095
f 258/1158 3442/826 6722/809 6062/1070
f 258/1158 6062/1070 6713/775 5536/780
f 258/1158 5536/780 6715/784 4936/1159
f 258/1158 4936/1159 6726/818 3442/826
f 259/1160 3594/819 6726/818 4936/1159
f 259/1160 4936/1159 6715/784 5491/792
f 259/1160 5491/792 6717/794 5313/1161
f 259/1160 5313/1161 6727/820 3594/819
f 260/1162 5579/974 6727/820 5313/1161
f 260/1162 5313/1161 6717/794 2651/969
f 260/1162 2651/969 6769/971 6419/1163
f 260/1162 6419/1163 6770/975 5579/974
f 261/1164 5586/1052 6770/975 6419/1163
f 261/1164 6419/1163 6769/971 5864/1047
f 261/1164 5864/1047 6788/1049 4115/1081
f 261/1164 4115/1081 6789/1053 5586/1052
f 262/1165 2705/1085 6797/1084 3114/1090
f 262/1165 3114/1090 6795/1077 2649/1076
f 262/1165 2649/1076 6788/1049 4135/1048
f 262/1165 4135/1048 6787/1045 2705/1085
f 263/1166 2660/1167 6801/1101 2556/1100
f 263/1166 2556/1100 6796/1079 3176/1078
f 263/1166 3176/1078 6795/1077 3044/1089
f 263/1166 3044/1089 6798/1088 2660/1167
f 264/1168 3280/1087 6793/1067 2564/1066
f 264/1168 2564/1066 6792/1062 2493/1074
f 264/1168 2493/1074 6794/1073 3103/1169
f 264/1168 3103/1169 6798/1088 3280/1087
f 265/1170 5971/1157 6801/1101 2660/1167
f 265/1170 2660/1167 6798/1088 3103/1169
f 265/1170 3103/1169 6794/1073 2367/1098
f 265/1170 2367/1098 6800/1096 5971/1157
f 266/1171 2337/1172 6803/1105 5945/1104
f 266/1171 5945/1104 6802/1103 2551/1154
f 266/1171 2551/1154 6814/1153 3715/1173
f 266/1171 3715/1173 6815/1174 2337/1172
f 267/1175 2557/1058 6790/1055 3197/1108
f 267/1175 3197/1108 6803/1105 2337/1172
f 267/1175 2337/1172 6815/1174 5456/1176
f 267/1175 5456/1176 6791/1059 2557/1058
f 268/1177 4334/1178 6816/1179 4192/1180
f 268/1177 4192/1180 6817/1181 4092/1182
f 268/1177 4092/1182 6818/1183 4086/1184
f 268/1177 4086/1184 6819/1185 4334/1178
f 269/1186 5456/1176 6815/1174 3940/1187
f 269/1186 3940/1187 6818/1183 4092/1182
f 269/1186 4092/1182 6817/1181 6383/1188
f 269/1186 6383/1188 6791/1059 5456/1176
f 270/1189 3600/1190 6820/1191 3871/1192
f 270/1189 3871/1192 6816/1179 4334/1178
f 270/1189 4334/1178 6819/1185 3699/1193
f 270/1189 3699/1193 6821/1194 3600/1190
f 271/1195 3600/1190 6821/1194 3660/1196
f 271/1195 3660/1196 6822/1197 3536/1198
f 271/1195 3536/1198 6823/1199 3768/1200
f 271/1195 3768/1200 6820/1191 3600/1190
f 272/1201 3122/1202 6822/1197 3660/1196
f 272/1201 3660/1196 6821/1194 2966/1203
f 272/1201 2966/1203 6824/1204 3260/1205
f 272/1201 3260/1205 6825/1206 3122/1202
f 273/1207 2966/1203 6821/1194 3699/1193
f 273/1207 3699/1193 6819/1185 2940/1208
f 273/1207 2940/1208 6826/1209 3057/1210
f 273/1207 3057/1210 6824/1204 2966/1203
f 274/1211 2940/1208 6819/1185 4086/1184
f 274/1211 4086/1184 6818/1183 2478/1212
f 274/1211 2478/1212 6827/1213 5532/1214
f 274/1211 5532/1214 6826/1209 2940/1208
f 275/1215 3715/1173 6814/1153 2289/1216
f 275/1215 2289/1216 6827/1213 2478/1212
f 275/1215 2478/1212 6818/1183 3940/1187
f 275/1215 3940/1187 6815/1174 3715/1173
f 276/1217 3822/1152 6813/1150 2548/1218
f 276/1217 2548/1218 6828/1219 5786/1220
f 276/1217 5786/1220 6827/1213 2289/1216
f 276/1217 2289/1216 6814/1153 3822/1152
f 277/1221 5654/1222 6826/1209 5532/1214
f 277/1221 5532/1214 6827/1213 5786/1220
f 277/1221 5786/1220 6828/1219 5815/1223
f 277/1221 5815/1223 6829/1224 5654/1222
f 278/1225 2799/1226 6824/1204 3057/1210
f 278/1225 3057/1210 6826/1209 5654/1222
f 278/1225 5654/1222 6829/1224 5575/1227
f 278/1225 5575/1227 6830/1228 2799/1226
f 279/1229 2824/1230 6825/1206 3260/1205
f 279/1229 3260/1205 6824/1204 2799/1226
f 279/1229 2799/1226 6830/1228 5443/1231
f 279/1229 5443/1231 6831/1232 2824/1230
f 280/1233 6357/1234 6830/1228 5575/1227
f 280/1233 5575/1227 6829/1224 5599/1235
f 280/1233 5599/1235 6832/1236 5425/1237
f 280/1233 5425/1237 6833/1238 6357/1234
f 281/1239 5599/1235 6829/1224 5815/1223
f 281/1239 5815/1223 6828/1219 6066/1240
f 281/1239 6066/1240 6834/1241 5485/1242
f 281/1239 5485/1242 6832/1236 5599/1235
f 282/1243 3680/1149 6812/1146 2889/1244
f 282/1243 2889/1244 6834/1241 6066/1240
f 282/1243 6066/1240 6828/1219 2548/1218
f 282/1243 2548/1218 6813/1150 3680/1149
f 283/1245 2570/1246 6772/981 5365/1057
f 283/1245 5365/1057 6791/1059 6383/1188
f 283/1245 6383/1188 6817/1181 3090/1247
f 283/1245 3090/1247 6835/1248 2570/1246
f 284/1249 4192/1180 6816/1179 3227/1250
f 284/1249 3227/1250 6836/1251 5907/1252
f 284/1249 5907/1252 6835/1248 3090/1247
f 284/1249 3090/1247 6817/1181 4192/1180
f 285/1253 3871/1192 6820/1191 2527/1254
f 285/1253 2527/1254 6837/1255 5488/1256
f 285/1253 5488/1256 6836/1251 3227/1250
f 285/1253 3227/1250 6816/1179 3871/1192
f 286/1257 3768/1200 6823/1199 2233/1258
f 286/1257 2233/1258 6838/1259 5603/1260
f 286/1257 5603/1260 6837/1255 2527/1254
f 286/1257 2527/1254 6820/1191 3768/1200
f 287/1261 6013/1262 6831/1232 5443/1231
f 287/1261 5443/1231 6830/1228 6357/1234
f 287/1261 6357/1234 6833/1238 5856/1263
f 287/1261 5856/1263 6839/1264 6013/1262
f 288/1265 3158/1266 7291/1124 6507/1267
f 288/1265 6507/1267 8620/1126 6505/1129
f 288/1265 6505/1129 8621/1130 6508/1133
f 288/1265 6508/1133 7292/1134 3158/1266
f 289/1268 3942/1269 6804/1112 4591/1111
f 289/1268 4591/1111 6772/981 2570/1246
f 289/1268 2570/1246 6835/1248 5625/1270
f 289/1268 5625/1270 6840/1271 3942/1269
f 290/1272 6160/1115 6804/1112 3942/1269
f 290/1272 3942/1269 6840/1271 3449/1273
f 290/1272 3449/1273 6841/1274 4831/1275
f 290/1272 4831/1275 6805/1116 6160/1115
f 291/1276 6007/1119 6805/1116 4831/1275
f 291/1276 4831/1275 6841/1274 3462/1277
f 291/1276 3462/1277 6842/1278 4994/1279
f 291/1276 4994/1279 6806/1120 6007/1119
f 292/1280 2855/1266 6806/1124 4994/1281
f 292/1280 4994/1281 6842/1282 3711/1283
f 292/1280 3711/1283 6843/1284 5347/1285
f 292/1280 5347/1285 6809/1134 2855/1266
f 293/1286 2918/1145 6811/1140 5228/1287
f 293/1286 5228/1287 6844/1288 2829/1289
f 293/1286 2829/1289 6834/1241 2889/1244
f 293/1286 2889/1244 6812/1146 2918/1145
f 294/1290 5228/1287 6811/1140 3173/1139
f 294/1290 3173/1139 6810/1138 4983/1291
f 294/1290 4983/1291 6845/1292 3518/1293
f 294/1290 3518/1293 6844/1288 5228/1287
f 295/1294 4983/1291 6810/1138 3208/1142
f 295/1294 3208/1142 6809/1134 5347/1285
f 295/1294 5347/1285 6843/1284 3353/1295
f 295/1294 3353/1295 6845/1292 4983/1291
f 296/1296 3449/1273 6840/1271 5625/1270
f 296/1296 5625/1270 6835/1248 3121/1297
f 296/1296 3121/1297 6842/1278 3462/1277
f 296/1296 3462/1277 6841/1274 3449/1273
f 297/1298 2829/1289 6844/1288 3518/1293
f 297/1298 3518/1293 6845/1292 3353/1295
f 297/1298 3353/1295 6843/1284 2754/1299
f 297/1298 2754/1299 6834/1241 2829/1289
f 298/1300 3136/1301 6832/1236 5485/1242
f 298/1300 5485/1242 6834/1241 2754/1299
f 298/1300 2754/1299 6843/1284 3291/1302
f 298/1300 3291/1302 6846/1303 3136/1301
f 299/1304 3711/1283 6842/1282 3468/1305
f 299/1304 3468/1305 6847/1306 4333/1307
f 299/1304 4333/1307 6846/1303 3291/1302
f 299/1304 3291/1302 6843/1284 3711/1283
f 300/1308 5907/1252 6836/1251 2945/1309
f 300/1308 2945/1309 6847/1310 3468/1311
f 300/1308 3468/1311 6842/1278 3121/1297
f 300/1308 3121/1297 6835/1248 5907/1252
f 301/1312 5488/1256 6837/1255 2874/1313
f 301/1312 2874/1313 6848/1314 4183/1315
f 301/1312 4183/1315 6847/1310 2945/1309
f 301/1312 2945/1309 6836/1251 5488/1256
f 302/1316 3399/1317 6846/1303 4333/1307
f 302/1316 4333/1307 6847/1306 4183/1318
f 302/1316 4183/1318 6848/1319 3517/1320
f 302/1316 3517/1320 6849/1321 3399/1317
f 303/1322 2277/1323 6833/1238 5425/1237
f 303/1322 5425/1237 6832/1236 3136/1301
f 303/1322 3136/1301 6846/1303 3399/1317
f 303/1322 3399/1317 6849/1321 2277/1323
f 304/1324 3907/1325 6839/1264 5856/1263
f 304/1324 5856/1263 6833/1238 2277/1323
f 304/1324 2277/1323 6849/1321 3573/1326
f 304/1324 3573/1326 6850/1327 3907/1325
f 305/1328 5603/1260 6838/1259 2543/1329
f 305/1328 2543/1329 6851/1330 3380/1331
f 305/1328 3380/1331 6848/1314 2874/1313
f 305/1328 2874/1313 6837/1255 5603/1260
f 306/1332 3517/1320 6848/1319 3380/1333
f 306/1332 3380/1333 6851/1334 3568/1335
f 306/1332 3568/1335 6850/1327 3573/1326
f 306/1332 3573/1326 6849/1321 3517/1320
f 307/1336 2393/1337 6838/1259 2233/1258
f 307/1336 2233/1258 6823/1199 5802/1338
f 307/1336 5802/1338 6852/1339 5163/1340
f 307/1336 5163/1340 6853/1341 2393/1337
f 308/1342 5133/1343 6853/1341 5163/1340
f 308/1342 5163/1340 6852/1339 5216/1344
f 308/1342 5216/1344 6854/1345 5210/1346
f 308/1342 5210/1346 6855/1347 5133/1343
f 309/1348 3122/1202 6825/1206 5455/1349
f 309/1348 5455/1349 6856/1350 5732/1351
f 309/1348 5732/1351 6857/1352 5178/1353
f 309/1348 5178/1353 6822/1197 3122/1202
f 310/1354 3536/1198 6822/1197 5178/1353
f 310/1354 5178/1353 6857/1352 5433/1355
f 310/1354 5433/1355 6852/1339 5802/1338
f 310/1354 5802/1338 6823/1199 3536/1198
f 311/1356 5531/1357 6854/1345 5216/1344
f 311/1356 5216/1344 6852/1339 5433/1355
f 311/1356 5433/1355 6857/1352 5895/1358
f 311/1356 5895/1358 6858/1359 5531/1357
f 312/1360 3564/1361 6831/1232 6013/1262
f 312/1360 6013/1262 6839/1264 2349/1362
f 312/1360 2349/1362 6859/1363 6047/1364
f 312/1360 6047/1364 6860/1365 3564/1361
f 313/1366 2824/1230 6831/1232 3564/1361
f 313/1366 3564/1361 6860/1365 5801/1367
f 313/1366 5801/1367 6856/1350 5455/1349
f 313/1366 5455/1349 6825/1206 2824/1230
f 314/1368 5732/1351 6856/1350 5484/1369
f 314/1368 5484/1369 6861/1370 6177/1371
f 314/1368 6177/1371 6858/1359 5895/1358
f 314/1368 5895/1358 6857/1352 5732/1351
f 315/1372 2917/1373 6851/1330 2543/1329
f 315/1372 2543/1329 6838/1259 2393/1337
f 315/1372 2393/1337 6853/1341 5842/1374
f 315/1372 5842/1374 6862/1375 2917/1373
f 316/1376 5133/1343 6855/1347 5469/1377
f 316/1376 5469/1377 6863/1378 5974/1379
f 316/1376 5974/1379 6862/1375 5842/1374
f 316/1376 5842/1374 6853/1341 5133/1343
f 317/1380 3907/1325 6850/1327 2761/1381
f 317/1380 2761/1381 6864/1382 6403/1383
f 317/1380 6403/1383 6859/1363 2349/1362
f 317/1380 2349/1362 6839/1264 3907/1325
f 318/1384 2761/1381 6850/1327 3568/1335
f 318/1384 3568/1335 6851/1334 2917/1385
f 318/1384 2917/1385 6862/1386 6162/1387
f 318/1384 6162/1387 6864/1382 2761/1381
f 319/1388 5974/1389 6863/1390 6020/1391
f 319/1388 6020/1391 6865/1392 5951/1393
f 319/1388 5951/1393 6864/1382 6162/1387
f 319/1388 6162/1387 6862/1386 5974/1389
f 320/1394 5483/1395 6859/1363 6403/1383
f 320/1394 6403/1383 6864/1382 5951/1393
f 320/1394 5951/1393 6865/1392 4882/1396
f 320/1394 4882/1396 6866/1397 5483/1395
f 321/1398 5589/1399 6860/1365 6047/1364
f 321/1398 6047/1364 6859/1363 5483/1395
f 321/1398 5483/1395 6866/1397 4881/1400
f 321/1398 4881/1400 6867/1401 5589/1399
f 322/1402 5801/1367 6860/1365 5589/1399
f 322/1402 5589/1399 6867/1401 5509/1403
f 322/1402 5509/1403 6861/1370 5484/1369
f 322/1402 5484/1369 6856/1350 5801/1367
f 323/1404 5944/1405 6854/1345 5531/1357
f 323/1404 5531/1357 6858/1359 5574/1406
f 323/1404 5574/1406 6868/1407 5352/1408
f 323/1404 5352/1408 6869/1409 5944/1405
f 324/1410 5574/1406 6858/1359 5684/1411
f 324/1410 5684/1411 6870/1412 5093/1413
f 324/1410 5093/1413 6871/1414 5001/1415
f 324/1410 5001/1415 6868/1407 5574/1406
f 325/1416 6210/1417 6854/1345 5944/1405
f 325/1416 5944/1405 6869/1409 5080/1418
f 325/1416 5080/1418 6872/1419 4758/1420
f 325/1416 4758/1420 6873/1421 6210/1417
f 326/1422 5080/1418 6869/1409 5352/1408
f 326/1422 5352/1408 6868/1407 5001/1415
f 326/1422 5001/1415 6871/1414 4952/1423
f 326/1422 4952/1423 6872/1419 5080/1418
f 327/1424 5469/1377 6855/1347 2490/1425
f 327/1424 2490/1425 6874/1426 3945/1427
f 327/1424 3945/1427 6875/1428 3241/1429
f 327/1424 3241/1429 6863/1378 5469/1377
f 328/1430 2490/1425 6855/1347 5210/1346
f 328/1430 5210/1346 6854/1345 6210/1417
f 328/1430 6210/1417 6873/1421 3971/1431
f 328/1430 3971/1431 6874/1426 2490/1425
f 329/1432 6177/1371 6861/1370 2821/1433
f 329/1432 2821/1433 6876/1434 3576/1435
f 329/1432 3576/1435 6870/1412 5684/1411
f 329/1432 5684/1411 6858/1359 6177/1371
f 330/1436 5509/1403 6867/1401 3306/1437
f 330/1436 3306/1437 6877/1438 4170/1439
f 330/1436 4170/1439 6876/1434 2821/1433
f 330/1436 2821/1433 6861/1370 5509/1403
f 331/1440 4881/1400 6866/1397 3641/1441
f 331/1440 3641/1441 6878/1442 4029/1443
f 331/1440 4029/1443 6877/1438 3306/1437
f 331/1440 3306/1437 6867/1401 4881/1400
f 332/1444 3676/1445 6865/1392 6020/1391
f 332/1444 6020/1391 6863/1390 3241/1446
f 332/1444 3241/1446 6875/1447 3913/1448
f 332/1444 3913/1448 6879/1449 3676/1445
f 333/1450 4882/1396 6865/1392 3676/1445
f 333/1450 3676/1445 6879/1449 4728/1451
f 333/1450 4728/1451 6878/1442 3641/1441
f 333/1450 3641/1441 6866/1397 4882/1396
f 334/1452 5114/1453 6880/1454 4701/1455
f 334/1452 4701/1455 6881/1456 5152/1457
f 334/1452 5152/1457 6882/1458 5146/1459
f 334/1452 5146/1459 6883/1460 5114/1453
f 335/1461 5152/1457 6881/1456 5293/1462
f 335/1461 5293/1462 6884/1463 5170/1464
f 335/1461 5170/1464 6885/1465 5275/1466
f 335/1461 5275/1466 6882/1458 5152/1457
f 336/1467 5105/1468 6886/1469 4834/1470
f 336/1467 4834/1470 6887/1471 4612/1472
f 336/1467 4612/1472 6885/1465 5170/1464
f 336/1467 5170/1464 6884/1463 5105/1468
f 337/1473 5275/1466 6885/1465 4816/1474
f 337/1473 4816/1474 6888/1475 4575/1476
f 337/1473 4575/1476 6889/1477 5026/1478
f 337/1473 5026/1478 6882/1458 5275/1466
f 338/1479 4612/1472 6887/1471 6123/1480
f 338/1479 6123/1480 6890/1481 6202/1482
f 338/1479 6202/1482 6888/1475 4816/1474
f 338/1479 4816/1474 6885/1465 4612/1472
f 339/1483 5882/1484 6883/1460 5146/1459
f 339/1483 5146/1459 6882/1458 5026/1478
f 339/1483 5026/1478 6889/1477 6222/1485
f 339/1483 6222/1485 6891/1486 5882/1484
f 340/1487 5882/1484 6891/1486 4492/1488
f 340/1487 4492/1488 6892/1489 4509/1490
f 340/1487 4509/1490 6893/1491 5743/1492
f 340/1487 5743/1492 6883/1460 5882/1484
f 341/1493 4779/1494 6894/1495 5846/1496
f 341/1493 5846/1496 6880/1454 5114/1453
f 341/1493 5114/1453 6883/1460 5743/1492
f 341/1493 5743/1492 6893/1491 4779/1494
f 342/1497 6343/1498 6895/1499 4389/1500
f 342/1497 4389/1500 6896/1501 6329/1502
f 342/1497 6329/1502 6887/1471 4834/1470
f 342/1497 4834/1470 6886/1469 6343/1498
f 343/1503 5292/1504 6897/1505 4359/1506
f 343/1503 4359/1506 6898/1507 4354/1508
f 343/1503 4354/1508 6899/1509 4585/1510
f 343/1503 4585/1510 6900/1511 5292/1504
f 344/1512 4575/1476 6888/1475 5800/1513
f 344/1512 5800/1513 6901/1514 4822/1515
f 344/1512 4822/1515 6902/1516 5779/1517
f 344/1512 5779/1517 6889/1477 4575/1476
f 345/1518 5186/1519 6891/1486 6222/1485
f 345/1518 6222/1485 6889/1477 5779/1517
f 345/1518 5779/1517 6902/1516 4437/1520
f 345/1518 4437/1520 6903/1521 5186/1519
f 346/1522 6202/1482 6890/1481 5557/1523
f 346/1522 5557/1523 6904/1524 4421/1525
f 346/1522 4421/1525 6901/1514 5800/1513
f 346/1522 5800/1513 6888/1475 6202/1482
f 347/1526 4822/1515 6901/1514 4421/1525
f 347/1526 4421/1525 6904/1524 4552/1527
f 347/1526 4552/1527 6903/1521 4437/1520
f 347/1526 4437/1520 6902/1516 4822/1515
f 348/1528 4552/1527 6904/1524 4248/1529
f 348/1528 4248/1529 6905/1530 4266/1531
f 348/1528 4266/1531 6906/1532 4429/1533
f 348/1528 4429/1533 6903/1521 4552/1527
f 349/1534 3356/1535 6892/1489 4492/1488
f 349/1534 4492/1488 6891/1486 5186/1519
f 349/1534 5186/1519 6903/1521 4243/1536
f 349/1534 4243/1536 6907/1537 3356/1535
f 350/1538 3607/1539 6908/1540 4848/1541
f 350/1538 4848/1541 6909/1542 3631/1543
f 350/1538 3631/1543 6896/1501 4389/1500
f 350/1538 4389/1500 6895/1499 3607/1539
f 351/1544 4473/1545 6910/1546 4610/1547
f 351/1544 4610/1547 6911/1548 5255/1549
f 351/1544 5255/1549 6912/1550 5369/1551
f 351/1544 5369/1551 6913/1552 4473/1545
f 352/1553 4558/1554 6912/1550 5255/1549
f 352/1553 5255/1549 6911/1548 3427/1555
f 352/1553 3427/1555 6896/1501 3631/1543
f 352/1553 3631/1543 6909/1542 4558/1554
f 353/1556 2977/1557 6890/1481 6123/1480
f 353/1556 6123/1480 6887/1471 6329/1502
f 353/1556 6329/1502 6896/1501 3427/1555
f 353/1556 3427/1555 6911/1548 2977/1557
f 354/1558 4593/1559 6904/1524 5557/1523
f 354/1558 5557/1523 6890/1481 2977/1557
f 354/1558 2977/1557 6911/1548 4610/1547
f 354/1558 4610/1547 6910/1546 4593/1559
f 355/1560 4508/1561 6914/1562 4622/1563
f 355/1560 4622/1563 6915/1564 5278/1565
f 355/1560 5278/1565 6909/1542 4848/1541
f 355/1560 4848/1541 6908/1540 4508/1561
f 356/1566 4388/1567 6912/1550 4558/1554
f 356/1566 4558/1554 6909/1542 5278/1565
f 356/1566 5278/1565 6915/1564 4653/1568
f 356/1566 4653/1568 6916/1569 4388/1567
f 357/1570 5093/1413 6870/1412 3959/1571
f 357/1570 3959/1571 6886/1469 5105/1468
f 357/1570 5105/1468 6884/1463 4175/1572
f 357/1570 4175/1572 6871/1414 5093/1413
f 358/1573 4779/1494 6893/1491 4670/1574
f 358/1573 4670/1574 6898/1575 4359/1576
f 358/1573 4359/1576 6897/1577 4527/1578
f 358/1573 4527/1578 6894/1495 4779/1494
f 359/1579 4509/1490 6892/1489 4061/1580
f 359/1579 4061/1580 6917/1581 3474/1582
f 359/1579 3474/1582 6898/1575 4670/1574
f 359/1579 4670/1574 6893/1491 4509/1490
f 360/1583 6130/1584 6918/1585 3379/1586
f 360/1583 3379/1586 6899/1509 4354/1508
f 360/1583 4354/1508 6898/1507 3474/1587
f 360/1583 3474/1587 6917/1588 6130/1584
f 361/1589 3576/1435 6876/1434 2933/1590
f 361/1589 2933/1590 6895/1499 6343/1498
f 361/1589 6343/1498 6886/1469 3959/1571
f 361/1589 3959/1571 6870/1412 3576/1435
f 362/1591 4815/1592 6913/1552 5369/1551
f 362/1591 5369/1551 6912/1550 4388/1567
f 362/1591 4388/1567 6916/1569 4536/1593
f 362/1591 4536/1593 6919/1594 4815/1592
f 363/1595 4170/1439 6877/1438 6379/1596
f 363/1595 6379/1596 6908/1540 3607/1539
f 363/1595 3607/1539 6895/1499 2933/1590
f 363/1595 2933/1590 6876/1434 4170/1439
f 364/1597 3356/1535 6907/1537 5335/1598
f 364/1597 5335/1598 6920/1599 6248/1600
f 364/1597 6248/1600 6917/1581 4061/1580
f 364/1597 4061/1580 6892/1489 3356/1535
f 365/1601 6130/1584 6917/1588 6248/1602
f 365/1601 6248/1602 6920/1603 6276/1604
f 365/1601 6276/1604 6921/1605 6413/1606
f 365/1601 6413/1606 6918/1585 6130/1584
f 366/1607 4751/1608 6922/1609 6170/1610
f 366/1607 6170/1610 6921/1605 6276/1604
f 366/1607 6276/1604 6920/1603 4590/1611
f 366/1607 4590/1611 6923/1612 4751/1608
f 367/1613 5426/1614 6905/1530 4248/1529
f 367/1613 4248/1529 6904/1524 4593/1559
f 367/1613 4593/1559 6910/1546 5829/1615
f 367/1613 5829/1615 6924/1616 5426/1614
f 368/1617 4473/1545 6913/1552 5996/1618
f 368/1617 5996/1618 6925/1619 5058/1620
f 368/1617 5058/1620 6924/1616 5829/1615
f 368/1617 5829/1615 6910/1546 4473/1545
f 369/1621 4815/1592 6919/1594 4449/1622
f 369/1621 4449/1622 6926/1623 5069/1624
f 369/1621 5069/1624 6925/1619 5996/1618
f 369/1621 5996/1618 6913/1552 4815/1592
f 370/1625 4029/1443 6878/1442 2734/1626
f 370/1625 2734/1626 6914/1562 4508/1561
f 370/1625 4508/1561 6908/1540 6379/1596
f 370/1625 6379/1596 6877/1438 4029/1443
f 371/1627 4429/1533 6906/1532 5479/1628
f 371/1627 5479/1628 6927/1629 5401/1630
f 371/1627 5401/1630 6907/1537 4243/1536
f 371/1627 4243/1536 6903/1521 4429/1533
f 372/1631 5335/1598 6907/1537 5401/1630
f 372/1631 5401/1630 6927/1629 4639/1632
f 372/1631 4639/1632 6923/1633 4590/1634
f 372/1631 4590/1634 6920/1599 5335/1598
f 373/1635 4223/1636 6872/1419 4952/1423
f 373/1635 4952/1423 6871/1414 4175/1572
f 373/1635 4175/1572 6884/1463 5293/1462
f 373/1635 5293/1462 6881/1456 4223/1636
f 374/1637 4051/1638 6873/1421 4758/1420
f 374/1637 4758/1420 6872/1419 4223/1636
f 374/1637 4223/1636 6881/1456 4701/1455
f 374/1637 4701/1455 6880/1454 4051/1638
f 375/1639 3240/1640 6874/1426 3971/1431
f 375/1639 3971/1431 6873/1421 4051/1638
f 375/1639 4051/1638 6880/1454 5846/1496
f 375/1639 5846/1496 6894/1495 3240/1640
f 376/1641 2887/1642 6875/1428 3945/1427
f 376/1641 3945/1427 6874/1426 3240/1640
f 376/1641 3240/1640 6894/1495 4527/1578
f 376/1641 4527/1578 6897/1577 2887/1642
f 377/1643 5292/1504 6900/1511 5947/1644
f 377/1643 5947/1644 6879/1449 3913/1448
f 377/1643 3913/1448 6875/1447 2887/1645
f 377/1643 2887/1645 6897/1505 5292/1504
f 378/1646 4728/1451 6879/1449 5947/1644
f 378/1646 5947/1644 6900/1511 4084/1647
f 378/1646 4084/1647 6914/1562 2734/1626
f 378/1646 2734/1626 6878/1442 4728/1451
f 379/1648 4585/1510 6899/1509 3448/1649
f 379/1648 3448/1649 6915/1564 4622/1563
f 379/1648 4622/1563 6914/1562 4084/1647
f 379/1648 4084/1647 6900/1511 4585/1510
f 380/1650 3379/1586 6918/1585 4708/1651
f 380/1650 4708/1651 6916/1569 4653/1568
f 380/1650 4653/1568 6915/1564 3448/1649
f 380/1650 3448/1649 6899/1509 3379/1586
f 381/1652 6413/1606 6921/1605 6197/1653
f 381/1652 6197/1653 6919/1594 4536/1593
f 381/1652 4536/1593 6916/1569 4708/1651
f 381/1652 4708/1651 6918/1585 6413/1606
f 382/1654 6170/1610 6922/1609 4682/1655
f 382/1654 4682/1655 6926/1623 4449/1622
f 382/1654 4449/1622 6919/1594 6197/1653
f 382/1654 6197/1653 6921/1605 6170/1610
f 383/1656 5061/1657 6928/1658 4928/1659
f 383/1656 4928/1659 6929/1660 4907/1661
f 383/1656 4907/1661 6930/1662 4903/1663
f 383/1656 4903/1663 6931/1664 5061/1657
f 384/1665 3762/1666 6931/1664 4903/1663
f 384/1665 4903/1663 6930/1662 4826/1667
f 384/1665 4826/1667 6932/1668 3925/1669
f 384/1665 3925/1669 6933/1670 3762/1666
f 385/1671 3723/1672 6933/1670 3925/1669
f 385/1671 3925/1669 6932/1668 3745/1673
f 385/1671 3745/1673 6934/1674 4182/1675
f 385/1671 4182/1675 6935/1676 3723/1672
f 386/1677 3733/1678 6935/1676 4182/1675
f 386/1677 4182/1675 6934/1674 3736/1679
f 386/1677 3736/1679 6936/1680 3868/1681
f 386/1677 3868/1681 6937/1682 3733/1678
f 387/1683 4702/1684 6925/1619 5069/1624
f 387/1683 5069/1624 6926/1623 4786/1685
f 387/1683 4786/1685 6937/1682 3868/1681
f 387/1683 3868/1681 6936/1680 4702/1684
f 388/1686 4907/1661 6929/1660 4353/1687
f 388/1686 4353/1687 6938/1688 3586/1689
f 388/1686 3586/1689 6939/1690 4383/1691
f 388/1686 4383/1691 6930/1662 4907/1661
f 389/1692 4826/1667 6930/1662 4383/1691
f 389/1692 4383/1691 6939/1690 4906/1693
f 389/1692 4906/1693 6940/1694 4399/1695
f 389/1692 4399/1695 6932/1668 4826/1667
f 390/1696 3745/1673 6932/1668 4399/1695
f 390/1696 4399/1695 6940/1694 5118/1697
f 390/1696 5118/1697 6941/1698 4560/1699
f 390/1696 4560/1699 6934/1674 3745/1673
f 391/1700 3736/1679 6934/1674 4560/1699
f 391/1700 4560/1699 6941/1698 5253/1701
f 391/1700 5253/1701 6942/1702 4589/1703
f 391/1700 4589/1703 6936/1680 3736/1679
f 392/1704 3952/1705 6924/1616 5058/1620
f 392/1704 5058/1620 6925/1619 4702/1684
f 392/1704 4702/1684 6936/1680 4589/1703
f 392/1704 4589/1703 6942/1702 3952/1705
f 393/1706 3586/1689 6938/1688 4944/1707
f 393/1706 4944/1707 6943/1708 5006/1709
f 393/1706 5006/1709 6944/1710 5182/1711
f 393/1706 5182/1711 6939/1690 3586/1689
f 394/1712 4906/1693 6939/1690 5182/1711
f 394/1712 5182/1711 6944/1710 5627/1713
f 394/1712 5627/1713 6945/1714 4840/1715
f 394/1712 4840/1715 6940/1694 4906/1693
f 395/1716 5118/1697 6940/1694 4840/1715
f 395/1716 4840/1715 6945/1714 5546/1717
f 395/1716 5546/1717 6946/1718 4962/1719
f 395/1716 4962/1719 6941/1698 5118/1697
f 396/1720 5253/1701 6941/1698 4962/1719
f 396/1720 4962/1719 6946/1718 5543/1721
f 396/1720 5543/1721 6947/1722 4870/1723
f 396/1720 4870/1723 6942/1702 5253/1701
f 397/1724 2612/1725 6905/1530 5426/1614
f 397/1724 5426/1614 6924/1616 3952/1705
f 397/1724 3952/1705 6942/1702 4870/1723
f 397/1724 4870/1723 6947/1722 2612/1725
f 398/1726 5006/1709 6943/1708 4732/1727
f 398/1726 4732/1727 6948/1728 6085/1729
f 398/1726 6085/1729 6949/1730 5913/1731
f 398/1726 5913/1731 6944/1710 5006/1709
f 399/1732 5627/1713 6944/1710 5913/1731
f 399/1732 5913/1731 6949/1730 6126/1733
f 399/1732 6126/1733 6950/1734 5810/1735
f 399/1732 5810/1735 6945/1714 5627/1713
f 400/1736 5546/1717 6945/1714 5810/1735
f 400/1736 5810/1735 6950/1734 5487/1737
f 400/1736 5487/1737 6951/1738 5799/1739
f 400/1736 5799/1739 6946/1718 5546/1717
f 401/1740 5543/1721 6946/1718 5799/1739
f 401/1740 5799/1739 6951/1738 5613/1741
f 401/1740 5613/1741 6952/1742 5831/1743
f 401/1740 5831/1743 6947/1722 5543/1721
f 402/1744 3194/1745 6906/1532 4266/1531
f 402/1744 4266/1531 6905/1530 2612/1725
f 402/1744 2612/1725 6947/1722 5831/1743
f 402/1744 5831/1743 6952/1742 3194/1745
f 403/1746 4682/1655 6922/1609 4007/1747
f 403/1746 4007/1747 6953/1748 4557/1749
f 403/1746 4557/1749 6937/1682 4786/1685
f 403/1746 4786/1685 6926/1623 4682/1655
f 404/1750 5012/1751 6935/1676 3733/1678
f 404/1750 3733/1678 6937/1682 4557/1749
f 404/1750 4557/1749 6953/1748 5638/1752
f 404/1750 5638/1752 6954/1753 5012/1751
f 405/1754 5049/1755 6933/1670 3723/1672
f 405/1754 3723/1672 6935/1676 5012/1751
f 405/1754 5012/1751 6954/1753 5406/1756
f 405/1754 5406/1756 6955/1757 5049/1755
f 406/1758 5340/1759 6931/1664 3762/1666
f 406/1758 3762/1666 6933/1670 5049/1755
f 406/1758 5049/1755 6955/1757 5160/1760
f 406/1758 5160/1760 6956/1761 5340/1759
f 407/1762 3052/1763 6928/1658 5061/1657
f 407/1762 5061/1657 6931/1664 5340/1759
f 407/1762 5340/1759 6956/1761 5177/1764
f 407/1762 5177/1764 6957/1765 3052/1763
f 408/1766 3172/1767 6927/1629 5479/1628
f 408/1766 5479/1628 6906/1532 3194/1745
f 408/1766 3194/1745 6952/1742 4785/1768
f 408/1766 4785/1768 6958/1769 3172/1767
f 409/1770 5613/1741 6951/1738 4989/1771
f 409/1770 4989/1771 6959/1772 3218/1773
f 409/1770 3218/1773 6958/1769 4785/1768
f 409/1770 4785/1768 6952/1742 5613/1741
f 410/1774 6085/1729 6948/1728 4614/1775
f 410/1774 4614/1775 6960/1776 3193/1777
f 410/1774 3193/1777 6961/1778 4472/1779
f 410/1774 4472/1779 6949/1730 6085/1729
f 411/1780 6126/1733 6949/1730 4472/1779
f 411/1780 4472/1779 6961/1778 3175/1781
f 411/1780 3175/1781 6962/1782 5119/1783
f 411/1780 5119/1783 6950/1734 6126/1733
f 412/1784 5487/1737 6950/1734 5119/1783
f 412/1784 5119/1783 6962/1782 3617/1785
f 412/1784 3617/1785 6959/1772 4989/1771
f 412/1784 4989/1771 6951/1738 5487/1737
f 413/1786 2281/1787 6923/1633 4639/1632
f 413/1786 4639/1632 6927/1629 3172/1767
f 413/1786 3172/1767 6958/1769 3488/1788
f 413/1786 3488/1788 6963/1789 2281/1787
f 414/1790 3218/1773 6959/1772 3489/1791
f 414/1790 3489/1791 6964/1792 4207/1793
f 414/1790 4207/1793 6963/1789 3488/1788
f 414/1790 3488/1788 6958/1769 3218/1773
f 415/1794 3617/1785 6962/1782 4079/1795
f 415/1794 4079/1795 6965/1796 3256/1797
f 415/1794 3256/1797 6964/1792 3489/1791
f 415/1794 3489/1791 6959/1772 3617/1785
f 416/1798 3175/1781 6961/1778 3963/1799
f 416/1798 3963/1799 6966/1800 3371/1801
f 416/1798 3371/1801 6965/1796 4079/1795
f 416/1798 4079/1795 6962/1782 3175/1781
f 417/1802 3193/1777 6960/1776 4131/1803
f 417/1802 4131/1803 6967/1804 3248/1805
f 417/1802 3248/1805 6966/1800 3963/1799
f 417/1802 3963/1799 6961/1778 3193/1777
f 418/1806 4751/1608 6923/1612 2281/1807
f 418/1806 2281/1807 6963/1808 5092/1809
f 418/1806 5092/1809 6953/1748 4007/1747
f 418/1806 4007/1747 6922/1609 4751/1608
f 419/1810 4949/1811 6954/1753 5638/1752
f 419/1810 5638/1752 6953/1748 5092/1809
f 419/1810 5092/1809 6963/1808 4207/1812
f 419/1810 4207/1812 6964/1813 4949/1811
f 420/1814 4636/1815 6955/1757 5406/1756
f 420/1814 5406/1756 6954/1753 4949/1811
f 420/1814 4949/1811 6964/1813 3256/1816
f 420/1814 3256/1816 6965/1817 4636/1815
f 421/1818 4626/1819 6956/1761 5160/1760
f 421/1818 5160/1760 6955/1757 4636/1815
f 421/1818 4636/1815 6965/1817 3371/1820
f 421/1818 3371/1820 6966/1821 4626/1819
f 422/1822 3857/1823 6957/1765 5177/1764
f 422/1822 5177/1764 6956/1761 4626/1819
f 422/1822 4626/1819 6966/1821 3248/1824
f 422/1822 3248/1824 6967/1825 3857/1823
f 423/1826 3201/1827 6968/1828 3327/1829
f 423/1826 3327/1829 6969/1830 3339/1831
f 423/1826 3339/1831 6970/1832 3035/1833
f 423/1826 3035/1833 6971/1834 3201/1827
f 424/1835 3339/1831 6969/1830 3217/1836
f 424/1835 3217/1836 6972/1837 5482/1838
f 424/1835 5482/1838 6973/1839 5269/1840
f 424/1835 5269/1840 6970/1832 3339/1831
f 425/1841 5762/1842 6974/1843 5234/1844
f 425/1841 5234/1844 6968/1828 3201/1827
f 425/1841 3201/1827 6971/1834 5486/1845
f 425/1841 5486/1845 6975/1846 5762/1842
f 426/1847 5481/1848 6976/1849 5696/1850
f 426/1847 5696/1850 6974/1843 5762/1842
f 426/1847 5762/1842 6975/1846 5431/1851
f 426/1847 5431/1851 6977/1852 5481/1848
f 427/1853 6053/1854 6978/1855 5420/1856
f 427/1853 5420/1856 6976/1849 5481/1848
f 427/1853 5481/1848 6977/1852 6252/1857
f 427/1853 6252/1857 6979/1858 6053/1854
f 428/1859 5694/1860 6980/1861 5556/1862
f 428/1859 5556/1862 6981/1863 5722/1864
f 428/1859 5722/1864 6982/1865 5615/1866
f 428/1859 5615/1866 6983/1867 5694/1860
f 429/1868 2916/1869 6983/1867 5615/1866
f 429/1868 5615/1866 6982/1865 5545/1870
f 429/1868 5545/1870 6984/1871 2991/1872
f 429/1868 2991/1872 6985/1873 2916/1869
f 430/1874 2954/1875 6985/1873 2991/1872
f 430/1874 2991/1872 6984/1871 2927/1876
f 430/1874 2927/1876 6986/1877 2757/1878
f 430/1874 2757/1878 6987/1879 2954/1875
f 431/1880 5556/1862 6980/1861 6112/1881
f 431/1880 6112/1881 6978/1855 6053/1854
f 431/1880 6053/1854 6979/1858 5501/1882
f 431/1880 5501/1882 6981/1863 5556/1862
f 432/1883 6272/1884 6988/1885 3597/1886
f 432/1883 3597/1886 6989/1887 4328/1888
f 432/1883 4328/1888 6971/1834 3035/1833
f 432/1883 3035/1833 6970/1832 6272/1884
f 433/1889 4550/1890 6990/1891 3677/1892
f 433/1889 3677/1892 6988/1885 6272/1884
f 433/1889 6272/1884 6970/1832 5269/1840
f 433/1889 5269/1840 6973/1839 4550/1890
f 434/1893 5004/1894 6977/1852 5431/1851
f 434/1893 5431/1851 6975/1846 4678/1895
f 434/1893 4678/1895 6991/1896 3758/1897
f 434/1893 3758/1897 6992/1898 5004/1894
f 435/1899 4328/1888 6989/1887 3584/1900
f 435/1899 3584/1900 6991/1896 4678/1895
f 435/1899 4678/1895 6975/1846 5486/1845
f 435/1899 5486/1845 6971/1834 4328/1888
f 436/1901 4755/1902 6979/1858 6252/1857
f 436/1901 6252/1857 6977/1852 5004/1894
f 436/1901 5004/1894 6992/1898 3747/1903
f 436/1901 3747/1903 6993/1904 4755/1902
f 437/1905 4933/1906 6981/1863 5501/1882
f 437/1905 5501/1882 6979/1858 4755/1902
f 437/1905 4755/1902 6993/1904 3728/1907
f 437/1905 3728/1907 6994/1908 4933/1906
f 438/1909 2927/1876 6984/1871 3457/1910
f 438/1909 3457/1910 6995/1911 3819/1912
f 438/1909 3819/1912 6996/1913 3347/1914
f 438/1909 3347/1914 6986/1877 2927/1876
f 439/1915 5545/1870 6982/1865 4762/1916
f 439/1915 4762/1916 6997/1917 3761/1918
f 439/1915 3761/1918 6995/1911 3457/1910
f 439/1915 3457/1910 6984/1871 5545/1870
f 440/1919 4762/1916 6982/1865 5722/1864
f 440/1919 5722/1864 6981/1863 4933/1906
f 440/1919 4933/1906 6994/1908 3843/1920
f 440/1919 3843/1920 6997/1917 4762/1916
f 441/1921 2606/1922 6997/1917 3843/1920
f 441/1921 3843/1920 6994/1908 3506/1923
f 441/1921 3506/1923 6998/1924 2858/1925
f 441/1921 2858/1925 6999/1926 2606/1922
f 442/1927 3548/1928 6995/1911 3761/1918
f 442/1927 3761/1918 6997/1917 2606/1922
f 442/1927 2606/1922 6999/1926 2688/1929
f 442/1927 2688/1929 7000/1930 3548/1928
f 443/1931 2888/1932 6996/1913 3819/1912
f 443/1931 3819/1912 6995/1911 3548/1928
f 443/1931 3548/1928 7000/1930 3056/1933
f 443/1931 3056/1933 7001/1934 2888/1932
f 444/1935 3506/1923 6994/1908 3728/1907
f 444/1935 3728/1907 6993/1904 3161/1936
f 444/1935 3161/1936 7002/1937 3043/1938
f 444/1935 3043/1938 6998/1924 3506/1923
f 445/1939 3161/1936 6993/1904 3747/1903
f 445/1939 3747/1903 6992/1898 3626/1940
f 445/1939 3626/1940 7003/1941 2756/1942
f 445/1939 2756/1942 7002/1937 3161/1936
f 446/1943 3550/1944 6991/1896 3584/1900
f 446/1943 3584/1900 6989/1887 3789/1945
f 446/1943 3789/1945 7004/1946 2411/1947
f 446/1943 2411/1947 7005/1948 3550/1944
f 447/1949 3626/1940 6992/1898 3758/1897
f 447/1949 3758/1897 6991/1896 3550/1944
f 447/1949 3550/1944 7005/1948 2542/1950
f 447/1949 2542/1950 7003/1941 3626/1940
f 448/1951 4731/1952 6988/1885 3677/1892
f 448/1951 3677/1892 6990/1891 4842/1953
f 448/1951 4842/1953 7006/1954 6180/1955
f 448/1951 6180/1955 7007/1956 4731/1952
f 449/1957 3789/1945 6989/1887 3597/1886
f 449/1957 3597/1886 6988/1885 4731/1952
f 449/1957 4731/1952 7007/1956 6015/1958
f 449/1957 6015/1958 7004/1946 3789/1945
f 450/1959 4298/1960 7008/1961 6157/1962
f 450/1959 6157/1962 7009/1963 4213/1964
f 450/1959 4213/1964 6929/1660 4928/1659
f 450/1959 4928/1659 6928/1658 4298/1960
f 451/1965 4213/1964 7009/1963 2325/1966
f 451/1965 2325/1966 7010/1967 5117/1968
f 451/1965 5117/1968 6938/1688 4353/1687
f 451/1965 4353/1687 6929/1660 4213/1964
f 452/1969 5117/1968 7010/1967 2321/1970
f 452/1969 2321/1970 7011/1971 4931/1972
f 452/1969 4931/1972 6943/1708 4944/1707
f 452/1969 4944/1707 6938/1688 5117/1968
f 453/1973 4931/1972 7011/1971 2362/1974
f 453/1973 2362/1974 7012/1975 5478/1976
f 453/1973 5478/1976 6948/1728 4732/1727
f 453/1973 4732/1727 6943/1708 4931/1972
f 454/1977 5912/1978 7008/1961 4298/1960
f 454/1977 4298/1960 6928/1658 3052/1763
f 454/1977 3052/1763 6957/1765 2546/1979
f 454/1977 2546/1979 7013/1980 5912/1978
f 455/1981 5478/1976 7012/1975 2866/1982
f 455/1981 2866/1982 7014/1983 2895/1984
f 455/1981 2895/1984 6960/1776 4614/1775
f 455/1981 4614/1775 6948/1728 5478/1976
f 456/1985 2895/1984 7014/1983 3125/1986
f 456/1985 3125/1986 7015/1987 2410/1988
f 456/1985 2410/1988 6967/1804 4131/1803
f 456/1985 4131/1803 6960/1776 2895/1984
f 457/1989 2904/1990 7013/1980 2546/1979
f 457/1989 2546/1979 6957/1765 3857/1823
f 457/1989 3857/1823 6967/1825 2410/1991
f 457/1989 2410/1991 7015/1992 2904/1990
f 458/1 2418/4 7016/3 2287/2
f 458/1 2287/2 7017/9 2430/8
f 458/1 2430/8 7018/7 2464/6
f 458/1 2464/6 7019/5 2418/4
f 459/10 2430/8 7017/9 2590/11
f 459/10 2590/11 7020/15 2221/14
f 459/10 2221/14 7021/13 2320/12
f 459/10 2320/12 7018/7 2430/8
f 460/16 6384/20 7022/19 3751/18
f 460/16 3751/18 7016/3 2418/4
f 460/16 2418/4 7019/5 3977/17
f 460/16 3977/17 7023/21 6384/20
f 461/22 6353/25 7024/24 6459/23
f 461/22 6459/23 7022/19 6384/20
f 461/22 6384/20 7023/21 2303/27
f 461/22 2303/27 7025/26 6353/25
f 462/28 6327/31 7026/30 6433/29
f 462/28 6433/29 7024/24 6353/25
f 462/28 6353/25 7025/26 2552/33
f 462/28 2552/33 7027/32 6327/31
f 463/34 6438/37 7028/36 6401/35
f 463/34 6401/35 7026/42 6327/41
f 463/34 6327/41 7027/40 6373/39
f 463/34 6373/39 7029/38 6438/37
f 464/43 6428/46 7030/45 6351/44
f 464/43 6351/44 7028/36 6438/37
f 464/43 6438/37 7029/38 6322/48
f 464/43 6322/48 7031/47 6428/46
f 465/1993 2492/1994 7032/1995 6342/1996
f 465/1993 6342/1996 7030/45 6428/46
f 465/1993 6428/46 7031/47 6335/124
f 465/1993 6335/124 7033/122 2492/1994
f 466/1997 2203/56 7034/57 2561/1998
f 466/1997 2561/1998 7032/1995 2492/1994
f 466/1997 2492/1994 7033/122 6458/116
f 466/1997 6458/116 7035/55 2203/56
f 467/49 6285/52 7036/51 2260/50
f 467/49 2260/50 7034/57 2203/56
f 467/49 2203/56 7035/55 6416/54
f 467/49 6416/54 7037/53 6285/52
f 468/58 2433/61 7038/60 6216/59
f 468/58 6216/59 7036/51 6285/52
f 468/58 6285/52 7037/53 2313/63
f 468/58 2313/63 7039/62 2433/61
f 469/64 2701/67 7040/66 2365/65
f 469/64 2365/65 7038/60 2433/61
f 469/64 2433/61 7039/62 2638/69
f 469/64 2638/69 7041/68 2701/67
f 470/70 3021/73 7042/72 2623/71
f 470/70 2623/71 7040/66 2701/67
f 470/70 2701/67 7041/68 2396/75
f 470/70 2396/75 7043/74 3021/73
f 471/76 4935/79 7044/78 3049/77
f 471/76 3049/77 7045/81 4922/80
f 471/76 4922/80 7021/13 2221/14
f 471/76 2221/14 7020/15 4935/79
f 472/82 3120/85 7046/84 2545/83
f 472/82 2545/83 7047/87 2451/86
f 472/82 2451/86 7045/81 3049/77
f 472/82 3049/77 7044/78 3120/85
f 473/88 2472/91 7048/90 2554/89
f 473/88 2554/89 7049/93 2460/92
f 473/88 2460/92 7047/87 2545/83
f 473/88 2545/83 7046/84 2472/91
f 474/94 2554/89 7048/90 2477/95
f 474/94 2477/95 7050/99 4226/98
f 474/94 4226/98 7051/97 4134/96
f 474/94 4134/96 7049/93 2554/89
f 475/100 3967/103 7052/102 2541/101
f 475/100 2541/101 7042/72 3021/73
f 475/100 3021/73 7043/74 2699/105
f 475/100 2699/105 7053/104 3967/103
f 476/106 4290/107 7052/102 3967/103
f 476/106 3967/103 7053/104 4165/108
f 476/106 4165/108 7051/97 4226/98
f 476/106 4226/98 7050/99 4290/107
f 477/109 6322/48 7029/38 5902/110
f 477/109 5902/110 7054/114 3880/113
f 477/109 3880/113 7055/112 5714/111
f 477/109 5714/111 7031/47 6322/48
f 478/115 5285/117 7035/55 6458/116
f 478/115 6458/116 7033/122 5241/121
f 478/115 5241/121 7056/120 2774/119
f 478/115 2774/119 7057/118 5285/117
f 479/1999 5241/121 7033/122 6335/124
f 479/1999 6335/124 7031/47 5714/111
f 479/1999 5714/111 7055/112 2792/125
f 479/1999 2792/125 7056/120 5241/121
f 480/126 6373/39 7027/40 4665/127
f 480/126 4665/127 7058/129 2574/128
f 480/126 2574/128 7054/114 5902/110
f 480/126 5902/110 7029/38 6373/39
f 481/130 2552/33 7025/26 4381/131
f 481/130 4381/131 7059/135 2743/134
f 481/130 2743/134 7058/133 4665/132
f 481/130 4665/132 7027/32 2552/33
f 482/136 2303/27 7023/21 4737/137
f 482/136 4737/137 7060/139 2873/138
f 482/136 2873/138 7059/135 4381/131
f 482/136 4381/131 7025/26 2303/27
f 483/140 3977/17 7019/5 6026/141
f 483/140 6026/141 7061/143 2983/142
f 483/140 2983/142 7060/139 4737/137
f 483/140 4737/137 7023/21 3977/17
f 484/144 2464/6 7018/7 6293/145
f 484/144 6293/145 7062/147 2828/146
f 484/144 2828/146 7061/143 6026/141
f 484/144 6026/141 7019/5 2464/6
f 485/148 2320/12 7021/13 6017/149
f 485/148 6017/149 7063/151 5880/150
f 485/148 5880/150 7062/147 6293/145
f 485/148 6293/145 7018/7 2320/12
f 486/152 4922/80 7045/81 3596/153
f 486/152 3596/153 7064/155 5995/154
f 486/152 5995/154 7063/151 6017/149
f 486/152 6017/149 7021/13 4922/80
f 487/156 2451/86 7047/87 3813/157
f 487/156 3813/157 7065/159 6078/158
f 487/156 6078/158 7064/155 3596/153
f 487/156 3596/153 7045/81 2451/86
f 488/160 2460/92 7049/93 2903/161
f 488/160 2903/161 7066/163 6347/162
f 488/160 6347/162 7065/159 3813/157
f 488/160 3813/157 7047/87 2460/92
f 489/164 4134/96 7051/97 2790/165
f 489/164 2790/165 7067/167 6305/166
f 489/164 6305/166 7066/163 2903/161
f 489/164 2903/161 7049/93 4134/96
f 490/168 4165/108 7053/104 2836/169
f 490/168 2836/169 7068/171 6058/170
f 490/168 6058/170 7067/167 2790/165
f 490/168 2790/165 7051/97 4165/108
f 491/172 2699/105 7043/74 3567/173
f 491/172 3567/173 7069/175 5746/174
f 491/172 5746/174 7068/171 2836/169
f 491/172 2836/169 7053/104 2699/105
f 492/176 2396/75 7041/68 3923/177
f 492/176 3923/177 7070/179 5906/178
f 492/176 5906/178 7069/175 3567/173
f 492/176 3567/173 7043/74 2396/75
f 493/180 2638/69 7039/62 4041/181
f 493/180 4041/181 7071/183 5765/182
f 493/180 5765/182 7070/179 3923/177
f 493/180 3923/177 7041/68 2638/69
f 494/184 2313/63 7037/53 4487/185
f 494/184 4487/185 7072/187 2995/186
f 494/184 2995/186 7071/183 4041/181
f 494/184 4041/181 7039/62 2313/63
f 495/188 4487/185 7037/53 6416/54
f 495/188 6416/54 7035/55 5285/117
f 495/188 5285/117 7057/118 6093/189
f 495/188 6093/189 7072/187 4487/185
f 496/190 5966/191 7064/155 6078/158
f 496/190 6078/158 7065/159 6347/162
f 496/190 6347/162 7066/163 6305/166
f 496/190 6305/166 7067/167 5966/191
f 497/192 2259/193 7064/155 5966/191
f 497/192 5966/191 7067/167 2704/197
f 497/192 2704/197 7073/196 3028/195
f 497/192 3028/195 7074/194 2259/193
f 498/198 6058/170 7068/171 2963/199
f 498/198 2963/199 7075/201 3113/200
f 498/198 3113/200 7073/196 2704/197
f 498/198 2704/197 7067/167 6058/170
f 499/202 5875/203 7068/171 5746/174
f 499/202 5746/174 7069/175 5906/178
f 499/202 5906/178 7070/179 5765/182
f 499/202 5765/182 7071/183 5875/203
f 500/204 3602/205 7075/201 2963/199
f 500/204 2963/199 7068/171 5875/203
f 500/204 5875/203 7071/183 3267/207
f 500/204 3267/207 7076/206 3602/205
f 501/208 2489/209 7063/151 5995/154
f 501/208 5995/154 7064/155 2259/193
f 501/208 2259/193 7074/194 2894/211
f 501/208 2894/211 7077/210 2489/209
f 502/212 2881/213 7060/139 2983/142
f 502/212 2983/142 7061/143 2828/146
f 502/212 2828/146 7062/147 5880/150
f 502/212 5880/150 7063/151 2881/213
f 503/214 2489/209 7077/210 3646/215
f 503/214 3646/215 7078/217 5924/216
f 503/214 5924/216 7060/139 2881/213
f 503/214 2881/213 7063/151 2489/209
f 504/2000 2995/186 7072/187 2994/219
f 504/2000 2994/219 7079/221 3757/220
f 504/2000 3757/220 7076/206 3267/207
f 504/2000 3267/207 7071/183 2995/186
f 505/222 5713/223 7059/135 2873/138
f 505/222 2873/138 7060/139 5924/216
f 505/222 5924/216 7078/217 4091/225
f 505/222 4091/225 7080/224 5713/223
f 506/226 3880/113 7054/114 2574/128
f 506/226 2574/128 7058/129 2981/227
f 506/226 2981/227 7056/120 2792/125
f 506/226 2792/125 7055/112 3880/113
f 507/228 5605/229 7056/120 2981/227
f 507/228 2981/227 7058/129 5573/233
f 507/228 5573/233 7081/232 4194/231
f 507/228 4194/231 7082/230 5605/229
f 508/234 5573/235 7058/133 2743/134
f 508/234 2743/134 7059/135 5713/223
f 508/234 5713/223 7080/224 4315/237
f 508/234 4315/237 7081/236 5573/235
f 509/238 5496/239 7057/118 2774/119
f 509/238 2774/119 7056/120 5605/229
f 509/238 5605/229 7082/230 3430/241
f 509/238 3430/241 7083/240 5496/239
f 510/242 6093/189 7057/118 5496/239
f 510/242 5496/239 7083/240 4235/243
f 510/242 4235/243 7079/221 2994/219
f 510/242 2994/219 7072/187 6093/189
f 511/244 3900/245 7078/217 3646/215
f 511/244 3646/215 7077/210 4285/249
f 511/244 4285/249 7084/248 3737/247
f 511/244 3737/247 7085/246 3900/245
f 512/250 4285/249 7077/210 2894/211
f 512/250 2894/211 7074/194 2263/253
f 512/250 2263/253 7086/252 3668/251
f 512/250 3668/251 7084/248 4285/249
f 513/254 3028/195 7073/196 2228/255
f 513/254 2228/255 7087/257 3344/256
f 513/254 3344/256 7086/252 2263/253
f 513/254 2263/253 7074/194 3028/195
f 514/258 3113/200 7075/201 4305/259
f 514/258 4305/259 7088/261 3333/260
f 514/258 3333/260 7087/257 2228/255
f 514/258 2228/255 7073/196 3113/200
f 515/262 2611/263 7080/224 4091/225
f 515/262 4091/225 7078/217 3900/245
f 515/262 3900/245 7085/246 3016/265
f 515/262 3016/265 7089/264 2611/263
f 516/266 2585/267 7081/236 4315/237
f 516/266 4315/237 7080/224 2611/263
f 516/266 2611/263 7089/264 5391/269
f 516/266 5391/269 7090/268 2585/267
f 517/270 3006/271 7082/230 4194/231
f 517/270 4194/231 7081/232 2585/275
f 517/270 2585/275 7090/274 5387/273
f 517/270 5387/273 7091/272 3006/271
f 518/276 2854/277 7083/240 3430/241
f 518/276 3430/241 7082/230 3006/271
f 518/276 3006/271 7091/272 5894/279
f 518/276 5894/279 7092/278 2854/277
f 519/280 2285/281 7079/221 4235/243
f 519/280 4235/243 7083/240 2854/277
f 519/280 2854/277 7092/278 5475/283
f 519/280 5475/283 7093/282 2285/281
f 520/284 2441/285 7076/206 3757/220
f 520/284 3757/220 7079/221 2285/281
f 520/284 2285/281 7093/282 5588/287
f 520/284 5588/287 7094/286 2441/285
f 521/288 3602/205 7076/206 2441/285
f 521/288 2441/285 7094/286 5739/289
f 521/288 5739/289 7088/261 4305/259
f 521/288 4305/259 7075/201 3602/205
f 522/290 5894/279 7091/272 5550/291
f 522/290 5550/291 7095/295 6374/294
f 522/290 6374/294 7096/293 5568/292
f 522/290 5568/292 7092/278 5894/279
f 523/296 5475/283 7092/278 5568/292
f 523/296 5568/292 7096/293 5547/299
f 523/296 5547/299 7097/298 6288/297
f 523/296 6288/297 7093/282 5475/283
f 524/300 5588/287 7093/282 6288/297
f 524/300 6288/297 7097/298 5561/303
f 524/300 5561/303 7098/302 6304/301
f 524/300 6304/301 7094/286 5588/287
f 525/304 5739/289 7094/286 6304/301
f 525/304 6304/301 7098/302 5773/307
f 525/304 5773/307 7099/306 6086/305
f 525/304 6086/305 7088/261 5739/289
f 526/308 3333/260 7088/261 6086/305
f 526/308 6086/305 7099/306 5777/311
f 526/308 5777/311 7100/310 2483/309
f 526/308 2483/309 7087/257 3333/260
f 527/312 2256/313 7085/246 3737/247
f 527/312 3737/247 7084/248 2662/317
f 527/312 2662/317 7101/316 5229/315
f 527/312 5229/315 7102/314 2256/313
f 528/318 2662/317 7084/248 3668/251
f 528/318 3668/251 7086/252 2209/321
f 528/318 2209/321 7103/320 5261/319
f 528/318 5261/319 7101/316 2662/317
f 529/322 2209/321 7086/252 3344/256
f 529/322 3344/256 7087/257 2483/309
f 529/322 2483/309 7100/310 5462/323
f 529/322 5462/323 7103/320 2209/321
f 530/324 6340/325 7089/264 3016/265
f 530/324 3016/265 7085/246 2256/313
f 530/324 2256/313 7102/314 5316/327
f 530/324 5316/327 7104/326 6340/325
f 531/328 2336/329 7090/268 5391/269
f 531/328 5391/269 7089/264 6340/325
f 531/328 6340/325 7104/326 3532/331
f 531/328 3532/331 7105/330 2336/329
f 532/332 5387/273 7090/274 2336/333
f 532/332 2336/333 7105/335 2773/334
f 532/332 2773/334 7095/295 5550/291
f 532/332 5550/291 7091/272 5387/273
f 533/336 3426/339 7106/338 3579/337
f 533/336 3579/337 7107/344 3601/343
f 533/336 3601/343 7108/342 4104/341
f 533/336 4104/341 7109/340 3426/339
f 534/345 3496/348 7110/347 4172/346
f 534/345 4172/346 7111/350 3389/349
f 534/345 3389/349 7107/344 3579/337
f 534/345 3579/337 7106/338 3496/348
f 535/351 4090/354 7112/353 3670/352
f 535/351 3670/352 7113/356 3583/355
f 535/351 3583/355 7111/350 4172/346
f 535/351 4172/346 7110/347 4090/354
f 536/357 3583/355 7113/356 3809/358
f 536/357 3809/358 7114/362 5020/361
f 536/357 5020/361 7115/360 3726/359
f 536/357 3726/359 7111/350 3583/355
f 537/363 3389/349 7111/350 3726/359
f 537/363 3726/359 7115/360 5025/366
f 537/363 5025/366 7116/365 4100/364
f 537/363 4100/364 7107/344 3389/349
f 538/367 3601/343 7107/344 4100/364
f 538/367 4100/364 7116/365 5304/370
f 538/367 5304/370 7117/369 3612/368
f 538/367 3612/368 7108/342 3601/343
f 539/371 5462/323 7100/310 2374/372
f 539/371 2374/372 7117/369 5304/370
f 539/371 5304/370 7116/365 3922/2001
f 539/371 3922/2001 7103/320 5462/323
f 540/374 5261/319 7103/320 3922/2001
f 540/374 3922/2001 7116/365 5025/366
f 540/374 5025/366 7115/360 3956/375
f 540/374 3956/375 7101/316 5261/319
f 541/376 5229/315 7101/316 3956/375
f 541/376 3956/375 7115/360 5020/361
f 541/376 5020/361 7114/362 3861/377
f 541/376 3861/377 7102/314 5229/315
f 542/378 4274/379 7104/326 5316/327
f 542/378 5316/327 7102/314 3861/377
f 542/378 3861/377 7114/362 5199/381
f 542/378 5199/381 7118/380 4274/379
f 543/382 3809/358 7113/356 3491/383
f 543/382 3491/383 7119/385 4943/384
f 543/382 4943/384 7118/380 5199/381
f 543/382 5199/381 7114/362 3809/358
f 544/386 3670/352 7112/353 3505/387
f 544/386 3505/387 7120/389 4929/388
f 544/386 4929/388 7119/385 3491/383
f 544/386 3491/383 7113/356 3670/352
f 545/390 2942/391 7109/340 4104/341
f 545/390 4104/341 7108/342 3778/395
f 545/390 3778/395 7121/394 5937/393
f 545/390 5937/393 7122/392 2942/391
f 546/396 3778/395 7108/342 3612/368
f 546/396 3612/368 7117/369 5518/399
f 546/396 5518/399 7123/398 6006/397
f 546/396 6006/397 7121/394 3778/395
f 547/400 5777/311 7099/306 4060/401
f 547/400 4060/401 7123/398 5518/399
f 547/400 5518/399 7117/369 2374/372
f 547/400 2374/372 7100/310 5777/311
f 548/402 6051/403 7122/392 5937/393
f 548/402 5937/393 7121/394 6073/407
f 548/402 6073/407 7124/406 6415/405
f 548/402 6415/405 7125/404 6051/403
f 549/408 6073/407 7121/394 6006/397
f 549/408 6006/397 7123/398 6432/411
f 549/408 6432/411 7126/410 5962/409
f 549/408 5962/409 7124/406 6073/407
f 550/412 5773/307 7098/302 3845/413
f 550/412 3845/413 7126/410 6432/411
f 550/412 6432/411 7123/398 4060/401
f 550/412 4060/401 7099/306 5773/307
f 551/414 6115/415 7125/404 6415/405
f 551/414 6415/405 7124/406 6033/419
f 551/414 6033/419 7127/418 5994/417
f 551/414 5994/417 7128/416 6115/415
f 552/420 6033/419 7124/406 5962/409
f 552/420 5962/409 7126/410 6004/423
f 552/420 6004/423 7129/422 5939/421
f 552/420 5939/421 7127/418 6033/419
f 553/424 5561/303 7097/298 4114/425
f 553/424 4114/425 7129/422 6004/423
f 553/424 6004/423 7126/410 3845/413
f 553/424 3845/413 7098/302 5561/303
f 554/426 4921/427 7128/416 5994/417
f 554/426 5994/417 7127/418 5871/431
f 554/426 5871/431 7130/430 5019/429
f 554/426 5019/429 7131/428 4921/427
f 555/432 5871/431 7127/418 5939/421
f 555/432 5939/421 7129/422 4942/435
f 555/432 4942/435 7132/434 4957/433
f 555/432 4957/433 7130/430 5871/431
f 556/436 5547/299 7096/293 3321/437
f 556/436 3321/437 7132/434 4942/435
f 556/436 4942/435 7129/422 4114/425
f 556/436 4114/425 7097/298 5547/299
f 557/438 4900/439 7131/428 5019/429
f 557/438 5019/429 7130/430 4884/443
f 557/438 4884/443 7133/442 5121/441
f 557/438 5121/441 7134/440 4900/439
f 558/444 4884/443 7130/430 4957/433
f 558/444 4957/433 7132/434 5097/447
f 558/444 5097/447 7135/446 5017/445
f 558/444 5017/445 7133/442 4884/443
f 559/448 6374/294 7095/295 3662/449
f 559/448 3662/449 7135/446 5097/447
f 559/448 5097/447 7132/434 3321/437
f 559/448 3321/437 7096/293 6374/294
f 560/450 4863/451 7134/440 5121/441
f 560/450 5121/441 7133/442 4958/455
f 560/450 4958/455 7136/454 4700/453
f 560/450 4700/453 7137/452 4863/451
f 561/456 4958/455 7133/442 5017/445
f 561/456 5017/445 7135/446 3932/459
f 561/456 3932/459 7138/458 3966/457
f 561/456 3966/457 7136/454 4958/455
f 562/460 2773/334 7105/335 5724/461
f 562/460 5724/461 7138/458 3932/459
f 562/460 3932/459 7135/446 3662/449
f 562/460 3662/449 7095/295 2773/334
f 563/462 5724/463 7105/330 3532/331
f 563/462 3532/331 7104/326 4274/379
f 563/462 4274/379 7118/380 2535/465
f 563/462 2535/465 7138/464 5724/463
f 564/466 4943/384 7119/385 5936/467
f 564/466 5936/467 7136/469 3966/468
f 564/466 3966/468 7138/464 2535/465
f 564/466 2535/465 7118/380 4943/384
f 565/470 4929/388 7120/389 5926/471
f 565/470 5926/471 7137/473 4700/472
f 565/470 4700/472 7136/469 5936/467
f 565/470 5936/467 7119/385 4929/388
f 566/474 4241/475 7137/473 5926/471
f 566/474 5926/471 7120/389 2597/479
f 566/474 2597/479 7139/2002 4116/477
f 566/474 4116/477 7140/476 4241/475
f 567/480 2597/479 7120/389 3505/387
f 567/480 3505/387 7112/353 6359/483
f 567/480 6359/483 7141/482 4197/481
f 567/480 4197/481 7139/2002 2597/479
f 568/484 6359/483 7112/353 4090/354
f 568/484 4090/354 7110/347 6364/487
f 568/484 6364/487 7142/486 4643/485
f 568/484 4643/485 7141/482 6359/483
f 569/488 6364/487 7110/347 3496/348
f 569/488 3496/348 7106/338 5612/491
f 569/488 5612/491 7143/490 4802/489
f 569/488 4802/489 7142/486 6364/487
f 570/492 5612/491 7106/338 3426/339
f 570/492 3426/339 7109/340 6187/495
f 570/492 6187/495 7144/494 4642/493
f 570/492 4642/493 7143/490 5612/491
f 571/496 6187/495 7109/340 2942/391
f 571/496 2942/391 7122/392 3200/499
f 571/496 3200/499 7145/498 4540/497
f 571/496 4540/497 7144/494 6187/495
f 572/500 3200/499 7122/392 6051/403
f 572/500 6051/403 7125/404 2559/503
f 572/500 2559/503 7146/502 5209/501
f 572/500 5209/501 7145/498 3200/499
f 573/504 2559/503 7125/404 6115/415
f 573/504 6115/415 7128/416 3838/507
f 573/504 3838/507 7147/506 5240/505
f 573/504 5240/505 7146/502 2559/503
f 574/508 4921/427 7131/428 4265/509
f 574/508 4265/509 7148/511 4463/510
f 574/508 4463/510 7147/506 3838/507
f 574/508 3838/507 7128/416 4921/427
f 575/512 4900/439 7134/440 3525/513
f 575/512 3525/513 7149/515 4479/514
f 575/512 4479/514 7148/511 4265/509
f 575/512 4265/509 7131/428 4900/439
f 576/516 3525/513 7134/440 4863/451
f 576/516 4863/451 7137/452 4241/519
f 576/516 4241/519 7140/518 3611/517
f 576/516 3611/517 7149/515 3525/513
f 577/520 5240/505 7147/506 4595/521
f 577/520 4595/521 7150/525 4375/524
f 577/520 4375/524 7151/523 5095/522
f 577/520 5095/522 7146/502 5240/505
f 578/526 4463/510 7148/511 4597/527
f 578/526 4597/527 7152/529 4436/528
f 578/526 4436/528 7150/525 4595/521
f 578/526 4595/521 7147/506 4463/510
f 579/530 4479/514 7149/515 4578/531
f 579/530 4578/531 7153/533 4347/532
f 579/530 4347/532 7152/529 4597/527
f 579/530 4597/527 7148/511 4479/514
f 580/534 3611/517 7140/518 3290/535
f 580/534 3290/535 7154/537 4332/536
f 580/534 4332/536 7153/533 4578/531
f 580/534 4578/531 7149/515 3611/517
f 581/2003 5209/501 7146/502 5095/522
f 581/2003 5095/522 7151/523 6251/541
f 581/2003 6251/541 7155/540 5683/539
f 581/2003 5683/539 7145/498 5209/501
f 582/542 4540/497 7145/498 5683/539
f 582/542 5683/539 7155/540 4554/545
f 582/542 4554/545 7156/544 5695/543
f 582/542 5695/543 7144/494 4540/497
f 583/546 4642/493 7144/494 5695/543
f 583/546 5695/543 7156/544 4415/549
f 583/546 4415/549 7157/548 5461/547
f 583/546 5461/547 7143/490 4642/493
f 584/2004 4802/489 7143/490 5461/547
f 584/2004 5461/547 7157/548 4784/553
f 584/2004 4784/553 7158/552 5447/551
f 584/2004 5447/551 7142/486 4802/489
f 585/554 4643/485 7142/486 5447/551
f 585/554 5447/551 7158/552 4409/557
f 585/554 4409/557 7159/556 5719/555
f 585/554 5719/555 7141/482 4643/485
f 586/558 4197/481 7141/482 5719/555
f 586/558 5719/555 7159/556 4524/561
f 586/558 4524/561 7160/560 2958/559
f 586/558 2958/559 7139/2002 4197/481
f 587/562 4116/477 7139/2002 2958/559
f 587/562 2958/559 7160/560 4646/565
f 587/562 4646/565 7154/564 3290/563
f 587/562 3290/563 7140/476 4116/477
f 588/566 4332/536 7154/537 4718/567
f 588/566 4718/567 7161/571 5283/570
f 588/566 5283/570 7162/569 5888/568
f 588/566 5888/568 7153/533 4332/536
f 589/572 4347/532 7153/533 5888/568
f 589/572 5888/568 7162/569 4459/575
f 589/572 4459/575 7163/574 5795/573
f 589/572 5795/573 7152/529 4347/532
f 590/576 4646/565 7160/560 4417/577
f 590/576 4417/577 7164/581 4374/580
f 590/576 4374/580 7161/579 4718/578
f 590/576 4718/578 7154/564 4646/565
f 591/582 4524/561 7159/556 5128/583
f 591/582 5128/583 7165/585 4811/584
f 591/582 4811/584 7164/581 4417/577
f 591/582 4417/577 7160/560 4524/561
f 592/586 4409/557 7158/552 5245/587
f 592/586 5245/587 7166/589 4684/588
f 592/586 4684/588 7165/585 5128/583
f 592/586 5128/583 7159/556 4409/557
f 593/590 4784/553 7157/548 4909/591
f 593/590 4909/591 7167/593 4566/592
f 593/590 4566/592 7166/589 5245/587
f 593/590 5245/587 7158/552 4784/553
f 594/2005 4415/549 7156/544 5233/595
f 594/2005 5233/595 7168/597 4164/596
f 594/2005 4164/596 7167/593 4909/591
f 594/2005 4909/591 7157/548 4415/549
f 595/598 4554/545 7155/540 5127/599
f 595/598 5127/599 7169/601 4288/600
f 595/598 4288/600 7168/597 5233/595
f 595/598 5233/595 7156/544 4554/545
f 596/602 6251/541 7151/523 5507/603
f 596/602 5507/603 7170/605 4044/604
f 596/602 4044/604 7169/601 5127/599
f 596/602 5127/599 7155/540 6251/541
f 597/606 4375/524 7150/525 2990/607
f 597/606 2990/607 7171/609 4574/608
f 597/606 4574/608 7170/605 5507/603
f 597/606 5507/603 7151/523 4375/524
f 598/610 4436/528 7152/529 5795/573
f 598/610 5795/573 7163/574 3985/611
f 598/610 3985/611 7171/609 2990/607
f 598/610 2990/607 7150/525 4436/528
f 599/612 5283/570 7161/571 3797/613
f 599/612 3797/613 7172/617 4601/616
f 599/612 4601/616 7173/615 3842/614
f 599/612 3842/614 7162/569 5283/570
f 600/618 4459/575 7162/569 3842/614
f 600/618 3842/614 7173/615 5045/621
f 600/618 5045/621 7174/620 3825/619
f 600/618 3825/619 7163/574 4459/575
f 601/622 4374/580 7164/581 3855/623
f 601/622 3855/623 7175/627 4491/626
f 601/622 4491/626 7172/625 3797/624
f 601/622 3797/624 7161/579 4374/580
f 602/628 4811/584 7165/585 3981/629
f 602/628 3981/629 7176/631 5307/630
f 602/628 5307/630 7175/627 3855/623
f 602/628 3855/623 7164/581 4811/584
f 603/632 4684/588 7166/589 3884/633
f 603/632 3884/633 7177/635 5191/634
f 603/632 5191/634 7176/631 3981/629
f 603/632 3981/629 7165/585 4684/588
f 604/636 4566/592 7167/593 4799/637
f 604/636 4799/637 7178/639 5081/638
f 604/636 5081/638 7177/635 3884/633
f 604/636 3884/633 7166/589 4566/592
f 605/640 4164/596 7168/597 4961/641
f 605/640 4961/641 7179/643 4699/642
f 605/640 4699/642 7178/639 4799/637
f 605/640 4799/637 7167/593 4164/596
f 606/644 4288/600 7169/601 4987/645
f 606/644 4987/645 7180/647 4705/646
f 606/644 4705/646 7179/643 4961/641
f 606/644 4961/641 7168/597 4288/600
f 607/648 4044/604 7170/605 5244/649
f 607/648 5244/649 7181/651 6038/650
f 607/648 6038/650 7180/647 4987/645
f 607/648 4987/645 7169/601 4044/604
f 608/652 4574/608 7171/609 5257/653
f 608/652 5257/653 7182/655 6050/654
f 608/652 6050/654 7181/651 5244/649
f 608/652 5244/649 7170/605 4574/608
f 609/656 3985/611 7163/574 3825/619
f 609/656 3825/619 7174/620 4448/657
f 609/656 4448/657 7182/655 5257/653
f 609/656 5257/653 7171/609 3985/611
f 610/658 4601/616 7172/617 5167/659
f 610/658 5167/659 7183/663 5932/662
f 610/658 5932/662 7184/661 4620/660
f 610/658 4620/660 7173/615 4601/616
f 611/664 5045/621 7173/615 4620/660
f 611/664 4620/660 7184/661 5917/667
f 611/664 5917/667 7185/666 4605/665
f 611/664 4605/665 7174/620 5045/621
f 612/668 4491/626 7175/627 4600/669
f 612/668 4600/669 7186/673 6056/672
f 612/668 6056/672 7183/671 5167/670
f 612/668 5167/670 7172/625 4491/626
f 613/674 5307/630 7176/631 4584/675
f 613/674 4584/675 7187/677 5890/676
f 613/674 5890/676 7186/673 4600/669
f 613/674 4600/669 7175/627 5307/630
f 614/678 5191/634 7177/635 6146/679
f 614/678 6146/679 7188/681 4955/680
f 614/678 4955/680 7187/677 4584/675
f 614/678 4584/675 7176/631 5191/634
f 615/682 5081/638 7178/639 6386/683
f 615/682 6386/683 7189/685 5071/684
f 615/682 5071/684 7188/681 6146/679
f 615/682 6146/679 7177/635 5081/638
f 616/686 4699/642 7179/643 6225/687
f 616/686 6225/687 7190/689 4920/688
f 616/686 4920/688 7189/685 6386/683
f 616/686 6386/683 7178/639 4699/642
f 617/690 4705/646 7180/647 4506/691
f 617/690 4506/691 7191/693 5323/692
f 617/690 5323/692 7190/689 6225/687
f 617/690 6225/687 7179/643 4705/646
f 618/694 6038/650 7181/651 4645/695
f 618/694 4645/695 7192/697 4919/696
f 618/694 4919/696 7191/693 4506/691
f 618/694 4506/691 7180/647 6038/650
f 619/2006 6050/654 7182/655 4730/699
f 619/2006 4730/699 7193/701 5011/700
f 619/2006 5011/700 7192/697 4645/695
f 619/2006 4645/695 7181/651 6050/654
f 620/702 4448/657 7174/620 4605/665
f 620/702 4605/665 7185/666 4496/703
f 620/702 4496/703 7193/701 4730/699
f 620/702 4730/699 7182/655 4448/657
f 621/704 3170/707 6688/706 5909/705
f 621/704 5909/705 6691/712 2817/711
f 621/704 2817/711 7194/710 3659/709
f 621/704 3659/709 7195/708 3170/707
f 622/713 5181/716 6692/715 2448/714
f 622/713 2448/714 7196/721 4118/720
f 622/713 4118/720 7197/719 2540/2007
f 622/713 2540/2007 6693/717 5181/716
f 623/722 4158/725 7198/724 3793/723
f 623/722 3793/723 7195/708 3659/709
f 623/722 3659/709 7194/710 3944/727
f 623/722 3944/727 7199/726 4158/725
f 624/728 4000/729 7198/724 4158/725
f 624/728 4158/725 7199/726 3993/733
f 624/728 3993/733 7200/732 3606/731
f 624/728 3606/731 7201/730 4000/729
f 625/734 3592/735 7201/730 3606/731
f 625/734 3606/731 7200/732 3683/739
f 625/734 3683/739 7202/738 3516/737
f 625/734 3516/737 7203/736 3592/735
f 626/740 5195/741 7203/736 3516/737
f 626/740 3516/737 7202/738 5031/745
f 626/740 5031/745 7204/744 5123/743
f 626/740 5123/743 7205/742 5195/741
f 627/2008 5096/747 7205/742 5123/743
f 627/2008 5123/743 7204/744 5315/751
f 627/2008 5315/751 7206/750 5565/749
f 627/2008 5565/749 7207/748 5096/747
f 628/752 5618/753 7207/748 5565/749
f 628/752 5565/749 7206/750 5624/757
f 628/752 5624/757 7208/756 5835/755
f 628/752 5835/755 7209/754 5618/753
f 629/758 5653/759 7209/754 5835/755
f 629/758 5835/755 7208/756 5631/763
f 629/758 5631/763 7210/762 5474/761
f 629/758 5474/761 7211/760 5653/759
f 630/764 4489/765 7211/760 5474/761
f 630/764 5474/761 7210/762 4511/766
f 630/764 4511/766 7197/719 4118/720
f 630/764 4118/720 7196/721 4489/765
f 631/767 5502/770 6710/769 3976/768
f 631/767 3976/768 7212/775 6281/774
f 631/767 6281/774 7213/773 4124/772
f 631/767 4124/772 6711/771 5502/770
f 632/776 4239/777 6711/771 4124/772
f 632/776 4124/772 7213/773 4860/778
f 632/776 4860/778 7194/710 2817/711
f 632/776 2817/711 6691/712 4239/777
f 633/779 6281/774 7212/775 6211/780
f 633/779 6211/780 7214/784 5397/783
f 633/779 5397/783 7215/2009 5472/781
f 633/779 5472/781 7213/773 6281/774
f 634/785 5165/2010 7199/726 3944/727
f 634/785 3944/727 7194/710 4860/778
f 634/785 4860/778 7213/773 5472/781
f 634/785 5472/781 7215/2009 5165/2010
f 635/787 4486/788 7200/732 3993/733
f 635/787 3993/733 7199/726 5165/2010
f 635/787 5165/2010 7215/2009 5383/790
f 635/787 5383/790 7216/789 4486/788
f 636/791 5397/783 7214/784 5776/2011
f 636/791 5776/2011 7217/794 5372/793
f 636/791 5372/793 7216/789 5383/790
f 636/791 5383/790 7215/2009 5397/783
f 637/795 2540/2007 7197/719 4859/796
f 637/795 4859/796 7218/800 3226/799
f 637/795 3226/799 6718/798 3753/797
f 637/795 3753/797 6693/717 2540/2007
f 638/807 3453/810 7220/809 5693/808
f 638/807 5693/808 6725/815 3551/814
f 638/807 3551/814 6724/813 5595/812
f 638/807 5595/812 7221/811 3453/810
f 639/816 3319/819 7222/818 3734/817
f 639/816 3734/817 7223/824 3403/823
f 639/816 3403/823 7224/822 3413/821
f 639/816 3413/821 7225/820 3319/819
f 640/825 3734/817 7222/818 3238/826
f 640/825 3238/826 7220/809 3453/810
f 640/825 3453/810 7221/811 3251/827
f 640/825 3251/827 7223/824 3734/817
f 641/828 3591/831 7226/830 4174/829
f 641/828 4174/829 7227/833 3335/832
f 641/828 3335/832 7223/824 3251/827
f 641/828 3251/827 7221/811 3591/831
f 642/834 3473/837 7228/836 4284/835
f 642/834 4284/835 7224/822 3403/823
f 642/834 3403/823 7223/824 3335/832
f 642/834 3335/832 7227/833 3473/837
f 643/838 5878/839 7226/830 3591/831
f 643/838 3591/831 7221/811 5595/812
f 643/838 5595/812 6724/813 4065/841
f 643/838 4065/841 6733/840 5878/839
f 644/842 4635/843 7227/833 4174/829
f 644/842 4174/829 7226/830 5878/839
f 644/842 5878/839 6733/840 3704/845
f 644/842 3704/845 6734/844 4635/843
f 645/846 3623/847 7228/836 3473/837
f 645/846 3473/837 7227/833 4635/843
f 645/846 4635/843 6734/844 4772/849
f 645/846 4772/849 7229/848 3623/847
f 646/850 4772/849 6734/844 2891/851
f 646/850 2891/851 6737/855 5189/854
f 646/850 5189/854 7230/853 3775/852
f 646/850 3775/852 7229/848 4772/849
f 647/856 3622/857 7230/853 5189/854
f 647/856 5189/854 6737/855 2781/861
f 647/856 2781/861 6739/860 5036/859
f 647/856 5036/859 7231/858 3622/857
f 648/862 2811/865 6740/864 4494/863
f 648/862 4494/863 7232/870 3472/869
f 648/862 3472/869 7231/868 5036/867
f 648/862 5036/867 6739/866 2811/865
f 649/871 5908/874 6742/873 4715/872
f 649/871 4715/872 7233/876 2976/875
f 649/871 2976/875 7232/870 4494/863
f 649/871 4494/863 6740/864 5908/874
f 650/877 5899/880 6744/879 4444/878
f 650/877 4444/878 7234/882 2970/881
f 650/877 2970/881 7233/876 4715/872
f 650/877 4715/872 6742/873 5899/880
f 651/883 5973/886 6746/885 4282/884
f 651/883 4282/884 7235/888 3008/2012
f 651/883 3008/2012 7234/882 4444/878
f 651/883 4444/878 6744/879 5973/886
f 652/889 5644/890 7235/888 4282/884
f 652/889 4282/884 6746/885 5872/894
f 652/889 5872/894 6749/893 4406/892
f 652/889 4406/892 7236/891 5644/890
f 653/895 2946/898 6750/897 4581/896
f 653/895 4581/896 7237/900 5819/899
f 653/895 5819/899 7236/891 4406/892
f 653/895 4406/892 6749/893 2946/898
f 654/901 3162/904 6752/903 4520/902
f 654/901 4520/902 7238/906 5690/2013
f 654/901 5690/2013 7237/900 4581/896
f 654/901 4581/896 6750/897 3162/904
f 655/2014 4511/766 7210/762 3658/911
f 655/2014 3658/911 7239/913 4157/912
f 655/2014 4157/912 7218/800 4859/796
f 655/2014 4859/796 7197/719 4511/766
f 656/914 6209/915 7238/906 4441/908
f 656/914 4441/908 7219/805 4571/919
f 656/914 4571/919 7240/918 6378/917
f 656/914 6378/917 7241/916 6209/915
f 657/920 4571/919 7219/805 5351/806
f 657/920 5351/806 7218/800 4157/912
f 657/920 4157/912 7239/913 6224/921
f 657/920 6224/921 7240/918 4571/919
f 658/922 3008/2012 7235/888 5527/923
f 658/922 5527/923 7242/927 6019/926
f 658/922 6019/926 7243/925 5637/924
f 658/922 5637/924 7234/882 3008/2012
f 659/2015 6019/926 7242/927 5680/929
f 659/2015 5680/929 7244/933 5778/932
f 659/2015 5778/932 7245/2016 5845/930
f 659/2015 5845/930 7243/925 6019/926
f 660/934 6295/935 7237/900 5690/2013
f 660/934 5690/2013 7238/906 6209/915
f 660/934 6209/915 7241/916 5718/937
f 660/934 5718/937 7246/936 6295/935
f 661/938 5819/899 7237/900 6295/935
f 661/938 6295/935 7246/936 2753/941
f 661/938 2753/941 7247/940 6190/2017
f 661/938 6190/2017 7236/891 5819/899
f 662/2018 5644/890 7236/891 6190/2017
f 662/2018 6190/2017 7247/940 5855/943
f 662/2018 5855/943 7242/927 5527/923
f 662/2018 5527/923 7235/888 5644/890
f 663/944 5631/763 7208/756 3867/945
f 663/944 3867/945 7248/947 5497/946
f 663/944 5497/946 7239/913 3658/911
f 663/944 3658/911 7210/762 5631/763
f 664/2019 5624/757 7206/750 4059/2020
f 664/2019 4059/2020 7249/951 2713/950
f 664/2019 2713/950 7248/947 3867/945
f 664/2019 3867/945 7208/756 5624/757
f 665/952 5315/751 7204/744 6412/953
f 665/952 6412/953 7250/955 2707/954
f 665/952 2707/954 7249/951 4059/2020
f 665/952 4059/2020 7206/750 5315/751
f 666/956 5031/745 7202/738 2513/957
f 666/956 2513/957 7251/959 2833/958
f 666/956 2833/958 7250/955 6412/953
f 666/956 6412/953 7204/744 5031/745
f 667/960 3683/739 7200/732 2624/961
f 667/960 2624/961 7252/963 2665/962
f 667/960 2665/962 7251/959 2513/957
f 667/960 2513/957 7202/738 3683/739
f 668/964 4486/788 7216/789 3013/965
f 668/964 3013/965 7253/967 3874/2021
f 668/964 3874/2021 7252/963 2624/961
f 668/964 2624/961 7200/732 4486/788
f 669/968 5372/793 7217/794 2969/969
f 669/968 2969/969 7254/971 3992/970
f 669/968 3992/970 7253/967 3013/965
f 669/968 3013/965 7216/789 5372/793
f 670/972 3413/821 7224/822 5717/973
f 670/972 5717/973 7255/977 4216/976
f 670/972 4216/976 7256/975 6064/974
f 670/972 6064/974 7225/820 3413/821
f 671/978 4284/835 7228/836 5935/979
f 671/978 5935/979 7257/981 3889/980
f 671/978 3889/980 7255/977 5717/973
f 671/978 5717/973 7224/822 4284/835
f 672/982 4993/983 7244/933 5680/929
f 672/982 5680/929 7242/927 5855/943
f 672/982 5855/943 7247/940 3732/2022
f 672/982 3732/2022 7258/2023 4993/983
f 673/986 3732/2022 7247/940 2753/941
f 673/986 2753/941 7246/936 3577/989
f 673/986 3577/989 7259/988 2568/987
f 673/986 2568/987 7258/2023 3732/2022
f 674/990 3577/989 7246/936 5718/937
f 674/990 5718/937 7241/916 5078/993
f 674/990 5078/993 7260/992 2516/991
f 674/990 2516/991 7259/988 3577/989
f 675/994 5078/993 7241/916 6378/917
f 675/994 6378/917 7240/918 4461/997
f 675/994 4461/997 7261/996 2964/995
f 675/994 2964/995 7260/992 5078/993
f 676/998 4461/997 7240/918 6224/921
f 676/998 6224/921 7239/913 5497/946
f 676/998 5497/946 7248/947 4032/999
f 676/998 4032/999 7261/996 4461/997
f 677/1000 2713/950 7249/951 4068/1001
f 677/1000 4068/1001 7262/1003 3115/1002
f 677/1000 3115/1002 7261/996 4032/999
f 677/1000 4032/999 7248/947 2713/950
f 678/1004 2789/1005 7260/992 2964/995
f 678/1004 2964/995 7261/996 3115/1002
f 678/1004 3115/1002 7262/1003 3230/1007
f 678/1004 3230/1007 7263/1006 2789/1005
f 679/1008 2810/1009 7259/988 2516/991
f 679/1008 2516/991 7260/992 2789/1005
f 679/1008 2789/1005 7263/1006 3094/2024
f 679/1008 3094/2024 7264/1010 2810/1009
f 680/1012 3024/1013 7258/2023 2568/987
f 680/1012 2568/987 7259/988 2810/1009
f 680/1012 2810/1009 7264/1010 2422/1015
f 680/1012 2422/1015 7265/1014 3024/1013
f 681/1016 4466/1017 7244/933 4993/983
f 681/1016 4993/983 7258/2023 3024/1013
f 681/1016 3024/1013 7265/1014 2415/1019
f 681/1016 2415/1019 7266/1018 4466/1017
f 682/1020 4271/1021 7245/2016 5778/932
f 682/1020 5778/932 7244/933 4466/1017
f 682/1020 4466/1017 7266/1018 2459/1023
f 682/1020 2459/1023 7267/1022 4271/1021
f 683/1024 2833/958 7251/959 3739/1025
f 683/1024 3739/1025 7268/1029 6215/1028
f 683/1024 6215/1028 7269/1027 4791/1026
f 683/1024 4791/1026 7250/955 2833/958
f 684/1030 2707/954 7250/955 4791/1026
f 684/1030 4791/1026 7269/1027 5737/1031
f 684/1030 5737/1031 7262/1003 4068/1001
f 684/1030 4068/1001 7249/951 2707/954
f 685/1032 3739/1025 7251/959 2665/962
f 685/1032 2665/962 7252/963 3874/2021
f 685/1032 3874/2021 7253/967 3628/1033
f 685/1032 3628/1033 7268/1029 3739/1025
f 686/1034 5867/1035 7263/1006 3230/1007
f 686/1034 3230/1007 7262/1003 5737/1031
f 686/1034 5737/1031 7269/1027 6363/1037
f 686/1034 6363/1037 7270/1036 5867/1035
f 687/1038 6215/1028 7268/1029 6346/1039
f 687/1038 6346/1039 7271/1041 6214/1040
f 687/1038 6214/1040 7270/1036 6363/1037
f 687/1038 6363/1037 7269/1027 6215/1028
f 688/1042 3628/1033 7253/967 4978/1043
f 688/1042 4978/1043 7272/1045 2378/1044
f 688/1042 2378/1044 7271/1041 6346/1039
f 688/1042 6346/1039 7268/1029 3628/1033
f 689/1046 3992/970 7254/971 5350/1047
f 689/1046 5350/1047 7273/1049 2531/1048
f 689/1046 2531/1048 7272/1045 4978/1043
f 689/1046 4978/1043 7253/967 3992/970
f 690/1050 4216/976 7255/977 4846/1051
f 690/1050 4846/1051 7274/1055 2294/1054
f 690/1050 2294/1054 7275/1053 4873/1052
f 690/1050 4873/1052 7256/975 4216/976
f 691/1056 3889/980 7257/981 4886/1057
f 691/1056 4886/1057 7276/2025 2358/2026
f 691/1056 2358/2026 7274/1055 4846/1051
f 691/1056 4846/1051 7255/977 3889/980
f 692/1060 5363/1061 7264/1010 3094/2024
f 692/1060 3094/2024 7263/1006 5867/1035
f 692/1060 5867/1035 7270/1036 5853/1063
f 692/1060 5853/1063 7277/1062 5363/1061
f 693/1064 6214/1040 7271/1041 2712/1065
f 693/1064 2712/1065 7278/1067 2212/1066
f 693/1064 2212/1066 7277/1062 5853/1063
f 693/1064 5853/1063 7270/1036 6214/1040
f 694/1068 4594/1069 6725/815 5693/808
f 694/1068 5693/808 7220/809 4767/1070
f 694/1068 4767/1070 7212/775 3976/768
f 694/1068 3976/768 6710/769 4594/1069
f 695/1071 5388/1072 7265/1014 2422/1015
f 695/1071 2422/1015 7264/1010 5363/1061
f 695/1071 5363/1061 7277/1062 2271/1074
f 695/1071 2271/1074 7279/1073 5388/1072
f 696/1075 6443/1078 7280/1077 2832/1076
f 696/1075 2832/1076 7273/1049 2491/1081
f 696/1075 2491/1081 7275/1053 3147/1080
f 696/1075 3147/1080 7281/1079 6443/1078
f 697/1082 2539/1083 7278/1067 2712/1065
f 697/1082 2712/1065 7271/1041 2378/1044
f 697/1082 2378/1044 7272/1045 3055/1085
f 697/1082 3055/1085 7282/1084 2539/1083
f 698/1086 2583/1089 7283/1088 2471/1087
f 698/1086 2471/1087 7278/1067 2539/1083
f 698/1086 2539/1083 7282/1084 2652/1090
f 698/1086 2652/1090 7280/1077 2583/1089
f 699/2027 2459/1023 7266/1018 5634/1092
f 699/2027 5634/1092 7284/1096 4268/1095
f 699/2027 4268/1095 7285/1094 5622/1093
f 699/2027 5622/1093 7267/1022 2459/1023
f 700/1097 5634/1092 7266/1018 2415/1019
f 700/1097 2415/1019 7265/1014 5388/1072
f 700/1097 5388/1072 7279/1073 2457/1098
f 700/1097 2457/1098 7284/1096 5634/1092
f 701/1099 6445/1102 7286/1101 4048/1100
f 701/1099 4048/1100 7281/1079 4123/1106
f 701/1099 4123/1106 7287/1105 2594/1104
f 701/1099 2594/1104 7288/1103 6445/1102
f 702/1107 2294/1054 7274/1055 3657/1108
f 702/1107 3657/1108 7287/1105 4123/1106
f 702/1107 4123/1106 7281/1079 3147/1080
f 702/1107 3147/1080 7275/1053 2294/1054
f 703/1109 3623/847 7229/848 4173/1110
f 703/1109 4173/1110 7289/1112 6141/1111
f 703/1109 6141/1111 7257/981 5935/979
f 703/1109 5935/979 7228/836 3623/847
f 704/2028 3775/852 7230/853 3914/1114
f 704/2028 3914/1114 7290/1116 2288/1115
f 704/2028 2288/1115 7289/1112 4173/1110
f 704/2028 4173/1110 7229/848 3775/852
f 705/1117 3622/857 7231/858 3928/1118
f 705/1117 3928/1118 7291/1120 2293/1119
f 705/1117 2293/1119 7290/1116 3914/1114
f 705/1117 3914/1114 7230/853 3622/857
f 706/1265 2934/1133 6808/1130 2844/1129
f 706/1265 2844/1129 6807/1126 5896/1125
f 706/1265 5896/1125 6806/1124 2855/1266
f 706/1265 2855/1266 6809/1134 2934/1133
f 707/1135 5845/930 7245/2016 5982/1136
f 707/1135 5982/1136 7293/2029 2530/1139
f 707/1135 2530/1139 7294/1138 2679/2030
f 707/1135 2679/2030 7243/925 5845/930
f 708/2031 2398/1132 7234/882 5637/924
f 708/2031 5637/924 7243/925 2679/2030
f 708/2031 2679/2030 7294/1138 2331/1142
f 708/2031 2331/1142 7292/1134 2398/1132
f 709/2032 4271/1021 7267/1022 4424/1144
f 709/2032 4424/1144 7295/1146 2610/1145
f 709/2032 2610/1145 7293/2029 5982/1136
f 709/2032 5982/1136 7245/2016 4271/1021
f 710/1147 5622/1093 7285/1094 2893/1148
f 710/1147 2893/1148 7296/1150 2421/1149
f 710/1147 2421/1149 7295/1146 4424/1144
f 710/1147 4424/1144 7267/1022 5622/1093
f 711/1151 6167/1152 7296/1150 2893/1148
f 711/1151 2893/1148 7285/1094 2364/1155
f 711/1151 2364/1155 7288/1103 2788/1154
f 711/1151 2788/1154 7297/1153 6167/1152
f 712/1156 2364/1155 7285/1094 4268/1095
f 712/1156 4268/1095 7284/1096 6437/1157
f 712/1156 6437/1157 7286/1101 6445/1102
f 712/1156 6445/1102 7288/1103 2364/1155
f 713/2033 4767/1070 7220/809 3238/826
f 713/2033 3238/826 7222/818 4867/2034
f 713/2033 4867/2034 7214/784 6211/780
f 713/2033 6211/780 7212/775 4767/1070
f 714/1160 4867/2034 7222/818 3319/819
f 714/1160 3319/819 7225/820 4820/1161
f 714/1160 4820/1161 7217/794 5776/2011
f 714/1160 5776/2011 7214/784 4867/2034
f 715/2035 4820/1161 7225/820 6064/974
f 715/2035 6064/974 7256/975 3815/1163
f 715/2035 3815/1163 7254/971 2969/969
f 715/2035 2969/969 7217/794 4820/1161
f 716/1164 3815/1163 7256/975 4873/1052
f 716/1164 4873/1052 7275/1053 2491/1081
f 716/1164 2491/1081 7273/1049 5350/1047
f 716/1164 5350/1047 7254/971 3815/1163
f 717/1165 2652/1090 7282/1084 3055/1085
f 717/1165 3055/1085 7272/1045 2531/1048
f 717/1165 2531/1048 7273/1049 2832/1076
f 717/1165 2832/1076 7280/1077 2652/1090
f 718/1166 4048/1100 7286/1101 4309/1167
f 718/1166 4309/1167 7283/1088 2583/1089
f 718/1166 2583/1089 7280/1077 6443/1078
f 718/1166 6443/1078 7281/1079 4048/1100
f 719/1168 2212/1066 7278/1067 2471/1087
f 719/1168 2471/1087 7283/1088 2668/1169
f 719/1168 2668/1169 7279/1073 2271/1074
f 719/1168 2271/1074 7277/1062 2212/1066
f 720/1170 4309/1167 7286/1101 6437/1157
f 720/1170 6437/1157 7284/1096 2457/1098
f 720/1170 2457/1098 7279/1073 2668/1169
f 720/1170 2668/1169 7283/1088 4309/1167
f 721/1171 2594/1104 7287/1105 2804/1172
f 721/1171 2804/1172 7298/1174 6196/1173
f 721/1171 6196/1173 7297/1153 2788/1154
f 721/1171 2788/1154 7288/1103 2594/1104
f 722/2036 3657/1108 7274/1055 2358/2026
f 722/2036 2358/2026 7276/2025 3999/1176
f 722/2036 3999/1176 7298/1174 2804/1172
f 722/2036 2804/1172 7287/1105 3657/1108
f 723/1177 2512/1180 7299/1179 6101/1178
f 723/1177 6101/1178 7300/1185 2529/1184
f 723/1177 2529/1184 7301/1183 2664/1182
f 723/1177 2664/1182 7302/1181 2512/1180
f 724/1186 2352/1187 7298/1174 3999/1176
f 724/1186 3999/1176 7276/2025 4869/1188
f 724/1186 4869/1188 7302/1181 2664/1182
f 724/1186 2664/1182 7301/1183 2352/1187
f 725/1189 2582/1192 7303/1191 2985/1190
f 725/1189 2985/1190 7304/1194 2602/1193
f 725/1189 2602/1193 7300/1185 6101/1178
f 725/1189 6101/1178 7299/1179 2582/1192
f 726/1195 3212/1196 7304/1194 2985/1190
f 726/1195 2985/1190 7303/1191 3065/1200
f 726/1195 3065/1200 7305/1199 3159/1198
f 726/1195 3159/1198 7306/1197 3212/1196
f 727/1201 3212/1196 7306/1197 2915/1202
f 727/1201 2915/1202 7307/1206 2923/1205
f 727/1201 2923/1205 7308/1204 3082/1203
f 727/1201 3082/1203 7304/1194 3212/1196
f 728/2037 2602/1193 7304/1194 3082/1203
f 728/2037 3082/1203 7308/1204 2794/1210
f 728/2037 2794/1210 7309/1209 2340/1208
f 728/2037 2340/1208 7300/1185 2602/1193
f 729/1211 2529/1184 7300/1185 2340/1208
f 729/1211 2340/1208 7309/1209 3860/1214
f 729/1211 3860/1214 7310/1213 3171/1212
f 729/1211 3171/1212 7301/1183 2529/1184
f 730/1215 2827/1216 7297/1153 6196/1173
f 730/1215 6196/1173 7298/1174 2352/1187
f 730/1215 2352/1187 7301/1183 3171/1212
f 730/1215 3171/1212 7310/1213 2827/1216
f 731/1217 2838/1218 7296/1150 6167/1152
f 731/1217 6167/1152 7297/1153 2827/1216
f 731/1217 2827/1216 7310/1213 3848/1220
f 731/1217 3848/1220 7311/1219 2838/1218
f 732/1221 3860/1214 7309/1209 3975/1222
f 732/1221 3975/1222 7312/1224 3836/1223
f 732/1221 3836/1223 7311/1219 3848/1220
f 732/1221 3848/1220 7310/1213 3860/1214
f 733/1225 2794/1210 7308/1204 2488/1226
f 733/1225 2488/1226 7313/1228 3830/1227
f 733/1225 3830/1227 7312/1224 3975/1222
f 733/1225 3975/1222 7309/1209 2794/1210
f 734/1229 2923/1205 7307/1206 2238/1230
f 734/1229 2238/1230 7314/1232 3921/1231
f 734/1229 3921/1231 7313/1228 2488/1226
f 734/1229 2488/1226 7308/1204 2923/1205
f 735/1233 3830/1227 7313/1228 3862/1234
f 735/1233 3862/1234 7315/1238 3892/1237
f 735/1233 3892/1237 7316/1236 4139/1235
f 735/1233 4139/1235 7312/1224 3830/1227
f 736/2038 3836/1223 7312/1224 4139/1235
f 736/2038 4139/1235 7316/1236 3782/1242
f 736/2038 3782/1242 7317/1241 4130/1240
f 736/2038 4130/1240 7311/1219 3836/1223
f 737/1243 5424/1244 7295/1146 2421/1149
f 737/1243 2421/1149 7296/1150 2838/1218
f 737/1243 2838/1218 7311/1219 4130/1240
f 737/1243 4130/1240 7317/1241 5424/1244
f 738/1245 4886/1057 7257/981 4281/1246
f 738/1245 4281/1246 7318/1248 3752/1247
f 738/1245 3752/1247 7302/1181 4869/1188
f 738/1245 4869/1188 7276/2025 4886/1057
f 739/2039 3661/1250 7299/1179 2512/1180
f 739/2039 2512/1180 7302/1181 3752/1247
f 739/2039 3752/1247 7318/1248 2914/1252
f 739/2039 2914/1252 7319/1251 3661/1250
f 740/1253 3949/1254 7303/1191 2582/1192
f 740/1253 2582/1192 7299/1179 3661/1250
f 740/1253 3661/1250 7319/1251 3188/1256
f 740/1253 3188/1256 7320/1255 3949/1254
f 741/1257 3858/1258 7305/1199 3065/1200
f 741/1257 3065/1200 7303/1191 3949/1254
f 741/1257 3949/1254 7320/1255 3157/1260
f 741/1257 3157/1260 7321/1259 3858/1258
f 742/1261 3921/1231 7314/1232 2342/1262
f 742/1261 2342/1262 7322/1264 2363/1263
f 742/1261 2363/1263 7315/1238 3862/1234
f 742/1261 3862/1234 7313/1228 3921/1231
f 743/1131 2970/881 7234/882 2398/1132
f 743/1131 2398/1132 7292/1134 6508/1133
f 743/1131 6508/1133 8621/1130 6509/1128
f 743/1131 6509/1128 7233/876 2970/881
f 744/1268 6141/1111 7289/1112 4543/1269
f 744/1268 4543/1269 7323/1271 3183/1270
f 744/1268 3183/1270 7318/1248 4281/1246
f 744/1268 4281/1246 7257/981 6141/1111
f 745/1272 4543/1269 7289/1112 2288/1115
f 745/1272 2288/1115 7290/1116 4428/1275
f 745/1272 4428/1275 7324/1274 5893/1273
f 745/1272 5893/1273 7323/1271 4543/1269
f 746/1276 4428/1275 7290/1116 2293/1119
f 746/1276 2293/1119 7291/1120 5290/1279
f 746/1276 5290/1279 7325/1278 5755/1277
f 746/1276 5755/1277 7324/1274 4428/1275
f 747/1280 5290/1281 7291/1124 3158/1266
f 747/1280 3158/1266 7292/1134 4598/1285
f 747/1280 4598/1285 7326/1284 6151/1283
f 747/1280 6151/1283 7325/1282 5290/1281
f 748/1286 4717/1287 7293/2029 2610/1145
f 748/1286 2610/1145 7295/1146 5424/1244
f 748/1286 5424/1244 7317/1241 2206/1289
f 748/1286 2206/1289 7327/1288 4717/1287
f 749/1290 2530/1139 7293/2029 4717/1287
f 749/1290 4717/1287 7327/1288 6183/1293
f 749/1290 6183/1293 7328/1292 4837/1291
f 749/1290 4837/1291 7294/1138 2530/1139
f 750/1294 2331/1142 7294/1138 4837/1291
f 750/1294 4837/1291 7328/1292 6320/1295
f 750/1294 6320/1295 7326/1284 4598/1285
f 750/1294 4598/1285 7292/1134 2331/1142
f 751/1296 3183/1270 7323/1271 5893/1273
f 751/1296 5893/1273 7324/1274 5755/1277
f 751/1296 5755/1277 7325/1278 3015/1297
f 751/1296 3015/1297 7318/1248 3183/1270
f 752/1298 6183/1293 7327/1288 2206/1289
f 752/1298 2206/1289 7317/1241 2262/1299
f 752/1298 2262/1299 7326/1284 6320/1295
f 752/1298 6320/1295 7328/1292 6183/1293
f 753/1300 3782/1242 7316/1236 2395/1301
f 753/1300 2395/1301 7329/1303 6402/1302
f 753/1300 6402/1302 7326/1284 2262/1299
f 753/1300 2262/1299 7317/1241 3782/1242
f 754/1304 6427/1305 7325/1282 6151/1283
f 754/1304 6151/1283 7326/1284 6402/1302
f 754/1304 6402/1302 7329/1303 5677/1307
f 754/1304 5677/1307 7330/1306 6427/1305
f 755/1308 6457/1309 7319/1251 2914/1252
f 755/1308 2914/1252 7318/1248 3015/1297
f 755/1308 3015/1297 7325/1278 6427/1311
f 755/1308 6427/1311 7330/1310 6457/1309
f 756/1312 2223/1313 7320/1255 3188/1256
f 756/1312 3188/1256 7319/1251 6457/1309
f 756/1312 6457/1309 7330/1310 5667/1315
f 756/1312 5667/1315 7331/1314 2223/1313
f 757/1316 5677/1307 7329/1303 5822/1317
f 757/1316 5822/1317 7332/1321 5709/1320
f 757/1316 5709/1320 7331/1319 5667/1318
f 757/1316 5667/1318 7330/1306 5677/1307
f 758/1322 3892/1237 7315/1238 2860/1323
f 758/1322 2860/1323 7332/1321 5822/1317
f 758/1322 5822/1317 7329/1303 2395/1301
f 758/1322 2395/1301 7316/1236 3892/1237
f 759/1324 2363/1263 7322/1264 6362/1325
f 759/1324 6362/1325 7333/1327 5604/1326
f 759/1324 5604/1326 7332/1321 2860/1323
f 759/1324 2860/1323 7315/1238 2363/1263
f 760/1328 6345/1329 7321/1259 3157/1260
f 760/1328 3157/1260 7320/1255 2223/1313
f 760/1328 2223/1313 7331/1314 2953/1331
f 760/1328 2953/1331 7334/1330 6345/1329
f 761/1332 2953/1333 7331/1319 5709/1320
f 761/1332 5709/1320 7332/1321 5604/1326
f 761/1332 5604/1326 7333/1327 3093/1335
f 761/1332 3093/1335 7334/1334 2953/1333
f 762/1336 3858/1258 7321/1259 6430/1337
f 762/1336 6430/1337 7335/1341 3131/1340
f 762/1336 3131/1340 7336/1339 4967/1338
f 762/1336 4967/1338 7305/1199 3858/1258
f 763/1342 3131/1340 7335/1341 3064/1343
f 763/1342 3064/1343 7337/1347 3714/1346
f 763/1342 3714/1346 7338/1345 3625/1344
f 763/1342 3625/1344 7336/1339 3131/1340
f 764/1348 5112/1349 7307/1206 2915/1202
f 764/1348 2915/1202 7306/1197 4977/1353
f 764/1348 4977/1353 7339/1352 3461/1351
f 764/1348 3461/1351 7340/1350 5112/1349
f 765/1354 4977/1353 7306/1197 3159/1198
f 765/1354 3159/1198 7305/1199 4967/1338
f 765/1354 4967/1338 7336/1339 3563/1355
f 765/1354 3563/1355 7339/1352 4977/1353
f 766/1356 3625/1344 7338/1345 3642/1357
f 766/1356 3642/1357 7341/1359 3417/1358
f 766/1356 3417/1358 7339/1352 3563/1355
f 766/1356 3563/1355 7336/1339 3625/1344
f 767/1360 2342/1262 7314/1232 5477/1361
f 767/1360 5477/1361 7342/1365 3308/1364
f 767/1360 3308/1364 7343/1363 2793/1362
f 767/1360 2793/1362 7322/1264 2342/1262
f 768/1366 5477/1361 7314/1232 2238/1230
f 768/1366 2238/1230 7307/1206 5112/1349
f 768/1366 5112/1349 7340/1350 3401/1367
f 768/1366 3401/1367 7342/1365 5477/1361
f 769/1368 4322/1369 7340/1350 3461/1351
f 769/1368 3461/1351 7339/1352 3417/1358
f 769/1368 3417/1358 7341/1359 4256/1371
f 769/1368 4256/1371 7344/1370 4322/1369
f 770/1372 6345/1329 7334/1330 2456/1373
f 770/1372 2456/1373 7345/1375 2511/1374
f 770/1372 2511/1374 7335/1341 6430/1337
f 770/1372 6430/1337 7321/1259 6345/1329
f 771/1376 3905/1377 7337/1347 3064/1343
f 771/1376 3064/1343 7335/1341 2511/1374
f 771/1376 2511/1374 7345/1375 3799/1379
f 771/1376 3799/1379 7346/1378 3905/1377
f 772/1380 2275/1381 7333/1327 6362/1325
f 772/1380 6362/1325 7322/1264 2793/1362
f 772/1380 2793/1362 7343/1363 3640/1383
f 772/1380 3640/1383 7347/1382 2275/1381
f 773/1384 3093/1335 7333/1327 2275/1381
f 773/1384 2275/1381 7347/1382 3323/1387
f 773/1384 3323/1387 7345/1386 2456/1385
f 773/1384 2456/1385 7334/1334 3093/1335
f 774/1388 3305/1391 7346/1390 3799/1389
f 774/1388 3799/1389 7345/1386 3323/1387
f 774/1388 3323/1387 7347/1382 3495/1393
f 774/1388 3495/1393 7348/1392 3305/1391
f 775/1394 3640/1383 7343/1363 3756/1395
f 775/1394 3756/1395 7349/1397 3360/1396
f 775/1394 3360/1396 7348/1392 3495/1393
f 775/1394 3495/1393 7347/1382 3640/1383
f 776/1398 3308/1364 7342/1365 3796/1399
f 776/1398 3796/1399 7350/1401 5086/1400
f 776/1398 5086/1400 7349/1397 3756/1395
f 776/1398 3756/1395 7343/1363 3308/1364
f 777/1402 3796/1399 7342/1365 3401/1367
f 777/1402 3401/1367 7340/1350 4322/1369
f 777/1402 4322/1369 7344/1370 3635/1403
f 777/1402 3635/1403 7350/1401 3796/1399
f 778/1404 3642/1357 7338/1345 2372/1405
f 778/1404 2372/1405 7351/1409 5311/1408
f 778/1404 5311/1408 7352/1407 2618/1406
f 778/1404 2618/1406 7341/1359 3642/1357
f 779/1410 2474/1411 7341/1359 2618/1406
f 779/1410 2618/1406 7352/1407 5526/1415
f 779/1410 5526/1415 7353/1414 5530/1413
f 779/1410 5530/1413 7354/1412 2474/1411
f 780/1416 2372/1405 7338/1345 2648/1417
f 780/1416 2648/1417 7355/1421 6025/1420
f 780/1416 6025/1420 7356/1419 5580/1418
f 780/1416 5580/1418 7351/1409 2372/1405
f 781/1422 5311/1408 7351/1409 5580/1418
f 781/1422 5580/1418 7356/1419 5151/1423
f 781/1422 5151/1423 7353/1414 5526/1415
f 781/1422 5526/1415 7352/1407 5311/1408
f 782/1424 2507/1425 7337/1347 3905/1377
f 782/1424 3905/1377 7346/1378 2944/1429
f 782/1424 2944/1429 7357/1428 6024/1427
f 782/1424 6024/1427 7358/1426 2507/1425
f 783/1430 3714/1346 7337/1347 2507/1425
f 783/1430 2507/1425 7358/1426 6111/1431
f 783/1430 6111/1431 7355/1421 2648/1417
f 783/1430 2648/1417 7338/1345 3714/1346
f 784/1432 2323/1433 7344/1370 4256/1371
f 784/1432 4256/1371 7341/1359 2474/1411
f 784/1432 2474/1411 7354/1412 6125/1435
f 784/1432 6125/1435 7359/1434 2323/1433
f 785/1436 5862/1437 7350/1401 3635/1403
f 785/1436 3635/1403 7344/1370 2323/1433
f 785/1436 2323/1433 7359/1434 5400/1439
f 785/1436 5400/1439 7360/1438 5862/1437
f 786/1440 5813/1441 7349/1397 5086/1400
f 786/1440 5086/1400 7350/1401 5862/1437
f 786/1440 5862/1437 7360/1438 5394/1443
f 786/1440 5394/1443 7361/1442 5813/1441
f 787/1444 3305/1391 7348/1392 2469/1445
f 787/1444 2469/1445 7362/1449 5250/1448
f 787/1444 5250/1448 7357/1447 2944/1446
f 787/1444 2944/1446 7346/1390 3305/1391
f 788/1450 2469/1445 7348/1392 3360/1396
f 788/1450 3360/1396 7349/1397 5813/1441
f 788/1450 5813/1441 7361/1442 5429/1451
f 788/1450 5429/1451 7362/1449 2469/1445
f 789/1452 4954/1455 7363/1454 5085/2040
f 789/1452 5085/2040 7364/1460 4972/1459
f 789/1452 4972/1459 7365/1458 4814/1457
f 789/1452 4814/1457 7366/1456 4954/1455
f 790/1461 3301/1462 7366/1456 4814/1457
f 790/1461 4814/1457 7365/1458 3282/1466
f 790/1461 3282/1466 7367/1465 3528/1464
f 790/1461 3528/1464 7368/1463 3301/1462
f 791/1467 3710/1470 7369/1469 3703/1468
f 791/1467 3703/1468 7368/1463 3528/1464
f 791/1467 3528/1464 7367/1465 3398/1472
f 791/1467 3398/1472 7370/1471 3710/1470
f 792/1473 3253/1474 7367/1465 3282/1466
f 792/1473 3282/1466 7365/1458 3020/1478
f 792/1473 3020/1478 7371/1477 3965/1476
f 792/1473 3965/1476 7372/1475 3253/1474
f 793/1479 4006/1480 7370/1471 3398/1472
f 793/1479 3398/1472 7367/1465 3253/1474
f 793/1479 3253/1474 7372/1475 3599/1482
f 793/1479 3599/1482 7373/1481 4006/1480
f 794/1483 4972/1459 7364/1460 3377/1484
f 794/1483 3377/1484 7374/1486 3882/1485
f 794/1483 3882/1485 7371/1477 3020/1478
f 794/1483 3020/1478 7365/1458 4972/1459
f 795/1487 3513/1488 7374/1486 3377/1484
f 795/1487 3377/1484 7364/1460 3307/1492
f 795/1487 3307/1492 7375/1491 4607/1490
f 795/1487 4607/1490 7376/1489 3513/1488
f 796/1493 3795/1496 7377/1495 4677/1494
f 796/1493 4677/1494 7375/1491 3307/1492
f 796/1493 3307/1492 7364/1460 5085/2040
f 796/1493 5085/2040 7363/1454 3795/1496
f 797/1497 5094/1500 7378/1499 3229/1498
f 797/1497 3229/1498 7369/1469 3710/1470
f 797/1497 3710/1470 7370/1471 3092/1502
f 797/1497 3092/1502 7379/1501 5094/1500
f 798/1503 4674/1506 7380/1505 4819/1504
f 798/1503 4819/1504 7381/1511 4659/1510
f 798/1503 4659/1510 7382/1509 4495/1508
f 798/1503 4495/1508 7383/1507 4674/1506
f 799/1512 2760/1513 7372/1475 3965/1476
f 799/1512 3965/1476 7371/1477 2670/1517
f 799/1512 2670/1517 7384/1516 5767/1515
f 799/1512 5767/1515 7385/1514 2760/1513
f 800/1518 3882/1485 7374/1486 2863/1519
f 800/1518 2863/1519 7386/1521 5703/1520
f 800/1518 5703/1520 7384/1516 2670/1517
f 800/1518 2670/1517 7371/1477 3882/1485
f 801/2041 2848/1523 7373/1481 3599/1482
f 801/2041 3599/1482 7372/1475 2760/1513
f 801/2041 2760/1513 7385/1514 6107/1525
f 801/2041 6107/1525 7387/1524 2848/1523
f 802/1526 6107/1525 7385/1514 5767/1515
f 802/1526 5767/1515 7384/1516 5703/1520
f 802/1526 5703/1520 7386/1521 6001/1527
f 802/1526 6001/1527 7387/1524 6107/1525
f 803/1528 5764/1529 7387/1524 6001/1527
f 803/1528 6001/1527 7386/1521 5790/1533
f 803/1528 5790/1533 7388/1532 4458/1531
f 803/1528 4458/1531 7389/1530 5764/1529
f 804/1534 3513/1488 7376/1489 5611/1535
f 804/1534 5611/1535 7390/1537 5652/1536
f 804/1534 5652/1536 7386/1521 2863/1519
f 804/1534 2863/1519 7374/1486 3513/1488
f 805/1538 4880/1541 7391/1540 5332/1539
f 805/1538 5332/1539 7378/1499 5094/1500
f 805/1538 5094/1500 7379/1501 6021/1543
f 805/1538 6021/1543 7392/1542 4880/1541
f 806/1544 4771/1547 7393/1546 4914/1545
f 806/1544 4914/1545 7394/1552 4902/1551
f 806/1544 4902/1551 7395/1550 4412/1549
f 806/1544 4412/1549 7396/1548 4771/1547
f 807/1553 4412/1549 7395/1550 5009/1554
f 807/1553 5009/1554 7392/1542 6021/1543
f 807/1553 6021/1543 7379/1501 5742/1555
f 807/1553 5742/1555 7396/1548 4412/1549
f 808/2042 4006/1480 7373/1481 6319/1557
f 808/2042 6319/1557 7396/1548 5742/1555
f 808/2042 5742/1555 7379/1501 3092/1502
f 808/2042 3092/1502 7370/1471 4006/1480
f 809/1558 2848/1523 7387/1524 5504/1559
f 809/1558 5504/1559 7393/1546 4771/1547
f 809/1558 4771/1547 7396/1548 6319/1557
f 809/1558 6319/1557 7373/1481 2848/1523
f 810/1560 4411/1563 7397/1562 4644/1561
f 810/1560 4644/1561 7391/1540 4880/1541
f 810/1560 4880/1541 7392/1542 4808/1565
f 810/1560 4808/1565 7398/1564 4411/1563
f 811/1566 5009/1554 7395/1550 4464/1567
f 811/1566 4464/1567 7399/1569 4303/1568
f 811/1566 4303/1568 7398/1564 4808/1565
f 811/1566 4808/1565 7392/1542 5009/1554
f 812/1570 2227/1571 7354/1412 5530/1413
f 812/1570 5530/1413 7353/1414 2222/1572
f 812/1570 2222/1572 7368/1463 3703/1468
f 812/1570 3703/1468 7369/1469 2227/1571
f 813/1573 5060/1574 7375/1491 4677/1494
f 813/1573 4677/1494 7377/1495 5111/2043
f 813/1573 5111/2043 7380/1577 4674/1576
f 813/1573 4674/1576 7383/1575 5060/1574
f 814/1579 6274/1580 7376/1489 4607/1490
f 814/1579 4607/1490 7375/1491 5060/1574
f 814/1579 5060/1574 7383/1575 2589/1582
f 814/1579 2589/1582 7400/1581 6274/1580
f 815/1583 2431/1586 7401/1585 3939/1584
f 815/1583 3939/1584 7400/1588 2589/1587
f 815/1583 2589/1587 7383/1507 4495/1508
f 815/1583 4495/1508 7382/1509 2431/1586
f 816/1589 2414/1590 7359/1434 6125/1435
f 816/1589 6125/1435 7354/1412 2227/1571
f 816/1589 2227/1571 7369/1469 3229/1498
f 816/1589 3229/1498 7378/1499 2414/1590
f 817/1591 4902/1551 7394/1552 3383/1592
f 817/1591 3383/1592 7402/1594 4040/1593
f 817/1591 4040/1593 7399/1569 4464/1567
f 817/1591 4464/1567 7395/1550 4902/1551
f 818/1595 3605/1596 7360/1438 5400/1439
f 818/1595 5400/1439 7359/1434 2414/1590
f 818/1595 2414/1590 7378/1499 5332/1539
f 818/1595 5332/1539 7391/1540 3605/1596
f 819/1597 3135/1598 7390/1537 5611/1535
f 819/1597 5611/1535 7376/1489 6274/1580
f 819/1597 6274/1580 7400/1581 3821/1600
f 819/1597 3821/1600 7403/1599 3135/1598
f 820/1601 3821/1602 7400/1588 3939/1584
f 820/1601 3939/1584 7401/1585 4358/1606
f 820/1601 4358/1606 7404/1605 4517/1604
f 820/1601 4517/1604 7403/1603 3821/1602
f 821/1607 4129/1610 7405/1609 4113/1608
f 821/1607 4113/1608 7406/1612 4542/1611
f 821/1607 4542/1611 7403/1603 4517/1604
f 821/1607 4517/1604 7404/1605 4129/1610
f 822/1613 5764/1529 7389/1530 3492/1614
f 822/1613 3492/1614 7407/1616 3019/1615
f 822/1613 3019/1615 7393/1546 5504/1559
f 822/1613 5504/1559 7387/1524 5764/1529
f 823/1617 3005/1618 7394/1552 4914/1545
f 823/1617 4914/1545 7393/1546 3019/1615
f 823/1617 3019/1615 7407/1616 4076/1620
f 823/1617 4076/1620 7408/1619 3005/1618
f 824/1621 4676/1622 7402/1594 3383/1592
f 824/1621 3383/1592 7394/1552 3005/1618
f 824/1621 3005/1618 7408/1619 4072/1624
f 824/1621 4072/1624 7409/1623 4676/1622
f 825/1625 3174/1626 7361/1442 5394/1443
f 825/1625 5394/1443 7360/1438 3605/1596
f 825/1625 3605/1596 7391/1540 4644/1561
f 825/1625 4644/1561 7397/1562 3174/1626
f 826/1627 3629/1628 7388/1532 5790/1533
f 826/1627 5790/1533 7386/1521 5652/1536
f 826/1627 5652/1536 7390/1537 3755/1630
f 826/1627 3755/1630 7410/1629 3629/1628
f 827/1631 3755/1630 7390/1537 3135/1598
f 827/1631 3135/1598 7403/1599 4542/1634
f 827/1631 4542/1634 7406/1633 5104/1632
f 827/1631 5104/1632 7410/1629 3755/1630
f 828/1635 5151/1423 7356/1419 5560/1636
f 828/1635 5560/1636 7366/1456 3301/1462
f 828/1635 3301/1462 7368/1463 2222/1572
f 828/1635 2222/1572 7353/1414 5151/1423
f 829/1637 6025/1420 7355/1421 5379/1638
f 829/1637 5379/1638 7363/1454 4954/1455
f 829/1637 4954/1455 7366/1456 5560/1636
f 829/1637 5560/1636 7356/1419 6025/1420
f 830/1639 6111/1431 7358/1426 6294/1640
f 830/1639 6294/1640 7377/1495 3795/1496
f 830/1639 3795/1496 7363/1454 5379/1638
f 830/1639 5379/1638 7355/1421 6111/1431
f 831/1641 6024/1427 7357/1428 2316/1642
f 831/1641 2316/1642 7380/1577 5111/2043
f 831/1641 5111/2043 7377/1495 6294/1640
f 831/1641 6294/1640 7358/1426 6024/1427
f 832/1643 3897/1644 7381/1511 4819/1504
f 832/1643 4819/1504 7380/1505 2316/1645
f 832/1643 2316/1645 7357/1447 5250/1448
f 832/1643 5250/1448 7362/1449 3897/1644
f 833/1646 3897/1644 7362/1449 5429/1451
f 833/1646 5429/1451 7361/1442 3174/1626
f 833/1646 3174/1626 7397/1562 5809/1647
f 833/1646 5809/1647 7381/1511 3897/1644
f 834/1648 5572/1649 7382/1509 4659/1510
f 834/1648 4659/1510 7381/1511 5809/1647
f 834/1648 5809/1647 7397/1562 4411/1563
f 834/1648 4411/1563 7398/1564 5572/1649
f 835/1650 3866/1651 7401/1585 2431/1586
f 835/1650 2431/1586 7382/1509 5572/1649
f 835/1650 5572/1649 7398/1564 4303/1568
f 835/1650 4303/1568 7399/1569 3866/1651
f 836/1652 4440/1653 7404/1605 4358/1606
f 836/1652 4358/1606 7401/1585 3866/1651
f 836/1652 3866/1651 7399/1569 4040/1593
f 836/1652 4040/1593 7402/1594 4440/1653
f 837/1654 5003/1655 7405/1609 4129/1610
f 837/1654 4129/1610 7404/1605 4440/1653
f 837/1654 4440/1653 7402/1594 4676/1622
f 837/1654 4676/1622 7409/1623 5003/1655
f 838/1656 4153/1659 7411/1658 4546/1657
f 838/1656 4546/1657 7412/1664 4168/1663
f 838/1656 4168/1663 7413/1662 4292/1661
f 838/1656 4292/1661 7414/1660 4153/1659
f 839/1665 4168/1663 7412/1664 4301/1666
f 839/1665 4301/1666 7415/1670 6084/1669
f 839/1665 6084/1669 7416/1668 4162/1667
f 839/1665 4162/1667 7413/1662 4168/1663
f 840/1671 6084/1669 7415/1670 4203/1672
f 840/1671 4203/1672 7417/1676 4225/1675
f 840/1671 4225/1675 7418/1674 4287/1673
f 840/1671 4287/1673 7416/1668 6084/1669
f 841/1677 4225/1675 7417/1676 4160/1678
f 841/1677 4160/1678 7419/1682 4453/1681
f 841/1677 4453/1681 7420/1680 4505/1679
f 841/1677 4505/1679 7418/1674 4225/1675
f 842/1683 4072/1624 7408/1619 5866/1684
f 842/1683 5866/1684 7420/1680 4453/1681
f 842/1683 4453/1681 7419/1682 5671/1685
f 842/1683 5671/1685 7409/1623 4072/1624
f 843/1686 4418/1687 7414/1660 4292/1661
f 843/1686 4292/1661 7413/1662 5794/1691
f 843/1686 5794/1691 7421/1690 4996/1689
f 843/1686 4996/1689 7422/1688 4418/1687
f 844/1692 5794/1691 7413/1662 4162/1667
f 844/1692 4162/1667 7416/1668 4387/1695
f 844/1692 4387/1695 7423/1694 5057/1693
f 844/1692 5057/1693 7421/1690 5794/1691
f 845/1696 4387/1695 7416/1668 4287/1673
f 845/1696 4287/1673 7418/1674 4234/1699
f 845/1696 4234/1699 7424/1698 4889/1697
f 845/1696 4889/1697 7423/1694 4387/1695
f 846/1700 4234/1699 7418/1674 4505/1679
f 846/1700 4505/1679 7420/1680 5120/1703
f 846/1700 5120/1703 7425/1702 4351/1701
f 846/1700 4351/1701 7424/1698 4234/1699
f 847/1704 4076/1620 7407/1616 6165/1705
f 847/1704 6165/1705 7425/1702 5120/1703
f 847/1704 5120/1703 7420/1680 5866/1684
f 847/1704 5866/1684 7408/1619 4076/1620
f 848/1706 4319/1707 7422/1688 4996/1689
f 848/1706 4996/1689 7421/1690 4199/1711
f 848/1706 4199/1711 7426/1710 4377/1709
f 848/1706 4377/1709 7427/1708 4319/1707
f 849/1712 4199/1711 7421/1690 5057/1693
f 849/1712 5057/1693 7423/1694 4083/1715
f 849/1712 4083/1715 7428/1714 4439/1713
f 849/1712 4439/1713 7426/1710 4199/1711
f 850/2044 4083/1715 7423/1694 4889/1697
f 850/2044 4889/1697 7424/1698 4078/1719
f 850/2044 4078/1719 7429/1718 3906/1717
f 850/2044 3906/1717 7428/1714 4083/1715
f 851/1720 4078/1719 7424/1698 4351/1701
f 851/1720 4351/1701 7425/1702 4103/1723
f 851/1720 4103/1723 7430/1722 4009/1721
f 851/1720 4009/1721 7429/1718 4078/1719
f 852/1724 3492/1614 7389/1530 2752/1725
f 852/1724 2752/1725 7430/1722 4103/1723
f 852/1724 4103/1723 7425/1702 6165/1705
f 852/1724 6165/1705 7407/1616 3492/1614
f 853/1726 3997/1727 7427/1708 4377/1709
f 853/1726 4377/1709 7426/1710 4128/1731
f 853/1726 4128/1731 7431/1730 3806/1729
f 853/1726 3806/1729 7432/1728 3997/1727
f 854/2045 4128/1731 7426/1710 4439/1713
f 854/2045 4439/1713 7428/1714 4117/1735
f 854/2045 4117/1735 7433/1734 4366/1733
f 854/2045 4366/1733 7431/1730 4128/1731
f 855/2046 4117/1735 7428/1714 3906/1717
f 855/2046 3906/1717 7429/1718 4272/1739
f 855/2046 4272/1739 7434/1738 4457/1737
f 855/2046 4457/1737 7433/1734 4117/1735
f 856/1740 4272/1739 7429/1718 4009/1721
f 856/1740 4009/1721 7430/1722 4156/1743
f 856/1740 4156/1743 7435/1742 4736/1741
f 856/1740 4736/1741 7434/1738 4272/1739
f 857/1744 4458/1531 7388/1532 5274/1745
f 857/1744 5274/1745 7435/1742 4156/1743
f 857/1744 4156/1743 7430/1722 2752/1725
f 857/1744 2752/1725 7389/1530 4458/1531
f 858/1746 2284/1747 7405/1609 5003/1655
f 858/1746 5003/1655 7409/1623 5671/1685
f 858/1746 5671/1685 7419/1682 3330/1749
f 858/1746 3330/1749 7436/1748 2284/1747
f 859/1750 4160/1678 7417/1676 2982/1751
f 859/1750 2982/1751 7437/1753 4625/1752
f 859/1750 4625/1752 7436/1748 3330/1749
f 859/1750 3330/1749 7419/1682 4160/1678
f 860/1754 4203/1672 7415/1670 3346/1755
f 860/1754 3346/1755 7438/1757 4613/1756
f 860/1754 4613/1756 7437/1753 2982/1751
f 860/1754 2982/1751 7417/1676 4203/1672
f 861/1758 4301/1666 7412/1664 2409/1759
f 861/1758 2409/1759 7439/1761 4606/1760
f 861/1758 4606/1760 7438/1757 3346/1755
f 861/1758 3346/1755 7415/1670 4301/1666
f 862/1762 4546/1657 7411/1658 2573/1763
f 862/1762 2573/1763 7440/1765 4582/1764
f 862/1762 4582/1764 7439/1761 2409/1759
f 862/1762 2409/1759 7412/1664 4546/1657
f 863/1766 3629/1628 7410/1629 2729/1767
f 863/1766 2729/1767 7441/1769 4985/1768
f 863/1766 4985/1768 7435/1742 5274/1745
f 863/1766 5274/1745 7388/1532 3629/1628
f 864/1770 4036/1771 7434/1738 4736/1741
f 864/1770 4736/1741 7435/1742 4985/1768
f 864/1770 4985/1768 7441/1769 5721/1773
f 864/1770 5721/1773 7442/1772 4036/1771
f 865/1774 4899/2047 7432/1728 3806/1729
f 865/1774 3806/1729 7431/1730 4917/1779
f 865/1774 4917/1779 7443/1778 5687/1777
f 865/1774 5687/1777 7444/1776 4899/2047
f 866/1780 4917/1779 7431/1730 4366/1733
f 866/1780 4366/1733 7433/1734 4898/1783
f 866/1780 4898/1783 7445/1782 5623/1781
f 866/1780 5623/1781 7443/1778 4917/1779
f 867/1784 4898/1783 7433/1734 4457/1737
f 867/1784 4457/1737 7434/1738 4036/1771
f 867/1784 4036/1771 7442/1772 5730/1785
f 867/1784 5730/1785 7445/1782 4898/1783
f 868/1786 5104/1632 7406/1633 2601/1787
f 868/1786 2601/1787 7446/1789 5987/1788
f 868/1786 5987/1788 7441/1769 2729/1767
f 868/1786 2729/1767 7410/1629 5104/1632
f 869/1790 6129/1791 7442/1772 5721/1773
f 869/1790 5721/1773 7441/1769 5987/1788
f 869/1790 5987/1788 7446/1789 5772/1793
f 869/1790 5772/1793 7447/1792 6129/1791
f 870/1794 5834/1795 7445/1782 5730/1785
f 870/1794 5730/1785 7442/1772 6129/1791
f 870/1794 6129/1791 7447/1792 5535/1797
f 870/1794 5535/1797 7448/1796 5834/1795
f 871/1798 5885/1799 7443/1778 5623/1781
f 871/1798 5623/1781 7445/1782 5834/1795
f 871/1798 5834/1795 7448/1796 5495/1801
f 871/1798 5495/1801 7449/1800 5885/1799
f 872/1802 4327/1803 7444/1776 5687/1777
f 872/1802 5687/1777 7443/1778 5885/1799
f 872/1802 5885/1799 7449/1800 4714/1805
f 872/1802 4714/1805 7450/1804 4327/1803
f 873/1806 2601/1807 7406/1612 4113/1608
f 873/1806 4113/1608 7405/1609 2284/1747
f 873/1806 2284/1747 7436/1748 4541/1809
f 873/1806 4541/1809 7446/1808 2601/1807
f 874/1810 4625/1752 7437/1753 4145/1811
f 874/1810 4145/1811 7447/1813 5772/1812
f 874/1810 5772/1812 7446/1808 4541/1809
f 874/1810 4541/1809 7436/1748 4625/1752
f 875/1814 4613/1756 7438/1757 4295/1815
f 875/1814 4295/1815 7448/1817 5535/1816
f 875/1814 5535/1816 7447/1813 4145/1811
f 875/1814 4145/1811 7437/1753 4613/1756
f 876/1818 4606/1760 7439/1761 4108/1819
f 876/1818 4108/1819 7449/1821 5495/1820
f 876/1818 5495/1820 7448/1817 4295/1815
f 876/1818 4295/1815 7438/1757 4606/1760
f 877/1822 4582/1764 7440/1765 6097/1823
f 877/1822 6097/1823 7450/1825 4714/1824
f 877/1822 4714/1824 7449/1821 4108/1819
f 877/1822 4108/1819 7439/1761 4582/1764
f 878/1826 4634/1829 7451/1828 5088/1827
f 878/1826 5088/1827 7452/1834 4976/1833
f 878/1826 4976/1833 7453/1832 4818/1831
f 878/1826 4818/1831 7454/1830 4634/1829
f 879/1835 4777/1836 7454/1830 4818/1831
f 879/1835 4818/1831 7453/1832 4766/1840
f 879/1835 4766/1840 6973/1839 5482/1838
f 879/1835 5482/1838 6972/1837 4777/1836
f 880/1841 4573/1844 7455/1843 3294/1842
f 880/1841 3294/1842 7456/1846 4619/1845
f 880/1841 4619/1845 7452/1834 5088/1827
f 880/1841 5088/1827 7451/1828 4573/1844
f 881/1847 3364/1850 7457/1849 3865/1848
f 881/1847 3865/1848 7458/1852 3772/1851
f 881/1847 3772/1851 7456/1846 3294/1842
f 881/1847 3294/1842 7455/1843 3364/1850
f 882/1853 3927/1856 7459/1855 3899/1854
f 882/1853 3899/1854 7460/1858 4023/1857
f 882/1853 4023/1857 7458/1852 3865/1848
f 882/1853 3865/1848 7457/1849 3927/1856
f 883/1859 3508/1862 7461/1861 3357/1860
f 883/1859 3357/1860 7462/1867 3524/1866
f 883/1859 3524/1866 7463/1865 3394/1864
f 883/1859 3394/1864 7464/1863 3508/1862
f 884/1868 3524/1866 7462/1867 3385/1869
f 884/1868 3385/1869 7465/1873 5018/1872
f 884/1868 5018/1872 7466/1871 4862/1870
f 884/1868 4862/1870 7463/1865 3524/1866
f 885/1874 5018/1872 7465/1873 3912/1875
f 885/1874 3912/1875 6987/1879 2757/1878
f 885/1874 2757/1878 6986/1877 4559/1876
f 885/1874 4559/1876 7466/1871 5018/1872
f 886/1880 3835/1881 7461/1861 3508/1862
f 886/1880 3508/1862 7464/1863 3438/1882
f 886/1880 3438/1882 7460/1858 3899/1854
f 886/1880 3899/1854 7459/1855 3835/1881
f 887/1883 5310/1886 7467/2048 3951/1884
f 887/1883 3951/1884 7453/1832 4976/1833
f 887/1883 4976/1833 7452/1834 3824/1888
f 887/1883 3824/1888 7468/1887 5310/1886
f 888/1889 4817/1892 6990/1891 4550/1890
f 888/1889 4550/1890 6973/1839 4766/1840
f 888/1889 4766/1840 7453/1832 3951/1884
f 888/1889 3951/1884 7467/2048 4817/1892
f 889/1893 3772/1851 7458/1852 4538/1894
f 889/1893 4538/1894 7469/1898 5176/1897
f 889/1893 5176/1897 7470/1896 4095/1895
f 889/1893 4095/1895 7456/1846 3772/1851
f 890/1899 5252/1900 7468/1887 3824/1888
f 890/1899 3824/1888 7452/1834 4619/1845
f 890/1899 4619/1845 7456/1846 4095/1895
f 890/1899 4095/1895 7470/1896 5252/1900
f 891/1901 4023/1857 7460/1858 4916/1902
f 891/1901 4916/1902 7471/1904 5629/1903
f 891/1901 5629/1903 7469/1898 4538/1894
f 891/1901 4538/1894 7458/1852 4023/1857
f 892/1905 3438/1882 7464/1863 4633/1906
f 892/1905 4633/1906 7472/1908 5145/1907
f 892/1905 5145/1907 7471/1904 4916/1902
f 892/1905 4916/1902 7460/1858 3438/1882
f 893/1909 4675/1910 7466/1871 4559/1876
f 893/1909 4559/1876 6986/1877 3347/1914
f 893/1909 3347/1914 6996/1913 5753/1912
f 893/1909 5753/1912 7473/1911 4675/1910
f 894/1915 4883/1916 7463/1865 4862/1870
f 894/1915 4862/1870 7466/1871 4675/1910
f 894/1915 4675/1910 7473/1911 6156/1918
f 894/1915 6156/1918 7474/1917 4883/1916
f 895/2049 3394/1864 7463/1865 4883/1916
f 895/2049 4883/1916 7474/1917 5198/1920
f 895/2049 5198/1920 7472/1908 4633/1906
f 895/2049 4633/1906 7464/1863 3394/1864
f 896/1921 5198/1920 7474/1917 5223/1922
f 896/1921 5223/1922 7475/1926 5343/1925
f 896/1921 5343/1925 7476/1924 6106/1923
f 896/1921 6106/1923 7472/1908 5198/1920
f 897/1927 6156/1918 7473/1911 5302/1928
f 897/1927 5302/1928 7477/1930 5137/1929
f 897/1927 5137/1929 7475/1926 5223/1922
f 897/1927 5223/1922 7474/1917 6156/1918
f 898/1931 5753/1912 6996/1913 2888/1932
f 898/1931 2888/1932 7001/1934 6179/1933
f 898/1931 6179/1933 7477/1930 5302/1928
f 898/1931 5302/1928 7473/1911 5753/1912
f 899/1935 5145/1907 7472/1908 6106/1923
f 899/1935 6106/1923 7476/1924 5157/1938
f 899/1935 5157/1938 7478/1937 6043/1936
f 899/1935 6043/1936 7471/1904 5145/1907
f 900/1939 5629/1903 7471/1904 6043/1936
f 900/1939 6043/1936 7478/1937 5299/1942
f 900/1939 5299/1942 7479/1941 6136/1940
f 900/1939 6136/1940 7469/1898 5629/1903
f 901/1943 5252/1900 7470/1896 5752/1944
f 901/1943 5752/1944 7480/1948 2892/1947
f 901/1943 2892/1947 7481/1946 5959/1945
f 901/1943 5959/1945 7468/1887 5252/1900
f 902/1949 5176/1897 7469/1898 6136/1940
f 902/1949 6136/1940 7479/1941 5309/1950
f 902/1949 5309/1950 7480/1948 5752/1944
f 902/1949 5752/1944 7470/1896 5176/1897
f 903/1951 4817/1892 7467/2048 6119/1952
f 903/1951 6119/1952 7482/1956 5538/1955
f 903/1951 5538/1955 7006/1954 4842/1953
f 903/1951 4842/1953 6990/1891 4817/1892
f 904/1957 5310/1886 7468/1887 5959/1945
f 904/1957 5959/1945 7481/1946 2898/1958
f 904/1957 2898/1958 7482/1956 6119/1952
f 904/1957 6119/1952 7467/2048 5310/1886
f 905/1959 3393/1962 7483/1961 5879/1960
f 905/1959 5879/1960 7411/1658 4153/1659
f 905/1959 4153/1659 7414/1660 4152/1964
f 905/1959 4152/1964 7484/1963 3393/1962
f 906/1965 3557/1966 7484/1963 4152/1964
f 906/1965 4152/1964 7414/1660 4418/1687
f 906/1965 4418/1687 7422/1688 4801/1968
f 906/1965 4801/1968 7485/1967 3557/1966
f 907/1969 3392/1970 7485/1967 4801/1968
f 907/1969 4801/1968 7422/1688 4319/1707
f 907/1969 4319/1707 7427/1708 3207/1972
f 907/1969 3207/1972 7486/1971 3392/1970
f 908/1973 3244/1974 7486/1971 3207/1972
f 908/1973 3207/1972 7427/1708 3997/1727
f 908/1973 3997/1727 7432/1728 3134/1976
f 908/1973 3134/1976 7487/1975 3244/1974
f 909/1977 5879/1960 7483/1961 3089/1978
f 909/1977 3089/1978 7488/1980 3698/1979
f 909/1977 3698/1979 7440/1765 2573/1763
f 909/1977 2573/1763 7411/1658 5879/1960
f 910/1981 4017/1982 7487/1975 3134/1976
f 910/1981 3134/1976 7432/1728 4899/2047
f 910/1981 4899/2047 7444/1776 6303/1984
f 910/1981 6303/1984 7489/1983 4017/1982
f 911/1985 3864/1986 7489/1983 6303/1984
f 911/1985 6303/1984 7444/1776 4327/1803
f 911/1985 4327/1803 7450/1804 2631/1988
f 911/1985 2631/1988 7490/1987 3864/1986
f 912/2050 3698/1979 7488/1980 3891/1990
f 912/2050 3891/1990 7490/1992 2631/1991
f 912/2050 2631/1991 7450/1825 6097/1823
f 912/2050 6097/1823 7440/1765 3698/1979
f 913/2051 3352/2052 7491/2053 3502/2054
f 913/2051 3502/2054 7492/2055 3370/2056
f 913/2051 3370/2056 7493/2057 2675/2058
f 913/2051 2675/2058 7494/2059 3352/2052
f 914/2060 2767/2061 7494/2059 2675/2058
f 914/2060 2675/2058 7493/2057 2748/2062
f 914/2060 2748/2062 7495/2063 2989/2064
f 914/2060 2989/2064 7496/2065 2767/2061
f 915/2066 3502/2054 7491/2053 3007/2067
f 915/2066 3007/2067 7497/2068 2600/2069
f 915/2066 2600/2069 7498/2070 3023/2071
f 915/2066 3023/2071 7492/2055 3502/2054
f 916/2072 2748/2062 7493/2057 5144/2073
f 916/2072 5144/2073 7499/2074 5555/2075
f 916/2072 5555/2075 7500/2076 5362/2077
f 916/2072 5362/2077 7495/2063 2748/2062
f 917/2078 4982/2079 7492/2055 3023/2071
f 917/2078 3023/2071 7498/2070 5594/2080
f 917/2078 5594/2080 7501/2081 5674/2082
f 917/2078 5674/2082 7502/2083 4982/2079
f 918/2084 3370/2056 7492/2055 4982/2079
f 918/2084 4982/2079 7502/2083 5446/2085
f 918/2084 5446/2085 7499/2074 5144/2073
f 918/2084 5144/2073 7493/2057 3370/2056
f 919/2086 5450/2087 7494/2059 2767/2061
f 919/2086 2767/2061 7496/2065 5621/2088
f 919/2086 5621/2088 7503/2089 5648/2090
f 919/2086 5648/2090 7504/2091 5450/2087
f 920/2092 5132/2093 7498/2070 2600/2069
f 920/2092 2600/2069 7497/2068 5150/2094
f 920/2092 5150/2094 7505/2095 5741/2096
f 920/2092 5741/2096 7506/2097 5132/2093
f 921/2098 5437/2099 7504/2091 5648/2090
f 921/2098 5648/2090 7503/2089 5859/2100
f 921/2098 5859/2100 7507/2101 2525/2102
f 921/2098 2525/2102 7508/2103 5437/2099
f 922/2104 2467/2105 7508/2103 2525/2102
f 922/2104 2525/2102 7507/2101 2445/2106
f 922/2104 2445/2106 7509/2107 2524/2108
f 922/2104 2524/2108 7510/2109 2467/2105
f 923/2110 2547/2111 7510/2109 2524/2108
f 923/2110 2524/2108 7509/2107 2455/2112
f 923/2110 2455/2112 7511/2113 2630/2114
f 923/2110 2630/2114 7512/2115 2547/2111
f 924/2116 2515/2117 7512/2115 2630/2114
f 924/2116 2630/2114 7511/2113 2716/2118
f 924/2116 2716/2118 7513/2119 2314/2120
f 924/2116 2314/2120 7514/2121 2515/2117
f 925/2122 5476/2123 7501/2081 5594/2080
f 925/2122 5594/2080 7498/2070 5132/2093
f 925/2122 5132/2093 7506/2097 2993/2124
f 925/2122 2993/2124 7515/2125 5476/2123
f 926/2126 3713/2127 7515/2125 2993/2124
f 926/2126 2993/2124 7506/2097 3061/2128
f 926/2126 3061/2128 7516/2129 3934/2130
f 926/2126 3934/2130 7517/2131 3713/2127
f 927/2132 5741/2096 7505/2095 4956/2133
f 927/2132 4956/2133 7518/2134 3984/2135
f 927/2132 3984/2135 7516/2129 3061/2128
f 927/2132 3061/2128 7506/2097 5741/2096
f 928/2136 5555/2075 7499/2074 4365/2137
f 928/2136 4365/2137 7519/2138 6462/2139
f 928/2136 6462/2139 7520/2140 4953/2141
f 928/2136 4953/2141 7500/2076 5555/2075
f 929/2142 6462/2139 7519/2138 2261/2143
f 929/2142 2261/2143 7521/2144 2220/2145
f 929/2142 2220/2145 7522/2146 2377/2147
f 929/2142 2377/2147 7520/2140 6462/2139
f 930/2148 5446/2085 7502/2083 4872/2149
f 930/2148 4872/2149 7523/2150 2389/2151
f 930/2148 2389/2151 7519/2138 4365/2137
f 930/2148 4365/2137 7499/2074 5446/2085
f 931/2152 2636/2153 7521/2144 2261/2143
f 931/2152 2261/2143 7519/2138 2389/2151
f 931/2152 2389/2151 7523/2150 2823/2154
f 931/2152 2823/2154 7524/2155 2636/2153
f 932/2156 5674/2082 7501/2081 4264/2157
f 932/2156 4264/2157 7525/2158 2738/2159
f 932/2156 2738/2159 7523/2150 4872/2149
f 932/2156 4872/2149 7502/2083 5674/2082
f 933/2160 2759/2161 7524/2155 2823/2154
f 933/2160 2823/2154 7523/2150 2738/2159
f 933/2160 2738/2159 7525/2158 2822/2162
f 933/2160 2822/2162 7526/2163 2759/2161
f 934/2164 5476/2123 7515/2125 3032/2165
f 934/2164 3032/2165 7527/2166 2747/2167
f 934/2164 2747/2167 7525/2158 4264/2157
f 934/2164 4264/2157 7501/2081 5476/2123
f 935/2168 2211/2169 7526/2163 2822/2162
f 935/2168 2822/2162 7525/2158 2747/2167
f 935/2168 2747/2167 7527/2166 2286/2170
f 935/2168 2286/2170 7528/2171 2211/2169
f 936/2172 3713/2127 7517/2131 3048/2173
f 936/2172 3048/2173 7529/2174 2232/2175
f 936/2172 2232/2175 7527/2166 3032/2165
f 936/2172 3032/2165 7515/2125 3713/2127
f 937/2176 2247/2177 7528/2171 2286/2170
f 937/2176 2286/2170 7527/2166 2232/2175
f 937/2176 2232/2175 7529/2174 6315/2178
f 937/2176 6315/2178 7530/2179 2247/2177
f 938/2180 2220/2145 7521/2144 2850/2181
f 938/2180 2850/2181 7531/2182 6083/2183
f 938/2180 6083/2183 7532/2184 5368/2185
f 938/2180 5368/2185 7522/2146 2220/2145
f 939/2186 6358/2187 7533/2188 6218/2189
f 939/2186 6218/2189 7534/2190 6208/2191
f 939/2186 6208/2191 7535/2192 6191/2193
f 939/2186 6191/2193 7536/2194 6358/2187
f 940/2195 5450/2087 7504/2091 3621/2196
f 940/2195 3621/2196 7537/2197 6436/2198
f 940/2195 6436/2198 7538/2199 3287/2200
f 940/2195 3287/2200 7494/2059 5450/2087
f 941/2201 5437/2099 7508/2103 4344/2202
f 941/2201 4344/2202 7539/2203 6220/2204
f 941/2201 6220/2204 7537/2197 3621/2196
f 941/2201 3621/2196 7504/2091 5437/2099
f 942/2205 5077/2206 7512/2115 2515/2117
f 942/2205 2515/2117 7514/2121 5000/2207
f 942/2205 5000/2207 7540/2208 6264/2209
f 942/2205 6264/2209 7541/2210 5077/2206
f 943/2211 2399/2212 7491/2053 3352/2052
f 943/2211 3352/2052 7494/2059 3287/2200
f 943/2211 3287/2200 7538/2199 2937/2213
f 943/2211 2937/2213 7542/2214 2399/2212
f 944/2215 4035/2216 7497/2068 3007/2067
f 944/2215 3007/2067 7491/2053 2399/2212
f 944/2215 2399/2212 7542/2214 2335/2217
f 944/2215 2335/2217 7543/2218 4035/2216
f 945/2219 3312/2220 7505/2095 5150/2094
f 945/2219 5150/2094 7497/2068 4035/2216
f 945/2219 4035/2216 7543/2218 2348/2221
f 945/2219 2348/2221 7544/2222 3312/2220
f 946/2223 4232/2224 7518/2134 4956/2133
f 946/2223 4956/2133 7505/2095 3312/2220
f 946/2223 3312/2220 7544/2222 6308/2225
f 946/2223 6308/2225 7545/2226 4232/2224
f 947/2227 2467/2105 7510/2109 4631/2228
f 947/2227 4631/2228 7546/2229 2241/2230
f 947/2227 2241/2230 7539/2203 4344/2202
f 947/2227 4344/2202 7508/2103 2467/2105
f 948/2231 4631/2228 7510/2109 2547/2111
f 948/2231 2547/2111 7512/2115 4661/2232
f 948/2231 4661/2232 7547/2233 4024/2234
f 948/2231 4024/2234 7546/2229 4631/2228
f 949/2235 2877/2236 7534/2190 5068/2237
f 949/2235 5068/2237 7518/2134 4232/2224
f 949/2235 4232/2224 7545/2226 6193/2238
f 949/2235 6193/2238 7548/2239 2877/2236
f 950/2240 2351/2241 7549/2242 3259/2243
f 950/2240 3259/2243 7535/2192 3199/2244
f 950/2240 3199/2244 7550/2245 2405/2246
f 950/2240 2405/2246 7551/2247 2351/2241
f 951/2248 5077/2206 7541/2210 3666/2249
f 951/2248 3666/2249 7552/2250 6238/2251
f 951/2248 6238/2251 7547/2233 4661/2232
f 951/2248 4661/2232 7512/2115 5077/2206
f 952/2252 2936/2253 7553/2254 2787/2255
f 952/2252 2787/2255 7554/2256 2770/2257
f 952/2252 2770/2257 7555/2258 2674/2259
f 952/2252 2674/2259 7556/2260 2936/2253
f 953/2261 3192/2262 7557/2263 2382/2264
f 953/2261 2382/2264 7558/2265 6250/2266
f 953/2261 6250/2266 7552/2250 3666/2249
f 953/2261 3666/2249 7541/2210 3192/2262
f 954/2267 6463/2268 7559/2269 5916/2270
f 954/2267 5916/2270 7560/2271 6350/2272
f 954/2267 6350/2272 7553/2254 6275/2273
f 954/2267 6275/2273 7557/2263 6463/2268
f 955/2274 2347/2275 7554/2256 2787/2255
f 955/2274 2787/2255 7553/2254 6350/2272
f 955/2274 6350/2272 7560/2271 6059/2276
f 955/2274 6059/2276 7561/2277 2347/2275
f 956/2278 2351/2241 7551/2247 6256/2279
f 956/2278 6256/2279 7555/2258 2770/2257
f 956/2278 2770/2257 7554/2256 6290/2280
f 956/2278 6290/2280 7549/2242 2351/2241
f 957/2281 3691/2282 7536/2194 6191/2193
f 957/2281 6191/2193 7535/2192 3259/2243
f 957/2281 3259/2243 7549/2242 2553/2283
f 957/2281 2553/2283 7562/2284 3691/2282
f 958/2285 6290/2280 7554/2256 2225/2286
f 958/2285 2225/2286 7563/2287 5821/2288
f 958/2285 5821/2288 7562/2284 2553/2283
f 958/2285 2553/2283 7549/2242 6290/2280
f 959/2289 2347/2275 7561/2277 5950/2290
f 959/2289 5950/2290 7564/2291 5841/2292
f 959/2289 5841/2292 7563/2287 2225/2286
f 959/2289 2225/2286 7554/2256 2347/2275
f 960/2293 6436/2198 7537/2197 3687/2294
f 960/2293 3687/2294 7565/2295 3255/2296
f 960/2293 3255/2296 7542/2214 2937/2213
f 960/2293 2937/2213 7538/2199 6436/2198
f 961/2297 6220/2204 7539/2203 4897/2298
f 961/2297 4897/2298 7566/2299 2764/2300
f 961/2297 2764/2300 7565/2295 3687/2294
f 961/2297 3687/2294 7537/2197 6220/2204
f 962/2301 2241/2230 7546/2229 5432/2302
f 962/2301 5432/2302 7567/2303 2750/2304
f 962/2301 2750/2304 7566/2299 4897/2298
f 962/2301 4897/2298 7539/2203 2241/2230
f 963/2305 5432/2302 7546/2229 4024/2234
f 963/2305 4024/2234 7547/2233 6238/2251
f 963/2305 6238/2251 7552/2250 6000/2306
f 963/2305 6000/2306 7567/2303 5432/2302
f 964/2307 5460/2308 7568/2309 2720/2310
f 964/2307 2720/2310 7569/2311 5766/2312
f 964/2307 5766/2312 7550/2245 6369/2313
f 964/2307 6369/2313 7548/2239 5460/2308
f 965/2314 6003/2315 7556/2260 2674/2259
f 965/2314 2674/2259 7555/2258 6256/2279
f 965/2314 6256/2279 7551/2247 5633/2316
f 965/2314 5633/2316 7570/2317 6003/2315
f 966/2318 5633/2316 7551/2247 2405/2246
f 966/2318 2405/2246 7550/2245 5766/2312
f 966/2318 5766/2312 7569/2311 2847/2319
f 966/2318 2847/2319 7570/2317 5633/2316
f 967/2320 6275/2273 7553/2254 2936/2253
f 967/2320 2936/2253 7556/2260 2204/2321
f 967/2320 2204/2321 7558/2265 2382/2264
f 967/2320 2382/2264 7557/2263 6275/2273
f 968/2322 6264/2209 7540/2208 3264/2323
f 968/2322 3264/2323 7559/2269 6463/2268
f 968/2322 6463/2268 7557/2263 3192/2262
f 968/2322 3192/2262 7541/2210 6264/2209
f 969/2324 4908/2325 7543/2218 2335/2217
f 969/2324 2335/2217 7542/2214 3255/2296
f 969/2324 3255/2296 7565/2295 3130/2326
f 969/2324 3130/2326 7571/2327 4908/2325
f 970/2328 3130/2326 7565/2295 2764/2300
f 970/2328 2764/2300 7566/2299 3237/2329
f 970/2328 3237/2329 7572/2330 2809/2331
f 970/2328 2809/2331 7571/2327 3130/2326
f 971/2332 3237/2329 7566/2299 2750/2304
f 971/2332 2750/2304 7567/2303 3060/2333
f 971/2332 3060/2333 7573/2334 3774/2335
f 971/2332 3774/2335 7572/2330 3237/2329
f 972/2336 3060/2333 7567/2303 6000/2306
f 972/2336 6000/2306 7552/2250 6250/2266
f 972/2336 6250/2266 7558/2265 5915/2337
f 972/2336 5915/2337 7573/2334 3060/2333
f 973/2338 5915/2337 7558/2265 2204/2321
f 973/2338 2204/2321 7556/2260 6003/2315
f 973/2338 6003/2315 7570/2317 2857/2339
f 973/2338 2857/2339 7573/2334 5915/2337
f 974/2340 2847/2319 7569/2311 2978/2341
f 974/2340 2978/2341 7572/2330 3774/2335
f 974/2340 3774/2335 7573/2334 2857/2339
f 974/2340 2857/2339 7570/2317 2847/2319
f 975/2342 4905/2343 7516/2129 3984/2135
f 975/2342 3984/2135 7518/2134 5068/2237
f 975/2342 5068/2237 7534/2190 6218/2189
f 975/2342 6218/2189 7533/2188 4905/2343
f 976/2344 3199/2244 7535/2192 6208/2191
f 976/2344 6208/2191 7534/2190 2877/2236
f 976/2344 2877/2236 7548/2239 6369/2313
f 976/2344 6369/2313 7550/2245 3199/2244
f 977/2345 6308/2225 7544/2222 5136/2346
f 977/2345 5136/2346 7568/2309 5460/2308
f 977/2345 5460/2308 7548/2239 6193/2238
f 977/2345 6193/2238 7545/2226 6308/2225
f 978/2347 2720/2310 7568/2309 3137/2348
f 978/2347 3137/2348 7571/2327 2809/2331
f 978/2347 2809/2331 7572/2330 2978/2341
f 978/2347 2978/2341 7569/2311 2720/2310
f 979/2349 2348/2221 7543/2218 4908/2325
f 979/2349 4908/2325 7571/2327 3137/2348
f 979/2349 3137/2348 7568/2309 5136/2346
f 979/2349 5136/2346 7544/2222 2348/2221
f 980/2350 2636/2153 7524/2155 4263/2351
f 980/2350 4263/2351 7574/2352 3722/2353
f 980/2350 3722/2353 7531/2182 2850/2181
f 980/2350 2850/2181 7521/2144 2636/2153
f 981/2354 2759/2161 7526/2163 3343/2355
f 981/2354 3343/2355 7575/2356 3955/2357
f 981/2354 3955/2357 7574/2352 4263/2351
f 981/2354 4263/2351 7524/2155 2759/2161
f 982/2358 2211/2169 7528/2171 3362/2359
f 982/2358 3362/2359 7576/2360 4240/2361
f 982/2358 4240/2361 7575/2356 3343/2355
f 982/2358 3343/2355 7526/2163 2211/2169
f 983/2362 2247/2177 7530/2179 3690/2363
f 983/2362 3690/2363 7577/2364 4206/2365
f 983/2362 4206/2365 7576/2360 3362/2359
f 983/2362 3362/2359 7528/2171 2247/2177
f 984/2366 2690/2367 7514/2121 2314/2120
f 984/2366 2314/2120 7513/2119 2444/2368
f 984/2366 2444/2368 7578/2369 3645/2370
f 984/2366 3645/2370 7579/2371 2690/2367
f 985/2372 3690/2363 7530/2179 3480/2373
f 985/2372 3480/2373 7580/2374 3675/2375
f 985/2372 3675/2375 7581/2376 3903/2377
f 985/2372 3903/2377 7577/2364 3690/2363
f 986/2378 2686/2379 7577/2364 3903/2377
f 986/2378 3903/2377 7581/2376 2974/2380
f 986/2378 2974/2380 7582/2381 3102/2382
f 986/2378 3102/2382 7583/2383 2686/2379
f 987/2384 2689/2385 7576/2360 4206/2365
f 987/2384 4206/2365 7577/2364 2686/2379
f 987/2384 2686/2379 7583/2383 3004/2386
f 987/2384 3004/2386 7584/2387 2689/2385
f 988/2388 2642/2389 7575/2356 4240/2361
f 988/2388 4240/2361 7576/2360 2689/2385
f 988/2388 2689/2385 7584/2387 3001/2390
f 988/2388 3001/2390 7585/2391 2642/2389
f 989/2392 2659/2393 7574/2352 3955/2357
f 989/2392 3955/2357 7575/2356 2642/2389
f 989/2392 2642/2389 7585/2391 5669/2394
f 989/2392 5669/2394 7586/2395 2659/2393
f 990/2396 2965/2397 7531/2182 3722/2353
f 990/2396 3722/2353 7574/2352 2659/2393
f 990/2396 2659/2393 7586/2395 5659/2398
f 990/2396 5659/2398 7587/2399 2965/2397
f 991/2400 5775/2401 7532/2184 6083/2183
f 991/2400 6083/2183 7531/2182 2965/2397
f 991/2400 2965/2397 7587/2399 5702/2402
f 991/2400 5702/2402 7588/2403 5775/2401
f 992/2404 3018/2405 7589/2406 6223/2407
f 992/2404 6223/2407 7590/2408 2470/2409
f 992/2404 2470/2409 7582/2381 2974/2380
f 992/2404 2974/2380 7581/2376 3018/2405
f 993/2410 6176/2411 7591/2412 6255/2413
f 993/2410 6255/2413 7592/2414 6188/2415
f 993/2410 6188/2415 7590/2408 6223/2407
f 993/2410 6223/2407 7589/2406 6176/2411
f 994/2416 5692/2417 7592/2414 6255/2413
f 994/2416 6255/2413 7591/2412 6205/2418
f 994/2416 6205/2418 7593/2419 5763/2420
f 994/2416 5763/2420 7594/2421 5692/2417
f 995/2422 6315/2178 7529/2174 2248/2423
f 995/2422 2248/2423 7595/2424 2673/2425
f 995/2422 2673/2425 7580/2374 3480/2373
f 995/2422 3480/2373 7530/2179 6315/2178
f 996/2426 3048/2173 7517/2131 3527/2427
f 996/2426 3527/2427 7596/2428 5549/2429
f 996/2426 5549/2429 7595/2424 2248/2423
f 996/2426 2248/2423 7529/2174 3048/2173
f 997/2430 3934/2130 7516/2129 3437/2431
f 997/2430 3437/2431 7597/2432 5427/2433
f 997/2430 5427/2433 7596/2428 3527/2427
f 997/2430 3527/2427 7517/2131 3934/2130
f 998/2434 4905/2343 7533/2188 6337/2435
f 998/2434 6337/2435 7598/2436 5416/2437
f 998/2434 5416/2437 7597/2432 3437/2431
f 998/2434 3437/2431 7516/2129 4905/2343
f 999/2438 6358/2187 7536/2194 2429/2439
f 999/2438 2429/2439 7599/2440 3297/2441
f 999/2438 3297/2441 7598/2436 6337/2435
f 999/2438 6337/2435 7533/2188 6358/2187
f 1000/2442 3691/2282 7562/2284 4664/2443
f 1000/2442 4664/2443 7600/2444 3272/2445
f 1000/2442 3272/2445 7599/2440 2429/2439
f 1000/2442 2429/2439 7536/2194 3691/2282
f 1001/2446 2724/2447 7594/2421 5763/2420
f 1001/2446 5763/2420 7593/2419 2741/2448
f 1001/2446 2741/2448 7601/2449 3788/2450
f 1001/2446 3788/2450 7602/2451 2724/2447
f 1002/2452 3382/2453 7601/2449 2741/2448
f 1002/2452 2741/2448 7593/2419 3169/2454
f 1002/2452 3169/2454 7603/2455 3487/2456
f 1002/2452 3487/2456 7604/2457 3382/2453
f 1003/2458 3169/2454 7593/2419 6205/2418
f 1003/2458 6205/2418 7591/2412 2239/2459
f 1003/2458 2239/2459 7605/2460 3266/2461
f 1003/2458 3266/2461 7603/2455 3169/2454
f 1004/2462 2239/2459 7591/2412 6176/2411
f 1004/2462 6176/2411 7589/2406 2330/2463
f 1004/2462 2330/2463 7606/2464 4277/2465
f 1004/2462 4277/2465 7605/2460 2239/2459
f 1005/2466 2330/2463 7589/2406 3018/2405
f 1005/2466 3018/2405 7581/2376 3675/2375
f 1005/2466 3675/2375 7580/2374 6217/2467
f 1005/2466 6217/2467 7606/2464 2330/2463
f 1006/2468 4212/2469 7604/2457 3487/2456
f 1006/2468 3487/2456 7603/2455 4196/2470
f 1006/2468 4196/2470 7607/2471 3450/2472
f 1006/2468 3450/2472 7608/2473 4212/2469
f 1007/2474 4196/2470 7603/2455 3266/2461
f 1007/2474 3266/2461 7605/2460 3419/2475
f 1007/2474 3419/2475 7609/2476 3388/2477
f 1007/2474 3388/2477 7607/2471 4196/2470
f 1008/2478 2673/2425 7595/2424 2657/2479
f 1008/2478 2657/2479 7610/2480 3359/2481
f 1008/2478 3359/2481 7606/2464 6217/2467
f 1008/2478 6217/2467 7580/2374 2673/2425
f 1009/2482 3419/2475 7605/2460 4277/2465
f 1009/2482 4277/2465 7606/2464 3359/2481
f 1009/2482 3359/2481 7610/2480 3697/2483
f 1009/2482 3697/2483 7609/2476 3419/2475
f 1010/2484 3450/2472 7607/2471 3792/2485
f 1010/2484 3792/2485 7611/2486 5208/2487
f 1010/2484 5208/2487 7612/2488 3334/2489
f 1010/2484 3334/2489 7608/2473 3450/2472
f 1011/2490 3388/2477 7609/2476 3509/2491
f 1011/2490 3509/2491 7613/2492 5238/2493
f 1011/2490 5238/2493 7611/2486 3792/2485
f 1011/2490 3792/2485 7607/2471 3388/2477
f 1012/2494 3509/2491 7609/2476 3697/2483
f 1012/2494 3697/2483 7610/2480 3279/2495
f 1012/2494 3279/2495 7614/2496 5207/2497
f 1012/2494 5207/2497 7613/2492 3509/2491
f 1013/2498 5549/2429 7596/2428 2246/2499
f 1013/2498 2246/2499 7614/2496 3279/2495
f 1013/2498 3279/2495 7610/2480 2657/2479
f 1013/2498 2657/2479 7595/2424 5549/2429
f 1014/2500 5414/2501 7612/2488 5208/2487
f 1014/2500 5208/2487 7611/2486 5360/2502
f 1014/2500 5360/2502 7615/2503 5632/2504
f 1014/2500 5632/2504 7616/2505 5414/2501
f 1015/2506 5360/2502 7611/2486 5238/2493
f 1015/2506 5238/2493 7613/2492 5413/2507
f 1015/2506 5413/2507 7617/2508 5851/2509
f 1015/2506 5851/2509 7615/2503 5360/2502
f 1016/2510 5413/2507 7613/2492 5207/2497
f 1016/2510 5207/2497 7614/2496 5393/2511
f 1016/2510 5393/2511 7618/2512 5660/2513
f 1016/2510 5660/2513 7617/2508 5413/2507
f 1017/2514 5427/2433 7597/2432 4066/2515
f 1017/2514 4066/2515 7618/2512 5393/2511
f 1017/2514 5393/2511 7614/2496 2246/2499
f 1017/2514 2246/2499 7596/2428 5427/2433
f 1018/2516 5564/2517 7616/2505 5632/2504
f 1018/2516 5632/2504 7615/2503 5436/2518
f 1018/2516 5436/2518 7619/2519 6349/2520
f 1018/2516 6349/2520 7620/2521 5564/2517
f 1019/2522 5436/2518 7615/2503 5851/2509
f 1019/2522 5851/2509 7617/2508 5454/2523
f 1019/2522 5454/2523 7621/2524 6155/2525
f 1019/2522 6155/2525 7619/2519 5436/2518
f 1020/2526 5454/2523 7617/2508 5660/2513
f 1020/2526 5660/2513 7618/2512 6394/2527
f 1020/2526 6394/2527 7622/2528 6091/2529
f 1020/2526 6091/2529 7621/2524 5454/2523
f 1021/2530 5416/2437 7598/2436 2647/2531
f 1021/2530 2647/2531 7622/2528 6394/2527
f 1021/2530 6394/2527 7618/2512 4066/2515
f 1021/2530 4066/2515 7597/2432 5416/2437
f 1022/2532 3297/2441 7599/2440 2820/2533
f 1022/2532 2820/2533 7623/2534 5708/2535
f 1022/2532 5708/2535 7622/2528 2647/2531
f 1022/2532 2647/2531 7598/2436 3297/2441
f 1023/2536 3272/2445 7600/2444 2968/2537
f 1023/2536 2968/2537 7624/2538 5865/2539
f 1023/2536 5865/2539 7623/2534 2820/2533
f 1023/2536 2820/2533 7599/2440 3272/2445
f 1024/2540 6153/2541 7559/2269 3264/2323
f 1024/2540 3264/2323 7540/2208 3543/2542
f 1024/2540 3543/2542 7625/2543 5002/2544
f 1024/2540 5002/2544 7626/2545 6153/2541
f 1025/2546 3543/2542 7540/2208 5000/2207
f 1025/2546 5000/2207 7514/2121 2690/2367
f 1025/2546 2690/2367 7579/2371 4533/2547
f 1025/2546 4533/2547 7625/2543 3543/2542
f 1026/2548 6283/2549 7560/2271 5916/2270
f 1026/2548 5916/2270 7559/2269 6153/2541
f 1026/2548 6153/2541 7626/2545 5268/2550
f 1026/2548 5268/2550 7627/2551 6283/2549
f 1027/2552 6292/2553 7561/2277 6059/2276
f 1027/2552 6059/2276 7560/2271 6283/2549
f 1027/2552 6283/2549 7627/2551 5282/2554
f 1027/2552 5282/2554 7628/2555 6292/2553
f 1028/2556 5101/2557 7628/2555 5282/2554
f 1028/2556 5282/2554 7627/2551 5237/2558
f 1028/2556 5237/2558 7629/2559 4896/2560
f 1028/2556 4896/2560 7630/2561 5101/2557
f 1029/2562 5237/2558 7627/2551 5268/2550
f 1029/2562 5268/2550 7626/2545 5192/2563
f 1029/2562 5192/2563 7631/2564 4970/2565
f 1029/2562 4970/2565 7629/2559 5237/2558
f 1030/2566 5192/2563 7626/2545 5002/2544
f 1030/2566 5002/2544 7625/2543 3369/2567
f 1030/2566 3369/2567 7632/2568 3823/2569
f 1030/2566 3823/2569 7631/2564 5192/2563
f 1031/2570 3369/2567 7625/2543 4533/2547
f 1031/2570 4533/2547 7579/2371 3832/2571
f 1031/2570 3832/2571 7633/2572 3818/2573
f 1031/2570 3818/2573 7632/2568 3369/2567
f 1032/2574 3832/2571 7579/2371 3645/2370
f 1032/2574 3645/2370 7578/2369 3954/2575
f 1032/2574 3954/2575 7634/2576 3911/2577
f 1032/2574 3911/2577 7633/2572 3832/2571
f 1033/2578 3236/2579 7621/2524 6091/2529
f 1033/2578 6091/2529 7622/2528 5708/2535
f 1033/2578 5708/2535 7623/2534 3069/2580
f 1033/2578 3069/2580 7635/2581 3236/2579
f 1034/2582 3179/2583 7619/2519 6155/2525
f 1034/2582 6155/2525 7621/2524 3236/2579
f 1034/2582 3236/2579 7635/2581 3879/2584
f 1034/2582 3879/2584 7636/2585 3179/2583
f 1035/2586 3190/2587 7620/2521 6349/2520
f 1035/2586 6349/2520 7619/2519 3179/2583
f 1035/2586 3179/2583 7636/2585 4004/2588
f 1035/2586 4004/2588 7637/2589 3190/2587
f 1036/2590 5865/2539 7624/2538 3718/2591
f 1036/2590 3718/2591 7638/2592 3987/2593
f 1036/2590 3987/2593 7635/2581 3069/2580
f 1036/2590 3069/2580 7623/2534 5865/2539
f 1037/2594 3888/2595 7636/2585 3879/2584
f 1037/2594 3879/2584 7635/2581 3987/2593
f 1037/2594 3987/2593 7638/2592 4746/2596
f 1037/2594 4746/2596 7639/2597 3888/2595
f 1038/2598 3766/2599 7637/2589 4004/2588
f 1038/2598 4004/2588 7636/2585 3888/2595
f 1038/2598 3888/2595 7639/2597 5033/2600
f 1038/2598 5033/2600 7640/2601 3766/2599
f 1039/2602 4877/2603 7641/2604 5256/2605
f 1039/2602 5256/2605 7642/2606 5206/2607
f 1039/2602 5206/2607 7643/2608 5100/2609
f 1039/2602 5100/2609 7644/2610 4877/2603
f 1040/2611 4833/2612 7645/2613 4966/2614
f 1040/2611 4966/2614 7641/2604 4877/2603
f 1040/2611 4877/2603 7644/2610 4770/2615
f 1040/2611 4770/2615 7646/2616 4833/2612
f 1041/2617 5110/2618 7639/2597 4746/2596
f 1041/2617 4746/2596 7638/2592 5091/2619
f 1041/2617 5091/2619 7642/2606 5256/2605
f 1041/2617 5256/2605 7641/2604 5110/2618
f 1042/2620 5298/2621 7640/2601 5033/2600
f 1042/2620 5033/2600 7639/2597 5110/2618
f 1042/2620 5110/2618 7641/2604 4966/2614
f 1042/2620 4966/2614 7645/2613 5298/2621
f 1043/2622 5961/2623 7644/2610 5100/2609
f 1043/2622 5100/2609 7643/2608 4854/2624
f 1043/2622 4854/2624 7647/2625 6172/2626
f 1043/2622 6172/2626 7648/2627 5961/2623
f 1044/2628 6352/2629 7648/2627 6172/2626
f 1044/2628 6172/2626 7647/2625 6228/2630
f 1044/2628 6228/2630 7649/2631 6195/2632
f 1044/2628 6195/2632 7650/2633 6352/2629
f 1045/2634 6116/2635 7650/2633 6195/2632
f 1045/2634 6195/2632 7649/2631 6258/2636
f 1045/2634 6258/2636 7651/2637 4655/2638
f 1045/2634 4655/2638 7652/2639 6116/2635
f 1046/2640 3397/2641 7564/2291 5950/2290
f 1046/2640 5950/2290 7561/2277 6292/2553
f 1046/2640 6292/2553 7628/2555 6447/2642
f 1046/2640 6447/2642 7653/2643 3397/2641
f 1047/2644 5101/2557 7630/2561 2237/2645
f 1047/2644 2237/2645 7654/2646 4654/2647
f 1047/2644 4654/2647 7653/2643 6447/2642
f 1047/2644 6447/2642 7628/2555 5101/2557
f 1048/2648 5149/2649 7654/2646 2237/2645
f 1048/2648 2237/2645 7630/2561 6456/2650
f 1048/2648 6456/2650 7655/2651 5220/2652
f 1048/2648 5220/2652 7656/2653 5149/2649
f 1049/2654 5423/2655 7646/2616 4770/2615
f 1049/2654 4770/2615 7644/2610 5465/2656
f 1049/2654 5465/2656 7657/2657 4469/2658
f 1049/2654 4469/2658 7658/2659 5423/2655
f 1050/2660 6352/2629 7650/2633 5672/2661
f 1050/2660 5672/2661 7659/2662 4760/2663
f 1050/2660 4760/2663 7660/2664 5449/2665
f 1050/2660 5449/2665 7648/2627 6352/2629
f 1051/2666 5961/2623 7648/2627 5449/2665
f 1051/2666 5449/2665 7660/2664 4604/2667
f 1051/2666 4604/2667 7657/2657 5465/2656
f 1051/2666 5465/2656 7644/2610 5961/2623
f 1052/2668 6116/2635 7652/2639 5289/2669
f 1052/2668 5289/2669 7661/2670 4723/2671
f 1052/2668 4723/2671 7659/2662 5672/2661
f 1052/2668 5672/2661 7650/2633 6116/2635
f 1053/2672 4723/2671 7661/2670 4371/2673
f 1053/2672 4371/2673 7662/2674 4357/2675
f 1053/2672 4357/2675 7663/2676 4588/2677
f 1053/2672 4588/2677 7659/2662 4723/2671
f 1054/2678 4760/2663 7659/2662 4588/2677
f 1054/2678 4588/2677 7663/2676 4343/2679
f 1054/2678 4343/2679 7664/2680 4570/2681
f 1054/2678 4570/2681 7660/2664 4760/2663
f 1055/2682 4604/2667 7660/2664 4570/2681
f 1055/2682 4570/2681 7664/2680 4308/2683
f 1055/2682 4308/2683 7665/2684 3841/2685
f 1055/2682 3841/2685 7657/2657 4604/2667
f 1056/2686 4469/2658 7657/2657 3841/2685
f 1056/2686 3841/2685 7665/2684 4532/2687
f 1056/2686 4532/2687 7666/2688 3820/2689
f 1056/2686 3820/2689 7658/2659 4469/2658
f 1057/2690 4167/2691 7662/2674 4371/2673
f 1057/2690 4371/2673 7661/2670 4317/2692
f 1057/2690 4317/2692 7667/2693 4761/2694
f 1057/2690 4761/2694 7668/2695 4167/2691
f 1058/2696 5289/2669 7652/2639 3741/2697
f 1058/2696 3741/2697 7669/2698 4304/2699
f 1058/2696 4304/2699 7667/2693 4317/2692
f 1058/2696 4317/2692 7661/2670 5289/2669
f 1059/2700 3854/2701 7662/2674 4167/2691
f 1059/2700 4167/2691 7668/2695 4318/2702
f 1059/2700 4318/2702 7670/2703 5248/2704
f 1059/2700 5248/2704 7671/2705 3854/2701
f 1060/2706 5074/2707 7666/2688 4532/2687
f 1060/2706 4532/2687 7665/2684 4652/2708
f 1060/2706 4652/2708 7672/2709 4434/2710
f 1060/2706 4434/2710 7673/2711 5074/2707
f 1061/2712 3692/2713 7663/2676 4357/2675
f 1061/2712 4357/2675 7662/2674 3854/2701
f 1061/2712 3854/2701 7671/2705 4352/2714
f 1061/2712 4352/2714 7674/2715 3692/2713
f 1062/2716 4652/2708 7665/2684 4308/2683
f 1062/2716 4308/2683 7664/2680 4988/2717
f 1062/2716 4988/2717 7675/2718 4302/2719
f 1062/2716 4302/2719 7672/2709 4652/2708
f 1063/2720 4988/2717 7664/2680 4343/2679
f 1063/2720 4343/2679 7663/2676 3692/2713
f 1063/2720 3692/2713 7674/2715 4783/2721
f 1063/2720 4783/2721 7675/2718 4988/2717
f 1064/2722 4783/2721 7674/2715 4352/2714
f 1064/2722 4352/2714 7671/2705 4478/2723
f 1064/2722 4478/2723 7676/2724 4658/2725
f 1064/2722 4658/2725 7675/2718 4783/2721
f 1065/2726 4722/2727 7673/2711 4434/2710
f 1065/2726 4434/2710 7672/2709 4735/2728
f 1065/2726 4735/2728 7677/2729 6226/2730
f 1065/2726 6226/2730 7678/2731 4722/2727
f 1066/2732 4735/2728 7672/2709 4302/2719
f 1066/2732 4302/2719 7675/2718 4658/2725
f 1066/2732 4658/2725 7676/2724 4545/2733
f 1066/2732 4545/2733 7677/2729 4735/2728
f 1067/2734 4478/2723 7671/2705 5248/2704
f 1067/2734 5248/2704 7670/2703 4697/2735
f 1067/2734 4697/2735 7679/2736 4414/2737
f 1067/2734 4414/2737 7676/2724 4478/2723
f 1068/2738 6372/2739 7677/2729 4545/2733
f 1068/2738 4545/2733 7676/2724 4414/2737
f 1068/2738 4414/2737 7679/2736 6135/2740
f 1068/2738 6135/2740 7680/2741 6372/2739
f 1069/2742 4398/2743 7678/2731 6226/2730
f 1069/2742 6226/2730 7677/2729 6372/2739
f 1069/2742 6372/2739 7680/2741 4563/2744
f 1069/2742 4563/2744 7681/2745 4398/2743
f 1070/2746 4896/2560 7629/2559 4807/2747
f 1070/2746 4807/2747 7682/2748 2468/2749
f 1070/2746 2468/2749 7655/2651 6456/2650
f 1070/2746 6456/2650 7630/2561 4896/2560
f 1071/2750 2468/2749 7682/2748 4587/2751
f 1071/2750 4587/2751 7683/2752 5035/2753
f 1071/2750 5035/2753 7684/2754 2609/2755
f 1071/2750 2609/2755 7655/2651 2468/2749
f 1072/2756 5295/2757 7685/2758 5174/2759
f 1072/2756 5174/2759 7684/2754 5035/2753
f 1072/2756 5035/2753 7683/2752 5162/2760
f 1072/2756 5162/2760 7686/2761 5295/2757
f 1073/2762 4673/2763 7687/2764 5073/2765
f 1073/2762 5073/2765 7688/2766 4690/2767
f 1073/2762 4690/2767 7689/2768 4694/2769
f 1073/2762 4694/2769 7690/2770 4673/2763
f 1074/2771 6344/2772 7667/2693 4304/2699
f 1074/2771 4304/2699 7669/2698 6185/2773
f 1074/2771 6185/2773 7691/2774 3938/2775
f 1074/2771 3938/2775 7692/2776 6344/2772
f 1075/2777 3943/2778 7693/2779 3827/2780
f 1075/2777 3827/2780 7694/2781 3812/2782
f 1075/2777 3812/2782 7695/2783 3790/2784
f 1075/2777 3790/2784 7696/2785 3943/2778
f 1076/2786 4970/2565 7631/2564 4810/2787
f 1076/2786 4810/2787 7697/2788 4893/2789
f 1076/2786 4893/2789 7682/2748 4807/2747
f 1076/2786 4807/2747 7629/2559 4970/2565
f 1077/2790 4981/2791 7698/2792 3853/2793
f 1077/2790 3853/2793 7683/2752 4587/2751
f 1077/2790 4587/2751 7682/2748 4893/2789
f 1077/2790 4893/2789 7697/2788 4981/2791
f 1078/2794 5090/2795 7699/2796 3950/2797
f 1078/2794 3950/2797 7686/2761 5162/2760
f 1078/2794 5162/2760 7683/2752 3853/2793
f 1078/2794 3853/2793 7698/2792 5090/2795
f 1079/2798 5339/2799 7700/2800 3890/2801
f 1079/2798 3890/2801 7686/2761 3950/2797
f 1079/2798 3950/2797 7699/2796 4858/2802
f 1079/2798 4858/2802 7701/2803 5339/2799
f 1080/2804 4828/2805 7692/2776 4433/2806
f 1080/2804 4433/2806 7700/2800 5339/2799
f 1080/2804 5339/2799 7701/2803 4941/2807
f 1080/2804 4941/2807 7702/2808 4828/2805
f 1081/2809 2245/2810 7668/2695 4761/2694
f 1081/2809 4761/2694 7667/2693 6344/2772
f 1081/2809 6344/2772 7692/2776 4828/2805
f 1081/2809 4828/2805 7702/2808 2245/2810
f 1082/2811 4133/2812 7633/2572 3911/2577
f 1082/2811 3911/2577 7634/2576 3896/2813
f 1082/2811 3896/2813 7703/2814 5798/2815
f 1082/2811 5798/2815 7704/2816 4133/2812
f 1083/2817 3818/2573 7633/2572 4133/2812
f 1083/2817 4133/2812 7704/2816 5759/2818
f 1083/2817 5759/2818 7705/2819 4186/2820
f 1083/2817 4186/2820 7632/2568 3818/2573
f 1084/2821 3823/2569 7632/2568 4186/2820
f 1084/2821 4186/2820 7705/2819 5277/2822
f 1084/2821 5277/2822 7697/2788 4810/2787
f 1084/2821 4810/2787 7631/2564 3823/2569
f 1085/2823 5798/2815 7703/2814 5965/2824
f 1085/2823 5965/2824 7706/2825 6240/2826
f 1085/2823 6240/2826 7707/2827 5911/2828
f 1085/2823 5911/2828 7704/2816 5798/2815
f 1086/2829 5759/2818 7704/2816 5911/2828
f 1086/2829 5911/2828 7707/2827 6400/2830
f 1086/2829 6400/2830 7708/2831 5922/2832
f 1086/2829 5922/2832 7705/2819 5759/2818
f 1087/2833 4373/2834 7698/2792 4981/2791
f 1087/2833 4981/2791 7697/2788 5277/2822
f 1087/2833 5277/2822 7705/2819 5922/2832
f 1087/2833 5922/2832 7708/2831 4373/2834
f 1088/2835 6014/2836 7709/2837 6133/2838
f 1088/2835 6133/2838 7710/2839 5723/2840
f 1088/2835 5723/2840 7711/2841 5643/2842
f 1088/2835 5643/2842 7712/2843 6014/2836
f 1089/2844 5164/2845 7713/2846 5960/2847
f 1089/2844 5960/2847 7709/2837 6014/2836
f 1089/2844 6014/2836 7712/2843 5066/2848
f 1089/2844 5066/2848 7714/2849 5164/2845
f 1090/2850 5729/2851 7588/2403 5702/2402
f 1090/2850 5702/2402 7587/2399 5490/2852
f 1090/2850 5490/2852 7715/2853 5190/2854
f 1090/2850 5190/2854 7716/2855 5729/2851
f 1091/2856 5490/2852 7587/2399 5659/2398
f 1091/2856 5659/2398 7586/2395 5537/2857
f 1091/2856 5537/2857 7717/2858 5124/2859
f 1091/2856 5124/2859 7715/2853 5490/2852
f 1092/2860 5537/2857 7586/2395 5669/2394
f 1092/2860 5669/2394 7585/2391 5647/2861
f 1092/2860 5647/2861 7718/2862 3604/2863
f 1092/2860 3604/2863 7717/2858 5537/2857
f 1093/2864 5647/2861 7585/2391 3001/2390
f 1093/2864 3001/2390 7584/2387 2862/2865
f 1093/2864 2862/2865 7719/2866 3771/2867
f 1093/2864 3771/2867 7718/2862 5647/2861
f 1094/2868 2862/2865 7584/2387 3004/2386
f 1094/2868 3004/2386 7583/2383 2687/2869
f 1094/2868 2687/2869 7720/2870 3648/2871
f 1094/2868 3648/2871 7719/2866 2862/2865
f 1095/2872 2687/2869 7583/2383 3102/2382
f 1095/2872 3102/2382 7582/2381 2962/2873
f 1095/2872 2962/2873 7721/2874 3396/2875
f 1095/2872 3396/2875 7720/2870 2687/2869
f 1096/2876 2962/2873 7582/2381 2470/2409
f 1096/2876 2470/2409 7590/2408 6289/2877
f 1096/2876 6289/2877 7722/2878 4195/2879
f 1096/2876 4195/2879 7721/2874 2962/2873
f 1097/2880 6289/2877 7590/2408 6188/2415
f 1097/2880 6188/2415 7592/2414 5355/2881
f 1097/2880 5355/2881 7723/2882 4215/2883
f 1097/2880 4215/2883 7722/2878 6289/2877
f 1098/2884 5355/2881 7592/2414 5692/2417
f 1098/2884 5692/2417 7594/2421 5439/2885
f 1098/2884 5439/2885 7724/2886 3436/2887
f 1098/2884 3436/2887 7723/2882 5355/2881
f 1099/2888 5934/2889 7725/2890 3283/2891
f 1099/2888 3283/2891 7726/2892 6368/2893
f 1099/2888 6368/2893 6692/2894 5336/2895
f 1099/2888 5336/2895 6695/2896 5934/2889
f 1100/2897 2346/2898 7727/2899 3258/2900
f 1100/2897 3258/2900 7728/2901 2341/2902
f 1100/2897 2341/2902 6689/2903 5754/2904
f 1100/2897 5754/2904 6688/2905 2346/2898
f 1101/2906 2341/2902 7728/2901 3228/2907
f 1101/2906 3228/2907 7729/2908 6104/2909
f 1101/2906 6104/2909 6696/2910 5280/2911
f 1101/2906 5280/2911 6689/2903 2341/2902
f 1102/2912 6104/2909 7729/2908 5451/2913
f 1102/2912 5451/2913 7730/2914 2407/2915
f 1102/2912 2407/2915 6698/2916 3598/2917
f 1102/2912 3598/2917 6696/2910 6104/2909
f 1103/2918 2407/2915 7730/2914 5578/2919
f 1103/2918 5578/2919 7731/2920 2432/2921
f 1103/2918 2432/2921 6700/2922 4166/2923
f 1103/2918 4166/2923 6698/2916 2407/2915
f 1104/2924 2432/2921 7731/2920 5445/2925
f 1104/2924 5445/2925 7732/2926 2613/2927
f 1104/2924 2613/2927 6702/2928 4190/2929
f 1104/2924 4190/2929 6700/2922 2432/2921
f 1105/2930 2613/2927 7732/2926 5833/2931
f 1105/2930 5833/2931 7733/2932 3110/2933
f 1105/2930 3110/2933 6704/2934 3422/2935
f 1105/2930 3422/2935 6702/2928 2613/2927
f 1106/2936 3110/2933 7733/2932 5522/2937
f 1106/2936 5522/2937 7734/2938 2723/2939
f 1106/2936 2723/2939 6706/2940 3395/2941
f 1106/2936 3395/2941 6704/2934 3110/2933
f 1107/2942 2723/2939 7734/2938 5540/2943
f 1107/2942 5540/2943 7735/2944 3460/2945
f 1107/2942 3460/2945 6708/2946 3363/2947
f 1107/2942 3363/2947 6706/2940 2723/2939
f 1108/2948 3460/2945 7735/2944 4969/2949
f 1108/2948 4969/2949 7725/2890 5934/2889
f 1108/2948 5934/2889 6695/2896 4269/2950
f 1108/2948 4269/2950 6708/2946 3460/2945
f 1109/2951 4151/2952 7716/2855 5190/2854
f 1109/2951 5190/2854 7715/2853 4438/2953
f 1109/2951 4438/2953 7728/2901 3258/2900
f 1109/2951 3258/2900 7727/2899 4151/2952
f 1110/2954 4438/2953 7715/2853 5124/2859
f 1110/2954 5124/2859 7717/2858 4222/2955
f 1110/2954 4222/2955 7729/2908 3228/2907
f 1110/2954 3228/2907 7728/2901 4438/2953
f 1111/2956 4222/2955 7717/2858 3604/2863
f 1111/2956 3604/2863 7718/2862 4471/2957
f 1111/2956 4471/2957 7730/2914 5451/2913
f 1111/2956 5451/2913 7729/2908 4222/2955
f 1112/2958 4471/2957 7718/2862 3771/2867
f 1112/2958 3771/2867 7719/2866 4451/2959
f 1112/2958 4451/2959 7731/2920 5578/2919
f 1112/2958 5578/2919 7730/2914 4471/2957
f 1113/2960 4451/2959 7719/2866 3648/2871
f 1113/2960 3648/2871 7720/2870 4809/2961
f 1113/2960 4809/2961 7732/2926 5445/2925
f 1113/2960 5445/2925 7731/2920 4451/2959
f 1114/2962 4809/2961 7720/2870 3396/2875
f 1114/2962 3396/2875 7721/2874 4689/2963
f 1114/2962 4689/2963 7733/2932 5833/2931
f 1114/2962 5833/2931 7732/2926 4809/2961
f 1115/2964 4689/2963 7721/2874 4195/2879
f 1115/2964 4195/2879 7722/2878 4519/2965
f 1115/2964 4519/2965 7734/2938 5522/2937
f 1115/2964 5522/2937 7733/2932 4689/2963
f 1116/2966 4519/2965 7722/2878 4215/2883
f 1116/2966 4215/2883 7723/2882 5188/2967
f 1116/2966 5188/2967 7735/2944 5540/2943
f 1116/2966 5540/2943 7734/2938 4519/2965
f 1117/2968 5188/2967 7723/2882 3436/2887
f 1117/2968 3436/2887 7724/2886 3376/2969
f 1117/2968 3376/2969 7725/2890 4969/2949
f 1117/2968 4969/2949 7735/2944 5188/2967
f 1118/2970 3342/2971 7656/2653 5220/2652
f 1118/2970 5220/2652 7655/2651 2609/2755
f 1118/2970 2609/2755 7684/2754 6409/2972
f 1118/2970 6409/2972 7736/2973 3342/2971
f 1119/2974 6409/2972 7684/2754 5174/2759
f 1119/2974 5174/2759 7685/2758 6267/2975
f 1119/2974 6267/2975 7737/2976 6280/2977
f 1119/2974 6280/2977 7736/2973 6409/2972
f 1120/2978 5727/2979 7738/2980 3038/2981
f 1120/2978 3038/2981 7693/2779 3943/2778
f 1120/2978 3943/2778 7696/2785 3156/2982
f 1120/2978 3156/2982 7739/2983 5727/2979
f 1121/2984 4690/2767 7688/2766 5789/2985
f 1121/2984 5789/2985 7738/2980 5727/2979
f 1121/2984 5727/2979 7739/2983 5808/2986
f 1121/2984 5808/2986 7689/2768 4690/2767
f 1122/2987 2912/2988 7691/2774 6185/2773
f 1122/2987 6185/2773 7669/2698 5141/2989
f 1122/2987 5141/2989 7740/2990 5726/2991
f 1122/2987 5726/2991 7741/2992 2912/2988
f 1123/2993 4655/2638 7651/2637 3973/2994
f 1123/2993 3973/2994 7740/2990 5141/2989
f 1123/2993 5141/2989 7669/2698 3741/2697
f 1123/2993 3741/2697 7652/2639 4655/2638
f 1124/2995 5367/2996 7762/2997 3178/2998
f 1124/2995 3178/2998 7741/2992 5519/2999
f 1124/2995 5519/2999 7743/3000 2997/3001
f 1124/2995 2997/3001 7742/3002 5367/2996
f 1125/3003 5065/3004 7737/2976 2875/3005
f 1125/3003 2875/3005 7762/2997 5367/2996
f 1125/3003 5367/2996 7742/3002 3338/3006
f 1125/3003 3338/3006 7744/3007 5065/3004
f 1126/3008 5519/2999 7741/2992 5726/2991
f 1126/3008 5726/2991 7740/2990 5131/3009
f 1126/3008 5131/3009 7745/3010 3265/3011
f 1126/3008 3265/3011 7743/3000 5519/2999
f 1127/3012 5131/3009 7740/2990 3973/2994
f 1127/3012 3973/2994 7651/2637 2463/3013
f 1127/3012 2463/3013 7746/3014 4045/3015
f 1127/3012 4045/3015 7745/3010 5131/3009
f 1128/3016 6258/2636 7649/2631 3805/3017
f 1128/3016 3805/3017 7747/3018 4093/3019
f 1128/3016 4093/3019 7746/3014 2463/3013
f 1128/3016 2463/3013 7651/2637 6258/2636
f 1129/3020 6228/2630 7647/2625 3512/3021
f 1129/3020 3512/3021 7748/3022 3610/3023
f 1129/3020 3610/3023 7747/3018 3805/3017
f 1129/3020 3805/3017 7649/2631 6228/2630
f 1130/3024 4854/2624 7643/2608 4205/3025
f 1130/3024 4205/3025 7749/3026 3679/3027
f 1130/3024 3679/3027 7748/3022 3512/3021
f 1130/3024 3512/3021 7647/2625 4854/2624
f 1131/3028 5206/2607 7642/2606 4155/3029
f 1131/3028 4155/3029 7750/3030 2835/3031
f 1131/3028 2835/3031 7749/3026 4205/3025
f 1131/3028 4205/3025 7643/2608 5206/2607
f 1132/3032 5091/2619 7638/2592 4067/3033
f 1132/3032 4067/3033 7751/3034 2808/3035
f 1132/3032 2808/3035 7750/3030 4155/3029
f 1132/3032 4155/3029 7642/2606 5091/2619
f 1133/3036 3718/2591 7624/2538 5338/3037
f 1133/3036 5338/3037 7752/3038 2755/3039
f 1133/3036 2755/3039 7751/3034 4067/3033
f 1133/3036 4067/3033 7638/2592 3718/2591
f 1134/3040 5338/3037 7624/2538 2968/2537
f 1134/3040 2968/2537 7600/2444 5554/3041
f 1134/3040 5554/3041 7753/3042 5914/3043
f 1134/3040 5914/3043 7752/3038 5338/3037
f 1135/3044 5554/3041 7600/2444 4664/2443
f 1135/3044 4664/2443 7562/2284 2617/3045
f 1135/3044 2617/3045 7754/3046 5920/3047
f 1135/3044 5920/3047 7753/3042 5554/3041
f 1136/3048 2617/3045 7562/2284 5821/2288
f 1136/3048 5821/2288 7563/2287 6422/3049
f 1136/3048 6422/3049 7756/3050 6150/3051
f 1136/3048 6150/3051 7754/3046 2617/3045
f 1137/3052 6422/3049 7563/2287 5841/2292
f 1137/3052 5841/2292 7564/2291 6439/3053
f 1137/3052 6439/3053 7757/3054 2576/3055
f 1137/3052 2576/3055 7756/3050 6422/3049
f 1138/3056 6439/3053 7564/2291 3397/2641
f 1138/3056 3397/2641 7653/2643 5999/3057
f 1138/3056 5999/3057 7758/3058 2791/3059
f 1138/3056 2791/3059 7757/3054 6439/3053
f 1139/3060 6382/3061 7654/2646 5149/2649
f 1139/3060 5149/2649 7656/2653 6080/3062
f 1139/3060 6080/3062 7760/3063 2361/3064
f 1139/3060 2361/3064 7759/3065 6382/3061
f 1140/3066 5999/3057 7653/2643 4654/2647
f 1140/3066 4654/2647 7654/2646 6382/3061
f 1140/3066 6382/3061 7759/3065 3109/3067
f 1140/3066 3109/3067 7758/3058 5999/3057
f 1141/3068 6080/3062 7656/2653 3342/2971
f 1141/3068 3342/2971 7736/2973 3717/3069
f 1141/3068 3717/3069 7761/3070 2495/3071
f 1141/3068 2495/3071 7760/3063 6080/3062
f 1142/3072 3717/3069 7736/2973 6280/2977
f 1142/3072 6280/2977 7737/2976 5065/3004
f 1142/3072 5065/3004 7744/3007 4938/3073
f 1142/3072 4938/3073 7761/3070 3717/3069
f 1143/3074 6311/3075 7701/2803 4858/2802
f 1143/3074 4858/2802 7699/2796 5993/3076
f 1143/3074 5993/3076 7763/3077 2312/3078
f 1143/3074 2312/3078 7764/3079 6311/3075
f 1144/3080 2350/3081 7765/3082 2499/3083
f 1144/3080 2499/3083 7766/3084 2231/3085
f 1144/3080 2231/3085 7767/3086 2250/3087
f 1144/3080 2250/3087 7768/3088 2350/3081
f 1145/3089 5828/3090 7702/2808 4941/2807
f 1145/3089 4941/2807 7701/2803 6311/3075
f 1145/3089 6311/3075 7764/3079 2766/3091
f 1145/3089 2766/3091 7769/3092 5828/3090
f 1146/3093 2268/3094 7770/3095 6408/3096
f 1146/3093 6408/3096 7771/3097 6391/3098
f 1146/3093 6391/3098 7772/3099 6367/3100
f 1146/3093 6367/3100 7773/3101 2268/3094
f 1147/3102 3085/3103 7767/3086 2715/3104
f 1147/3102 2715/3104 7774/3105 2322/3106
f 1147/3102 2322/3106 7775/3107 6441/3108
f 1147/3102 6441/3108 7773/3101 3085/3103
f 1148/3109 2930/3110 7768/3088 2250/3087
f 1148/3109 2250/3087 7767/3086 3085/3103
f 1148/3109 3085/3103 7773/3101 6367/3100
f 1148/3109 6367/3100 7772/3099 2930/3110
f 1149/3111 6460/3112 7776/3113 2621/3114
f 1149/3111 2621/3114 7770/3095 2268/3094
f 1149/3111 2268/3094 7773/3101 6441/3108
f 1149/3111 6441/3108 7775/3107 6460/3112
f 1150/3115 2231/3085 7766/3084 2896/3116
f 1150/3115 2896/3116 7777/3117 2207/3118
f 1150/3115 2207/3118 7774/3105 2715/3104
f 1150/3115 2715/3104 7767/3086 2231/3085
f 1151/3119 6391/3098 7771/3097 2842/3120
f 1151/3119 2842/3120 7765/3082 2350/3081
f 1151/3119 2350/3081 7768/3088 2930/3110
f 1151/3119 2930/3110 7772/3099 6391/3098
f 1152/3121 2207/3118 7777/3117 6284/3122
f 1152/3121 6284/3122 7776/3113 6460/3112
f 1152/3121 6460/3112 7775/3107 2322/3106
f 1152/3121 2322/3106 7774/3105 2207/3118
f 1153/3123 2870/3124 7769/3092 2766/3091
f 1153/3123 2766/3091 7764/3079 2404/3125
f 1153/3123 2404/3125 7766/3084 2499/3083
f 1153/3123 2499/3083 7765/3082 2870/3124
f 1154/3126 5314/3127 7709/2837 5960/2847
f 1154/3126 5960/2847 7713/2846 4651/3128
f 1154/3126 4651/3128 7771/3097 6408/3096
f 1154/3126 6408/3096 7770/3095 5314/3127
f 1155/3129 4713/3130 7710/2839 6133/2838
f 1155/3129 6133/2838 7709/2837 5314/3127
f 1155/3129 5314/3127 7770/3095 2621/3114
f 1155/3129 2621/3114 7776/3113 4713/3130
f 1156/3131 2404/3125 7764/3079 2312/3078
f 1156/3131 2312/3078 7763/3077 3152/3132
f 1156/3131 3152/3132 7777/3117 2896/3116
f 1156/3131 2896/3116 7766/3084 2404/3125
f 1157/3133 4651/3128 7713/2846 4609/3134
f 1157/3133 4609/3134 7769/3092 2870/3124
f 1157/3133 2870/3124 7765/3082 2842/3120
f 1157/3133 2842/3120 7771/3097 4651/3128
f 1158/3135 3152/3132 7763/3077 5024/3136
f 1158/3135 5024/3136 7710/2839 4713/3130
f 1158/3135 4713/3130 7776/3113 6284/3122
f 1158/3135 6284/3122 7777/3117 3152/3132
f 1159/3137 4765/3138 7711/2841 5723/2840
f 1159/3137 5723/2840 7710/2839 5024/3136
f 1159/3137 5024/3136 7763/3077 5993/3076
f 1159/3137 5993/3076 7699/2796 4765/3138
f 1160/3139 4765/3138 7699/2796 5090/2795
f 1160/3139 5090/2795 7698/2792 4373/2834
f 1160/3139 4373/2834 7708/2831 6145/3140
f 1160/3139 6145/3140 7711/2841 4765/3138
f 1161/3141 5164/2845 7714/2849 6371/3142
f 1161/3141 6371/3142 7702/2808 5828/3090
f 1161/3141 5828/3090 7769/3092 4609/3134
f 1161/3141 4609/3134 7713/2846 5164/2845
f 1162/3143 4318/2702 7668/2695 2245/2810
f 1162/3143 2245/2810 7702/2808 6371/3142
f 1162/3143 6371/3142 7714/2849 3829/3144
f 1162/3143 3829/3144 7670/2703 4318/2702
f 1163/3145 3514/3146 7778/3147 2297/3148
f 1163/3145 2297/3148 7779/3149 3296/3150
f 1163/3145 3296/3150 6974/3151 5696/3152
f 1163/3145 5696/3152 6976/3153 3514/3146
f 1164/3154 3296/3150 7779/3149 2522/3155
f 1164/3154 2522/3155 7780/3156 2784/3157
f 1164/3154 2784/3157 6968/3158 5234/3159
f 1164/3154 5234/3159 6974/3151 3296/3150
f 1165/3160 2784/3157 7780/3156 2534/3161
f 1165/3160 2534/3161 7781/3162 2801/3163
f 1165/3160 2801/3163 6969/3164 3327/3165
f 1165/3160 3327/3165 6968/3158 2784/3157
f 1166/3166 2801/3163 7781/3162 2226/3167
f 1166/3166 2226/3167 7782/3168 3535/3169
f 1166/3166 3535/3169 6972/3170 3217/3171
f 1166/3166 3217/3171 6969/3164 2801/3163
f 1167/3172 4484/3173 7783/3174 3165/3175
f 1167/3172 3165/3175 7784/3176 3731/3177
f 1167/3172 3731/3177 6980/3178 5694/3179
f 1167/3172 5694/3179 6983/3180 4484/3173
f 1168/3181 3731/3177 7784/3176 3037/3182
f 1168/3181 3037/3182 7785/3183 3937/3184
f 1168/3181 3937/3184 6978/3185 6112/3186
f 1168/3181 6112/3186 6980/3178 3731/3177
f 1169/3187 3937/3184 7785/3183 2440/3188
f 1169/3187 2440/3188 7778/3147 3514/3146
f 1169/3187 3514/3146 6976/3153 5420/3189
f 1169/3187 5420/3189 6978/3185 3937/3184
f 1170/3190 2466/3191 7786/3192 4782/3193
f 1170/3190 4782/3193 6985/3194 2954/3195
f 1170/3190 2954/3195 6987/3196 4904/3197
f 1170/3190 4904/3197 7787/3198 2466/3191
f 1171/3199 4782/3193 7786/3192 6453/3200
f 1171/3199 6453/3200 7783/3174 4484/3173
f 1171/3199 4484/3173 6983/3180 2916/3201
f 1171/3199 2916/3201 6985/3194 4782/3193
f 1172/3202 4016/3203 7712/2843 5643/2842
f 1172/3202 5643/2842 7711/2841 3998/3204
f 1172/3202 3998/3204 7779/3149 2297/3148
f 1172/3202 2297/3148 7778/3147 4016/3203
f 1173/3205 3998/3204 7711/2841 6145/3140
f 1173/3205 6145/3140 7708/2831 3542/3206
f 1173/3205 3542/3206 7780/3156 2522/3155
f 1173/3205 2522/3155 7779/3149 3998/3204
f 1174/3207 3542/3206 7708/2831 6400/2830
f 1174/3207 6400/2830 7707/2827 3730/3208
f 1174/3207 3730/3208 7781/3162 2534/3161
f 1174/3207 2534/3161 7780/3156 3542/3206
f 1175/3209 3730/3208 7707/2827 6240/2826
f 1175/3209 6240/2826 7706/2825 3278/3210
f 1175/3209 3278/3210 7782/3168 2226/3167
f 1175/3209 2226/3167 7781/3162 3730/3208
f 1176/3211 5784/3212 7679/2736 4697/2735
f 1176/3211 4697/2735 7670/2703 5279/3213
f 1176/3211 5279/3213 7784/3176 3165/3175
f 1176/3211 3165/3175 7783/3174 5784/3212
f 1177/3214 5279/3213 7670/2703 3829/3144
f 1177/3214 3829/3144 7714/2849 3931/3215
f 1177/3214 3931/3215 7785/3183 3037/3182
f 1177/3214 3037/3182 7784/3176 5279/3213
f 1178/3216 3931/3215 7714/2849 5066/2848
f 1178/3216 5066/2848 7712/2843 4016/3203
f 1178/3216 4016/3203 7778/3147 2440/3188
f 1178/3216 2440/3188 7785/3183 3931/3215
f 1179/3217 4563/2744 7680/2741 6149/3218
f 1179/3217 6149/3218 7786/3192 2466/3191
f 1179/3217 2466/3191 7787/3198 6192/3219
f 1179/3217 6192/3219 7681/2745 4563/2744
f 1180/3220 6149/3218 7680/2741 6135/2740
f 1180/3220 6135/2740 7679/2736 5784/3212
f 1180/3220 5784/3212 7783/3174 6453/3200
f 1180/3220 6453/3200 7786/3192 6149/3218
f 1181/3221 3031/3222 7690/2770 2922/3223
f 1181/3221 2922/3223 7788/3224 2360/3225
f 1181/3221 2360/3225 7789/3226 3980/3227
f 1181/3221 3980/3227 7790/3228 3031/3222
f 1182/3229 2360/3225 7788/3224 3027/3230
f 1182/3229 3027/3230 7695/2783 2975/3231
f 1182/3229 2975/3231 7791/3232 4042/3233
f 1182/3229 4042/3233 7789/3226 2360/3225
f 1183/3234 3790/2784 7695/2783 3027/3230
f 1183/3234 3027/3230 7788/3224 5889/3235
f 1183/3234 5889/3235 7739/2983 3156/2982
f 1183/3234 3156/2982 7696/2785 3790/2784
f 1184/3236 5889/3235 7788/3224 2922/3223
f 1184/3236 2922/3223 7690/2770 4694/2769
f 1184/3236 4694/2769 7689/2768 5808/2986
f 1184/3236 5808/2986 7739/2983 5889/3235
f 1185/3237 4238/3238 7792/3239 5525/3240
f 1185/3237 5525/3240 7687/2764 4673/2763
f 1185/3237 4673/2763 7690/2770 3031/3222
f 1185/3237 3031/3222 7790/3228 4238/3238
f 1186/3241 4189/3242 7793/3243 3933/3244
f 1186/3241 3933/3244 7792/3239 4238/3238
f 1186/3241 4238/3238 7790/3228 3980/3227
f 1186/3241 3980/3227 7789/3226 4189/3242
f 1187/3245 2272/3246 7794/3247 2439/3248
f 1187/3245 2439/3248 7793/3243 4189/3242
f 1187/3245 4189/3242 7789/3226 4042/3233
f 1187/3245 4042/3233 7791/3232 2272/3246
f 1188/3249 3812/2782 7694/2781 3603/3250
f 1188/3249 3603/3250 7794/3247 2272/3246
f 1188/3249 2272/3246 7791/3232 2975/3231
f 1188/3249 2975/3231 7695/2783 3812/2782
f 1189/3251 4740/3252 7691/2774 2912/2988
f 1189/3251 2912/2988 7741/2992 5704/3253
f 1189/3251 5704/3253 7688/2766 5073/2765
f 1189/3251 5073/2765 7687/2764 4740/3252
f 1190/3254 2392/3255 7737/2976 6267/2975
f 1190/3254 6267/2975 7685/2758 4712/3256
f 1190/3254 4712/3256 7694/2781 3827/2780
f 1190/3254 3827/2780 7693/2779 2392/3255
f 1191/3257 3091/3258 7762/2997 2875/3005
f 1191/3257 2875/3005 7737/2976 2392/3255
f 1191/3257 2392/3255 7693/2779 3038/2981
f 1191/3257 3038/2981 7738/2980 3091/3258
f 1192/3259 5704/3253 7741/2992 3178/2998
f 1192/3259 3178/2998 7762/2997 3091/3258
f 1192/3259 3091/3258 7738/2980 5789/2985
f 1192/3259 5789/2985 7688/2766 5704/3253
f 1193/3260 3068/3261 7692/2776 3938/2775
f 1193/3260 3938/2775 7691/2774 4740/3252
f 1193/3260 4740/3252 7687/2764 5525/3240
f 1193/3260 5525/3240 7792/3239 3068/3261
f 1194/3262 2371/3263 7700/2800 4433/2806
f 1194/3262 4433/2806 7692/2776 3068/3261
f 1194/3262 3068/3261 7792/3239 3933/3244
f 1194/3262 3933/3244 7793/3243 2371/3263
f 1195/3264 5079/3265 7686/2761 3890/2801
f 1195/3264 3890/2801 7700/2800 2371/3263
f 1195/3264 2371/3263 7793/3243 2439/3248
f 1195/3264 2439/3248 7794/3247 5079/3265
f 1196/3266 4712/3256 7685/2758 5295/2757
f 1196/3266 5295/2757 7686/2761 5079/3265
f 1196/3266 5079/3265 7794/3247 3603/3250
f 1196/3266 3603/3250 7694/2781 4712/3256
f 1197/2051 2315/2054 7795/2053 2450/2052
f 1197/2051 2450/2052 7796/2059 2910/2058
f 1197/2051 2910/2058 7797/2057 3067/2056
f 1197/2051 3067/2056 7798/2055 2315/2054
f 1198/2060 2910/2058 7796/2059 2599/2061
f 1198/2060 2599/2061 7496/2065 2989/2064
f 1198/2060 2989/2064 7495/2063 2302/2062
f 1198/2060 2302/2062 7797/2057 2910/2058
f 1199/2066 2202/2067 7795/2053 2315/2054
f 1199/2066 2315/2054 7798/2055 3077/2071
f 1199/2066 3077/2071 7799/2070 2819/2069
f 1199/2066 2819/2069 7800/2068 2202/2067
f 1200/2072 2988/2073 7797/2057 2302/2062
f 1200/2072 2302/2062 7495/2063 5362/2077
f 1200/2072 5362/2077 7500/2076 3160/2075
f 1200/2072 3160/2075 7801/2074 2988/2073
f 1201/2078 3077/2071 7798/2055 2960/2079
f 1201/2078 2960/2079 7802/3267 5884/2082
f 1201/2078 5884/2082 7803/2081 2366/2080
f 1201/2078 2366/2080 7799/2070 3077/2071
f 1202/2084 2960/2079 7798/2055 3067/2056
f 1202/2084 3067/2056 7797/2057 2988/2073
f 1202/2084 2988/2073 7801/2074 2698/2085
f 1202/2084 2698/2085 7802/3267 2960/2079
f 1203/2086 2599/2061 7796/2059 6426/2087
f 1203/2086 6426/2087 7804/2091 2538/2090
f 1203/2086 2538/2090 7503/2089 5621/2088
f 1203/2086 5621/2088 7496/2065 2599/2061
f 1204/2092 2819/2069 7799/2070 2510/2093
f 1204/2092 2510/2093 7805/2097 5850/2096
f 1204/2092 5850/2096 7806/2095 2482/2094
f 1204/2092 2482/2094 7800/2068 2819/2069
f 1205/2098 2538/2090 7804/2091 6236/2099
f 1205/2098 6236/2099 7807/2103 6271/2102
f 1205/2098 6271/2102 7507/2101 5859/2100
f 1205/2098 5859/2100 7503/2089 2538/2090
f 1206/2104 6271/2102 7807/2103 6061/2105
f 1206/2104 6061/2105 7808/2109 6326/2108
f 1206/2104 6326/2108 7509/2107 2445/2106
f 1206/2104 2445/2106 7507/2101 6271/2102
f 1207/2110 6326/2108 7808/2109 5921/2111
f 1207/2110 5921/2111 7809/2115 5980/2114
f 1207/2110 5980/2114 7511/2113 2455/2112
f 1207/2110 2455/2112 7509/2107 6326/2108
f 1208/2116 5980/2114 7809/2115 5782/2117
f 1208/2116 5782/2117 7810/2121 5901/2120
f 1208/2116 5901/2120 7513/2119 2716/2118
f 1208/2116 2716/2118 7511/2113 5980/2114
f 1209/2122 2366/2080 7803/2081 6455/2123
f 1209/2122 6455/2123 7811/2125 2276/2124
f 1209/2122 2276/2124 7805/2097 2510/2093
f 1209/2122 2510/2093 7799/2070 2366/2080
f 1210/2126 2276/2124 7811/2125 2800/2127
f 1210/2126 2800/2127 7812/2131 3086/2130
f 1210/2126 3086/2130 7813/2129 6421/2128
f 1210/2126 6421/2128 7805/2097 2276/2124
f 1211/2132 2497/2133 7806/2095 5850/2096
f 1211/2132 5850/2096 7805/2097 6421/2128
f 1211/2132 6421/2128 7813/2129 3042/2135
f 1211/2132 3042/2135 7814/2134 2497/2133
f 1212/2136 6041/2137 7801/2074 3160/2075
f 1212/2136 3160/2075 7500/2076 4953/2141
f 1212/2136 4953/2141 7520/2140 3634/2139
f 1212/2136 3634/2139 7815/2138 6041/2137
f 1213/2142 3554/2143 7815/2138 3634/2139
f 1213/2142 3634/2139 7520/2140 2377/2147
f 1213/2142 2377/2147 7522/2146 3667/2145
f 1213/2142 3667/2145 7816/2144 3554/2143
f 1214/2148 2506/2149 7802/3267 2698/2085
f 1214/2148 2698/2085 7801/2074 6041/2137
f 1214/2148 6041/2137 7815/2138 3609/2151
f 1214/2148 3609/2151 7817/2150 2506/2149
f 1215/2152 3554/2143 7816/2144 3588/2153
f 1215/2152 3588/2153 7818/2155 3580/2154
f 1215/2152 3580/2154 7817/2150 3609/2151
f 1215/2152 3609/2151 7815/2138 3554/2143
f 1216/2156 2680/2157 7803/2081 5884/2082
f 1216/2156 5884/2082 7802/3267 2506/2149
f 1216/2156 2506/2149 7817/2150 3898/2159
f 1216/2156 3898/2159 7819/2158 2680/2157
f 1217/2160 3580/2154 7818/2155 3887/2161
f 1217/2160 3887/2161 7820/2163 4047/2162
f 1217/2160 4047/2162 7819/2158 3898/2159
f 1217/2160 3898/2159 7817/2150 3580/2154
f 1218/2164 6425/2165 7811/2125 6455/2123
f 1218/2164 6455/2123 7803/2081 2680/2157
f 1218/2164 2680/2157 7819/2158 4122/2167
f 1218/2164 4122/2167 7821/2166 6425/2165
f 1219/2168 4047/2162 7820/2163 4034/2169
f 1219/2168 4034/2169 7822/2171 3961/2170
f 1219/2168 3961/2170 7821/2166 4122/2167
f 1219/2168 4122/2167 7819/2158 4047/2162
f 1220/2172 6338/2173 7812/2131 2800/2127
f 1220/2172 2800/2127 7811/2125 6425/2165
f 1220/2172 6425/2165 7821/2166 3910/2175
f 1220/2172 3910/2175 7823/2174 6338/2173
f 1221/3268 3961/2170 7822/2171 3571/2177
f 1221/3268 3571/2177 7824/2179 3478/2178
f 1221/3268 3478/2178 7823/2174 3910/2175
f 1221/3268 3910/2175 7821/2166 3961/2170
f 1222/2180 4163/2181 7816/2144 3667/2145
f 1222/2180 3667/2145 7522/2146 5368/2185
f 1222/2180 5368/2185 7532/2184 5219/2183
f 1222/2180 5219/2183 7825/2182 4163/2181
f 1223/2186 3129/2189 7826/2188 2980/2187
f 1223/2186 2980/2187 7827/2194 3138/2193
f 1223/2186 3138/2193 7828/2192 3012/2191
f 1223/2186 3012/2191 7829/2190 3129/2189
f 1224/3269 3620/2196 7804/2091 6426/2087
f 1224/3269 6426/2087 7796/2059 5028/2200
f 1224/3269 5028/2200 7830/2199 5673/2198
f 1224/3269 5673/2198 7831/2197 3620/2196
f 1225/2201 3387/2202 7807/2103 6236/2099
f 1225/2201 6236/2099 7804/2091 3620/2196
f 1225/2201 3620/2196 7831/2197 5691/2204
f 1225/2201 5691/2204 7832/2203 3387/2202
f 1226/2205 5782/2117 7809/2115 4144/2206
f 1226/2205 4144/2206 7833/2210 5346/2209
f 1226/2205 5346/2209 7834/2208 4161/2207
f 1226/2205 4161/2207 7810/2121 5782/2117
f 1227/2211 2450/2052 7795/2053 4255/2212
f 1227/2211 4255/2212 7835/2214 5642/2213
f 1227/2211 5642/2213 7830/2199 5028/2200
f 1227/2211 5028/2200 7796/2059 2450/2052
f 1228/2215 2202/2067 7800/2068 4569/2216
f 1228/2215 4569/2216 7836/2218 5326/2217
f 1228/2215 5326/2217 7835/2214 4255/2212
f 1228/2215 4255/2212 7795/2053 2202/2067
f 1229/2219 2482/2094 7806/2095 4011/2220
f 1229/2219 4011/2220 7837/2222 5301/2221
f 1229/2219 5301/2221 7836/2218 4569/2216
f 1229/2219 4569/2216 7800/2068 2482/2094
f 1230/2223 2497/2133 7814/2134 3431/2224
f 1230/2223 3431/2224 7838/2226 5294/2225
f 1230/2223 5294/2225 7837/2222 4011/2220
f 1230/2223 4011/2220 7806/2095 2497/2133
f 1231/2227 3970/2228 7808/2109 6061/2105
f 1231/2227 6061/2105 7807/2103 3387/2202
f 1231/2227 3387/2202 7832/2203 6247/2230
f 1231/2227 6247/2230 7839/2229 3970/2228
f 1232/2231 5921/2111 7808/2109 3970/2228
f 1232/2231 3970/2228 7839/2229 5376/2234
f 1232/2231 5376/2234 7840/2233 3435/2232
f 1232/2231 3435/2232 7809/2115 5921/2111
f 1233/2235 4010/3270 7829/2190 6110/2236
f 1233/2235 6110/2236 7841/2239 5390/2238
f 1233/2235 5390/2238 7838/2226 3431/2224
f 1233/2235 3431/2224 7814/2134 4010/3270
f 1234/2240 6424/2243 7842/2242 5225/2241
f 1234/2240 5225/2241 7843/2247 3336/2246
f 1234/2240 3336/2246 7844/2245 6262/2244
f 1234/2240 6262/2244 7828/2192 6424/2243
f 1235/2248 2575/2249 7833/2210 4144/2206
f 1235/2248 4144/2206 7809/2115 3435/2232
f 1235/2248 3435/2232 7840/2233 3112/2251
f 1235/2248 3112/2251 7845/2250 2575/2249
f 1236/3271 3187/2255 7846/2254 3590/2253
f 1236/3271 3590/2253 7847/2260 3408/2259
f 1236/3271 3408/2259 7848/2258 4064/2257
f 1236/3271 4064/2257 7849/2256 3187/2255
f 1237/2261 4063/2264 7850/2263 6356/2262
f 1237/2261 6356/2262 7833/2210 2575/2249
f 1237/2261 2575/2249 7845/2250 3421/2266
f 1237/2261 3421/2266 7851/2265 4063/2264
f 1238/2267 3459/2270 7852/2269 3348/3272
f 1238/2267 3348/3272 7850/2263 3409/2273
f 1238/2267 3409/2273 7846/2254 3991/2272
f 1238/2267 3991/2272 7853/2271 3459/2270
f 1239/2274 3187/2255 7849/2256 3424/2275
f 1239/2274 3424/2275 7854/2277 3452/2276
f 1239/2274 3452/2276 7853/2271 3991/2272
f 1239/2274 3991/2272 7846/2254 3187/2255
f 1240/2278 3619/2279 7843/2247 5225/2241
f 1240/2278 5225/2241 7842/2242 3545/2280
f 1240/2278 3545/2280 7849/2256 4064/2257
f 1240/2278 4064/2257 7848/2258 3619/2279
f 1241/2281 3138/2193 7827/2194 5651/2282
f 1241/2281 5651/2282 7855/2284 3935/2283
f 1241/2281 3935/2283 7842/2242 6424/2243
f 1241/2281 6424/2243 7828/2192 3138/2193
f 1242/2285 3566/2286 7849/2256 3545/2280
f 1242/2285 3545/2280 7842/2242 3935/2283
f 1242/2285 3935/2283 7855/2284 5054/2288
f 1242/2285 5054/2288 7856/2287 3566/2286
f 1243/2289 3350/2290 7854/2277 3424/2275
f 1243/2289 3424/2275 7849/2256 3566/2286
f 1243/2289 3566/2286 7856/2287 5215/2292
f 1243/2289 5215/2292 7857/2291 3350/2290
f 1244/2293 3003/2294 7831/2197 5673/2198
f 1244/2293 5673/2198 7830/2199 5642/2213
f 1244/2293 5642/2213 7835/2214 2476/2296
f 1244/2293 2476/2296 7858/2295 3003/2294
f 1245/2297 2902/2298 7832/2203 5691/2204
f 1245/2297 5691/2204 7831/2197 3003/2294
f 1245/2297 3003/2294 7858/2295 4971/2300
f 1245/2297 4971/2300 7859/2299 2902/2298
f 1246/2301 4039/2302 7839/2229 6247/2230
f 1246/2301 6247/2230 7832/2203 2902/2298
f 1246/2301 2902/2298 7859/2299 5626/2304
f 1246/2301 5626/2304 7860/2303 4039/2302
f 1247/2305 5376/2234 7839/2229 4039/2302
f 1247/2305 4039/2302 7860/2303 2355/2306
f 1247/2305 2355/2306 7845/2250 3112/2251
f 1247/2305 3112/2251 7840/2233 5376/2234
f 1248/2307 5942/2310 7861/2309 4150/2308
f 1248/2307 4150/2308 7841/2239 3132/2313
f 1248/2307 3132/2313 7844/2245 6435/2312
f 1248/2307 6435/2312 7862/2311 5942/2310
f 1249/2314 3408/2259 7847/2260 2319/2315
f 1249/2314 2319/2315 7863/2317 6411/2316
f 1249/2314 6411/2316 7843/2247 3619/2279
f 1249/2314 3619/2279 7848/2258 3408/2259
f 1250/2318 3336/2246 7843/2247 6411/2316
f 1250/2318 6411/2316 7863/2317 5946/2319
f 1250/2318 5946/2319 7862/2311 6435/2312
f 1250/2318 6435/2312 7844/2245 3336/2246
f 1251/2320 3590/2253 7846/2254 3409/2273
f 1251/2320 3409/2273 7850/2263 4063/2264
f 1251/2320 4063/2264 7851/2265 3189/2321
f 1251/2320 3189/2321 7847/2260 3590/2253
f 1252/2322 3124/2323 7834/2208 5346/2209
f 1252/2322 5346/2209 7833/2210 6356/2262
f 1252/2322 6356/2262 7850/2263 3348/3272
f 1252/2322 3348/3272 7852/2269 3124/2323
f 1253/2324 5326/2217 7836/2218 4050/2325
f 1253/2324 4050/2325 7864/2327 5300/2326
f 1253/2324 5300/2326 7858/2295 2476/2296
f 1253/2324 2476/2296 7835/2214 5326/2217
f 1254/2328 4971/2300 7858/2295 5300/2326
f 1254/2328 5300/2326 7864/2327 6219/2331
f 1254/2328 6219/2331 7865/2330 5318/2329
f 1254/2328 5318/2329 7859/2299 4971/2300
f 1255/2332 5626/2304 7859/2299 5318/2329
f 1255/2332 5318/2329 7865/2330 5857/3273
f 1255/2332 5857/3273 7866/2334 5457/2333
f 1255/2332 5457/2333 7860/2303 5626/2304
f 1256/2336 2355/2306 7860/2303 5457/2333
f 1256/2336 5457/2333 7866/2334 3030/2337
f 1256/2336 3030/2337 7851/2265 3421/2266
f 1256/2336 3421/2266 7845/2250 2355/2306
f 1257/2338 3189/2321 7851/2265 3030/2337
f 1257/2338 3030/2337 7866/2334 6261/2339
f 1257/2338 6261/2339 7863/2317 2319/2315
f 1257/2338 2319/2315 7847/2260 3189/2321
f 1258/2340 6071/2341 7862/2311 5946/2319
f 1258/2340 5946/2319 7863/2317 6261/2339
f 1258/2340 6261/2339 7866/2334 5857/3273
f 1258/2340 5857/3273 7865/2330 6071/2341
f 1259/2342 3042/2135 7813/2129 2230/2343
f 1259/2342 2230/2343 7826/2188 3129/2189
f 1259/2342 3129/2189 7829/2190 4010/3270
f 1259/2342 4010/3270 7814/2134 3042/2135
f 1260/2344 3012/2191 7828/2192 6262/2244
f 1260/2344 6262/2244 7844/2245 3132/2313
f 1260/2344 3132/2313 7841/2239 6110/2236
f 1260/2344 6110/2236 7829/2190 3012/2191
f 1261/2345 3941/2346 7837/2222 5294/2225
f 1261/2345 5294/2225 7838/2226 5390/2238
f 1261/2345 5390/2238 7841/2239 4150/2308
f 1261/2345 4150/2308 7861/2309 3941/2346
f 1262/2347 6057/2348 7861/2309 5942/2310
f 1262/2347 5942/2310 7862/2311 6071/2341
f 1262/2347 6071/2341 7865/2330 6219/2331
f 1262/2347 6219/2331 7864/2327 6057/2348
f 1263/3274 4050/2325 7836/2218 5301/2221
f 1263/3274 5301/2221 7837/2222 3941/2346
f 1263/3274 3941/2346 7861/2309 6057/2348
f 1263/3274 6057/2348 7864/2327 4050/2325
f 1264/2350 4568/2351 7818/2155 3588/2153
f 1264/2350 3588/2153 7816/2144 4163/2181
f 1264/2350 4163/2181 7825/2182 4940/2353
f 1264/2350 4940/2353 7867/2352 4568/2351
f 1265/2354 4345/2355 7820/2163 3887/2161
f 1265/2354 3887/2161 7818/2155 4568/2351
f 1265/2354 4568/2351 7867/2352 5827/2357
f 1265/2354 5827/2357 7868/2356 4345/2355
f 1266/2358 4260/2359 7822/2171 4034/2169
f 1266/2358 4034/2169 7820/2163 4345/2355
f 1266/2358 4345/2355 7868/2356 4754/2361
f 1266/2358 4754/2361 7869/2360 4260/2359
f 1267/2362 4413/2363 7824/2179 3571/2177
f 1267/2362 3571/2177 7822/2171 4260/2359
f 1267/2362 4260/2359 7869/2360 4749/2365
f 1267/2362 4749/2365 7870/2364 4413/2363
f 1268/2366 5901/2120 7810/2121 5473/2367
f 1268/2366 5473/2367 7871/2371 4535/2370
f 1268/2366 4535/2370 7578/2369 2444/2368
f 1268/2366 2444/2368 7513/2119 5901/2120
f 1269/2372 4734/2373 7824/2179 4413/2363
f 1269/2372 4413/2363 7870/2364 4794/2377
f 1269/2372 4794/2377 7872/2376 4830/2375
f 1269/2372 4830/2375 7873/2374 4734/2373
f 1270/2378 4794/2377 7870/2364 5180/2379
f 1270/2378 5180/2379 7874/2383 4829/2382
f 1270/2378 4829/2382 7875/2381 4968/2380
f 1270/2378 4968/2380 7872/2376 4794/2377
f 1271/2384 4749/2365 7869/2360 5159/2385
f 1271/2384 5159/2385 7876/2387 4757/2386
f 1271/2384 4757/2386 7874/2383 5180/2379
f 1271/2384 5180/2379 7870/2364 4749/2365
f 1272/2388 4754/2361 7868/2356 3149/2389
f 1272/2388 3149/2389 7877/2391 3869/2390
f 1272/2388 3869/2390 7876/2387 5159/2385
f 1272/2388 5159/2385 7869/2360 4754/2361
f 1273/2392 5827/2357 7867/2352 3076/2393
f 1273/2392 3076/2393 7878/2395 3840/2394
f 1273/2392 3840/2394 7877/2391 3149/2389
f 1273/2392 3149/2389 7868/2356 5827/2357
f 1274/2396 4940/2353 7825/2182 4159/2397
f 1274/2396 4159/2397 7879/2399 4077/2398
f 1274/2396 4077/2398 7878/2395 3076/2393
f 1274/2396 3076/2393 7867/2352 4940/2353
f 1275/2400 5219/2183 7532/2184 5775/2401
f 1275/2400 5775/2401 7588/2403 4798/2402
f 1275/2400 4798/2402 7879/2399 4159/2397
f 1275/2400 4159/2397 7825/2182 5219/2183
f 1276/2404 3926/2407 7880/2406 3560/2405
f 1276/2404 3560/2405 7872/2376 4968/2380
f 1276/2404 4968/2380 7875/2381 4030/2409
f 1276/2404 4030/2409 7881/3275 3926/2407
f 1277/2410 4711/2413 7882/2412 3837/2411
f 1277/2410 3837/2411 7880/2406 3926/2407
f 1277/2410 3926/2407 7881/3275 4648/2415
f 1277/2410 4648/2415 7883/2414 4711/2413
f 1278/2416 4711/2413 7883/2414 4567/2417
f 1278/2416 4567/2417 7884/2421 5023/2420
f 1278/2416 5023/2420 7885/2419 4853/2418
f 1278/2416 4853/2418 7882/2412 4711/2413
f 1279/2422 3210/2423 7823/2174 3478/2178
f 1279/2422 3478/2178 7824/2179 4734/2373
f 1279/2422 4734/2373 7873/2374 4179/2425
f 1279/2422 4179/2425 7886/2424 3210/2423
f 1280/2426 2481/2427 7812/2131 6338/2173
f 1280/2426 6338/2173 7823/2174 3210/2423
f 1280/2426 3210/2423 7886/2424 5056/2429
f 1280/2426 5056/2429 7887/2428 2481/2427
f 1281/2430 2533/2431 7813/2129 3086/2130
f 1281/2430 3086/2130 7812/2131 2481/2427
f 1281/2430 2481/2427 7887/2428 5040/2433
f 1281/2430 5040/2433 7888/2432 2533/2431
f 1282/2434 3250/2435 7826/2188 2230/2343
f 1282/2434 2230/2343 7813/2129 2533/2431
f 1282/2434 2533/2431 7888/2432 4549/2437
f 1282/2434 4549/2437 7889/2436 3250/2435
f 1283/2438 3412/2439 7827/2194 2980/2187
f 1283/2438 2980/2187 7826/2188 3250/2435
f 1283/2438 3250/2435 7889/2436 4688/2441
f 1283/2438 4688/2441 7890/2440 3412/2439
f 1284/2442 3073/2443 7855/2284 5651/2282
f 1284/2442 5651/2282 7827/2194 3412/2439
f 1284/2442 3412/2439 7890/2440 4548/2445
f 1284/2442 4548/2445 7891/2444 3073/2443
f 1285/2446 5023/2420 7884/2421 5544/2447
f 1285/2446 5544/2447 7602/2451 3788/2450
f 1285/2446 3788/2450 7601/2449 6204/2448
f 1285/2446 6204/2448 7885/2419 5023/2420
f 1286/2452 6204/2448 7601/2449 3382/2453
f 1286/2452 3382/2453 7604/2457 5985/2456
f 1286/2452 5985/2456 7892/2455 4892/2454
f 1286/2452 4892/2454 7885/2419 6204/2448
f 1287/2458 4853/2418 7885/2419 4892/2454
f 1287/2458 4892/2454 7892/2455 6159/2461
f 1287/2458 6159/2461 7893/2460 5357/2459
f 1287/2458 5357/2459 7882/2412 4853/2418
f 1288/2462 3837/2411 7882/2412 5357/2459
f 1288/2462 5357/2459 7893/2460 6186/2465
f 1288/2462 6186/2465 7894/2464 3026/2463
f 1288/2462 3026/2463 7880/2406 3837/2411
f 1289/2466 3560/2405 7880/2406 3026/2463
f 1289/2466 3026/2463 7894/2464 2567/2467
f 1289/2466 2567/2467 7873/2374 4830/2375
f 1289/2466 4830/2375 7872/2376 3560/2405
f 1290/2468 5985/2456 7604/2457 4212/2469
f 1290/2468 4212/2469 7608/2473 5322/2472
f 1290/2468 5322/2472 7895/2471 6286/2470
f 1290/2468 6286/2470 7892/2455 5985/2456
f 1291/3276 6159/2461 7892/2455 6286/2470
f 1291/3276 6286/2470 7895/2471 4380/2477
f 1291/3276 4380/2477 7896/2476 6046/2475
f 1291/3276 6046/2475 7893/2460 6159/2461
f 1292/2478 5422/2479 7886/2424 4179/2425
f 1292/2478 4179/2425 7873/2374 2567/2467
f 1292/2478 2567/2467 7894/2464 4493/2481
f 1292/2478 4493/2481 7897/2480 5422/2479
f 1293/2482 6186/2465 7893/2460 6046/2475
f 1293/2482 6046/2475 7896/2476 4638/2483
f 1293/2482 4638/2483 7897/2480 4493/2481
f 1293/2482 4493/2481 7894/2464 6186/2465
f 1294/2484 4556/2485 7895/2471 5322/2472
f 1294/2484 5322/2472 7608/2473 3334/2489
f 1294/2484 3334/2489 7612/2488 3682/2487
f 1294/2484 3682/2487 7898/2486 4556/2485
f 1295/2490 4672/2491 7896/2476 4380/2477
f 1295/2490 4380/2477 7895/2471 4556/2485
f 1295/2490 4556/2485 7898/2486 4259/2493
f 1295/2490 4259/2493 7899/2492 4672/2491
f 1296/2494 4638/2483 7896/2476 4672/2491
f 1296/2494 4672/2491 7899/2492 4247/2497
f 1296/2494 4247/2497 7900/2496 4397/2495
f 1296/2494 4397/2495 7897/2480 4638/2483
f 1297/2498 5341/2499 7887/2428 5056/2429
f 1297/2498 5056/2429 7886/2424 5422/2479
f 1297/2498 5422/2479 7897/2480 4397/2495
f 1297/2498 4397/2495 7900/2496 5341/2499
f 1298/2500 3682/2487 7612/2488 5414/2501
f 1298/2500 5414/2501 7616/2505 3402/2504
f 1298/2500 3402/2504 7901/2503 4392/2502
f 1298/2500 4392/2502 7898/2486 3682/2487
f 1299/2506 4259/2493 7898/2486 4392/2502
f 1299/2506 4392/2502 7901/2503 4221/2509
f 1299/2506 4221/2509 7902/2508 5171/2507
f 1299/2506 5171/2507 7899/2492 4259/2493
f 1300/2510 4247/2497 7899/2492 5171/2507
f 1300/2510 5171/2507 7902/2508 4456/2513
f 1300/2510 4456/2513 7903/2512 5161/2511
f 1300/2510 5161/2511 7900/2496 4247/2497
f 1301/2514 5317/2515 7888/2432 5040/2433
f 1301/2514 5040/2433 7887/2428 5341/2499
f 1301/2514 5341/2499 7900/2496 5161/2511
f 1301/2514 5161/2511 7903/2512 5317/2515
f 1302/2516 3402/2504 7616/2505 5564/2517
f 1302/2516 5564/2517 7620/2521 3406/2520
f 1302/2516 3406/2520 7904/2519 4346/2518
f 1302/2516 4346/2518 7901/2503 3402/2504
f 1303/3277 4221/2509 7901/2503 4346/2518
f 1303/3277 4346/2518 7904/2519 4680/2525
f 1303/3277 4680/2525 7905/2524 4331/2523
f 1303/3277 4331/2523 7902/2508 4221/2509
f 1304/2526 4456/2513 7902/2508 4331/2523
f 1304/2526 4331/2523 7905/2524 4307/2529
f 1304/2526 4307/2529 7906/2528 4721/2527
f 1304/2526 4721/2527 7903/2512 4456/2513
f 1305/2530 5699/2531 7889/2436 4549/2437
f 1305/2530 4549/2437 7888/2432 5317/2515
f 1305/2530 5317/2515 7903/2512 4721/2527
f 1305/2530 4721/2527 7906/2528 5699/2531
f 1306/2532 5686/3278 7890/2440 4688/2441
f 1306/2532 4688/2441 7889/2436 5699/2531
f 1306/2532 5699/2531 7906/2528 4423/2535
f 1306/2532 4423/2535 7907/2534 5686/3278
f 1307/2536 5386/2537 7891/2444 4548/2445
f 1307/2536 4548/2445 7890/2440 5686/3278
f 1307/2536 5686/3278 7907/2534 4112/2539
f 1307/2536 4112/2539 7908/2538 5386/2537
f 1308/2540 3124/2323 7852/2269 4405/2541
f 1308/2540 4405/2541 7909/2545 4363/2544
f 1308/2540 4363/2544 7910/2543 2588/2542
f 1308/2540 2588/2542 7834/2208 3124/2323
f 1309/3279 4161/2207 7834/2208 2588/2542
f 1309/3279 2588/2542 7910/2543 5570/2547
f 1309/3279 5570/2547 7871/2371 5473/2367
f 1309/3279 5473/2367 7810/2121 4161/2207
f 1310/2548 3459/2270 7853/2271 4233/2549
f 1310/2548 4233/2549 7911/2551 4426/2550
f 1310/2548 4426/2550 7909/2545 4405/2541
f 1310/2548 4405/2541 7852/2269 3459/2270
f 1311/2552 3452/2276 7854/2277 4022/2553
f 1311/2552 4022/2553 7912/2555 4707/2554
f 1311/2552 4707/2554 7911/2551 4233/2549
f 1311/2552 4233/2549 7853/2271 3452/2276
f 1312/2556 4707/2554 7912/2555 4596/2557
f 1312/2556 4596/2557 7913/2561 4475/2560
f 1312/2556 4475/2560 7914/2559 4312/2558
f 1312/2556 4312/2558 7911/2551 4707/2554
f 1313/2562 4426/2550 7911/2551 4312/2558
f 1313/2562 4312/2558 7914/2559 5126/2565
f 1313/2562 5126/2565 7915/2564 4726/2563
f 1313/2562 4726/2563 7909/2545 4426/2550
f 1314/2566 4363/2544 7909/2545 4726/2563
f 1314/2566 4726/2563 7915/2564 5236/2569
f 1314/2566 5236/2569 7916/2568 4586/2567
f 1314/2566 4586/2567 7910/2543 4363/2544
f 1315/2570 5570/2547 7910/2543 4586/2567
f 1315/2570 4586/2567 7916/2568 5030/2573
f 1315/2570 5030/2573 7917/2572 5453/2571
f 1315/2570 5453/2571 7871/2371 5570/2547
f 1316/2574 4535/2370 7871/2371 5453/2571
f 1316/2574 5453/2571 7917/2572 6134/2577
f 1316/2574 6134/2577 7634/2576 3954/2575
f 1316/2574 3954/2575 7578/2369 4535/2370
f 1317/2578 4307/2529 7905/2524 3526/2579
f 1317/2578 3526/2579 7918/2581 4763/2580
f 1317/2578 4763/2580 7907/2534 4423/2535
f 1317/2578 4423/2535 7906/2528 4307/2529
f 1318/2582 4680/2525 7904/2519 3549/2583
f 1318/2582 3549/2583 7919/2585 4526/2584
f 1318/2582 4526/2584 7918/2581 3526/2579
f 1318/2582 3526/2579 7905/2524 4680/2525
f 1319/2586 3406/2520 7620/2521 3190/2587
f 1319/2586 3190/2587 7637/2589 5849/2588
f 1319/2586 5849/2588 7919/2585 3549/2583
f 1319/2586 3549/2583 7904/2519 3406/2520
f 1320/2590 4960/2591 7908/2538 4112/2539
f 1320/2590 4112/2539 7907/2534 4763/2580
f 1320/2590 4763/2580 7918/2581 4725/2593
f 1320/2590 4725/2593 7920/2592 4960/2591
f 1321/2594 4526/2584 7919/2585 4579/3280
f 1321/2594 4579/3280 7921/2597 6002/2596
f 1321/2594 6002/2596 7920/2592 4725/2593
f 1321/2594 4725/2593 7918/2581 4526/2584
f 1322/2598 5849/2588 7637/2589 3766/2599
f 1322/2598 3766/2599 7640/2601 2818/2600
f 1322/2598 2818/2600 7921/2597 4579/3280
f 1322/2598 4579/3280 7919/2585 5849/2588
f 1323/2602 6132/2605 7922/2604 6249/2603
f 1323/2602 6249/2603 7923/2610 6154/2609
f 1323/2602 6154/2609 7924/2608 6032/2607
f 1323/2602 6032/2607 7925/2606 6132/2605
f 1324/2611 2566/2614 7645/2613 4833/2612
f 1324/2611 4833/2612 7646/2616 2737/2615
f 1324/2611 2737/2615 7923/2610 6249/2603
f 1324/2611 6249/2603 7922/2604 2566/2614
f 1325/2617 6002/2596 7921/2597 6144/2618
f 1325/2617 6144/2618 7922/2604 6132/2605
f 1325/2617 6132/2605 7925/2606 6239/2619
f 1325/2617 6239/2619 7920/2592 6002/2596
f 1326/2620 2818/2600 7640/2601 5298/2621
f 1326/2620 5298/2621 7645/2613 2566/2614
f 1326/2620 2566/2614 7922/2604 6144/2618
f 1326/2620 6144/2618 7921/2597 2818/2600
f 1327/2622 6154/2609 7923/2610 4460/2623
f 1327/2622 4460/2623 7926/2627 4623/2626
f 1327/2622 4623/2626 7927/2625 4608/2624
f 1327/2622 4608/2624 7924/2608 6154/2609
f 1328/2628 4623/2626 7926/2627 4562/2629
f 1328/2628 4562/2629 7928/2633 4934/2632
f 1328/2628 4934/2632 7929/2631 4992/2630
f 1328/2628 4992/2630 7927/2625 4623/2626
f 1329/2634 4934/2632 7928/2633 4895/2635
f 1329/2634 4895/2635 7930/2639 4792/2638
f 1329/2634 4792/2638 7931/2637 5264/2636
f 1329/2634 5264/2636 7929/2631 4934/2632
f 1330/2640 3350/2290 7857/2291 5676/2641
f 1330/2640 5676/2641 7932/2643 5498/2642
f 1330/2640 5498/2642 7912/2555 4022/2553
f 1330/2640 4022/2553 7854/2277 3350/2290
f 1331/2644 5354/2645 7913/2561 4596/2557
f 1331/2644 4596/2557 7912/2555 5498/2642
f 1331/2644 5498/2642 7932/2643 4753/2647
f 1331/2644 4753/2647 7933/2646 5354/2645
f 1332/2648 5354/2645 7933/2646 4748/2649
f 1332/2648 4748/2649 7934/2653 3817/2652
f 1332/2648 3817/2652 7935/2651 6253/2650
f 1332/2648 6253/2650 7913/2561 5354/2645
f 1333/2654 2737/2615 7646/2616 5423/2655
f 1333/2654 5423/2655 7658/2659 2219/2658
f 1333/2654 2219/2658 7936/2657 4915/2656
f 1333/2654 4915/2656 7923/2610 2737/2615
f 1334/2660 4379/2661 7928/2633 4562/2629
f 1334/2660 4562/2629 7926/2627 5116/2665
f 1334/2660 5116/2665 7937/2664 4181/2663
f 1334/2660 4181/2663 7938/2662 4379/2661
f 1335/2666 5116/2665 7926/2627 4460/2623
f 1335/2666 4460/2623 7923/2610 4915/2656
f 1335/2666 4915/2656 7936/2657 3787/2667
f 1335/2666 3787/2667 7937/2664 5116/2665
f 1336/2668 4252/2669 7930/2639 4895/2635
f 1336/2668 4895/2635 7928/2633 4379/2661
f 1336/2668 4379/2661 7938/2662 3786/2671
f 1336/2668 3786/2671 7939/2670 4252/2669
f 1337/2672 3803/2673 7939/2670 3786/2671
f 1337/2672 3786/2671 7938/2662 3729/2677
f 1337/2672 3729/2677 7940/2676 3613/2675
f 1337/2672 3613/2675 7941/2674 3803/2673
f 1338/3281 3729/2677 7938/2662 4181/2663
f 1338/3281 4181/2663 7937/2664 3909/2681
f 1338/3281 3909/2681 7942/2680 3709/2679
f 1338/3281 3709/2679 7940/2676 3729/2677
f 1339/2682 3909/2681 7937/2664 3787/2667
f 1339/2682 3787/2667 7936/2657 4432/2685
f 1339/2682 4432/2685 7943/2684 4913/2683
f 1339/2682 4913/2683 7942/2680 3909/2681
f 1340/2686 4432/2685 7936/2657 2219/2658
f 1340/2686 2219/2658 7658/2659 3820/2689
f 1340/2686 3820/2689 7666/2688 2438/2687
f 1340/2686 2438/2687 7943/2684 4432/2685
f 1341/2690 3803/2673 7941/2674 4756/2691
f 1341/2690 4756/2691 7944/2695 5263/2694
f 1341/2690 5263/2694 7945/2693 4599/2692
f 1341/2690 4599/2692 7939/2670 3803/2673
f 1342/2696 4177/2697 7930/2639 4252/2669
f 1342/2696 4252/2669 7939/2670 4599/2692
f 1342/2696 4599/2692 7945/2693 5148/2699
f 1342/2696 5148/2699 7946/2698 4177/2697
f 1343/2700 4756/2691 7941/2674 5135/2701
f 1343/2700 5135/2701 7947/2705 5635/2704
f 1343/2700 5635/2704 7948/2703 4752/2702
f 1343/2700 4752/2702 7944/2695 4756/2691
f 1344/2706 2438/2687 7666/2688 5074/2707
f 1344/2706 5074/2707 7673/2711 3151/2710
f 1344/2706 3151/2710 7949/2709 4926/2708
f 1344/2706 4926/2708 7943/2684 2438/2687
f 1345/2712 3613/2675 7940/2676 5218/2713
f 1345/2712 5218/2713 7950/2715 5761/2714
f 1345/2712 5761/2714 7947/2705 5135/2701
f 1345/2712 5135/2701 7941/2674 3613/2675
f 1346/2716 4913/2683 7943/2684 4926/2708
f 1346/2716 4926/2708 7949/2709 6010/2719
f 1346/2716 6010/2719 7951/2718 4391/2717
f 1346/2716 4391/2717 7942/2680 4913/2683
f 1347/2720 3709/2679 7942/2680 4391/2717
f 1347/2720 4391/2717 7951/2718 6105/2721
f 1347/2720 6105/2721 7950/2715 5218/2713
f 1347/2720 5218/2713 7940/2676 3709/2679
f 1348/2722 5761/2714 7950/2715 6105/2721
f 1348/2722 6105/2721 7951/2718 6096/2725
f 1348/2722 6096/2725 7952/2724 5919/2723
f 1348/2722 5919/2723 7947/2705 5761/2714
f 1349/3282 3151/2710 7673/2711 4722/2727
f 1349/3282 4722/2727 7678/2731 4058/2730
f 1349/3282 4058/2730 7953/2729 5874/2728
f 1349/3282 5874/2728 7949/2709 3151/2710
f 1350/2732 6010/2719 7949/2709 5874/2728
f 1350/2732 5874/2728 7953/2729 6142/2733
f 1350/2732 6142/2733 7952/2724 6096/2725
f 1350/2732 6096/2725 7951/2718 6010/2719
f 1351/2734 5635/2704 7947/2705 5919/2723
f 1351/2734 5919/2723 7952/2724 6070/2737
f 1351/2734 6070/2737 7954/2736 5870/2735
f 1351/2734 5870/2735 7948/2703 5635/2704
f 1352/2738 6142/2733 7953/2729 5567/2739
f 1352/2738 5567/2739 7955/2741 5620/2740
f 1352/2738 5620/2740 7954/2736 6070/2737
f 1352/2738 6070/2737 7952/2724 6142/2733
f 1353/2742 4058/2730 7678/2731 4398/2743
f 1353/2742 4398/2743 7681/2745 3936/2744
f 1353/2742 3936/2744 7955/2741 5567/2739
f 1353/2742 5567/2739 7953/2729 4058/2730
f 1354/2746 2424/2747 7914/2559 4475/2560
f 1354/2746 4475/2560 7913/2561 6253/2650
f 1354/2746 6253/2650 7935/2651 5239/2749
f 1354/2746 5239/2749 7956/2748 2424/2747
f 1355/2750 5598/2751 7956/2748 5239/2749
f 1355/2750 5239/2749 7935/2651 5053/2755
f 1355/2750 5053/2755 7957/2754 5417/2753
f 1355/2750 5417/2753 7958/2752 5598/2751
f 1356/3283 5099/2759 7959/2758 5185/2757
f 1356/3283 5185/2757 7960/3284 5227/2760
f 1356/3283 5227/2760 7958/2752 5417/2753
f 1356/3283 5417/2753 7957/2754 5099/2759
f 1357/2762 3674/2765 7961/2764 3254/2763
f 1357/2762 3254/2763 7962/2770 3243/2769
f 1357/2762 3243/2769 7963/2768 3235/2767
f 1357/2762 3235/2767 7964/2766 3674/2765
f 1358/2771 5148/2699 7945/2693 6018/2772
f 1358/2771 6018/2772 7965/2776 3209/2775
f 1358/2771 3209/2775 7966/2774 5898/2773
f 1358/2771 5898/2773 7946/2698 5148/2699
f 1359/2777 3466/2780 7967/2779 3300/2778
f 1359/2777 3300/2778 7968/2785 3416/2784
f 1359/2777 3416/2784 7969/2783 3293/2782
f 1359/2777 3293/2782 7970/2781 3466/2780
f 1360/2786 3317/2787 7915/2564 5126/2565
f 1360/2786 5126/2565 7914/2559 2424/2747
f 1360/2786 2424/2747 7956/2748 4250/2789
f 1360/2786 4250/2789 7971/2788 3317/2787
f 1361/2790 4420/2793 7972/2792 3361/2791
f 1361/2790 3361/2791 7971/2788 4250/2789
f 1361/2790 4250/2789 7956/2748 5598/2751
f 1361/2790 5598/2751 7958/2752 4420/2793
f 1362/2794 4071/2797 7973/2796 3381/2795
f 1362/2794 3381/2795 7972/2792 4420/2793
f 1362/2794 4420/2793 7958/2752 5227/2760
f 1362/2794 5227/2760 7960/3284 4071/2797
f 1363/2798 4147/2801 7974/2800 3084/2799
f 1363/2798 3084/2799 7975/2803 3144/2802
f 1363/2798 3144/2802 7973/2796 4071/2797
f 1363/2798 4071/2797 7960/3284 4147/2801
f 1364/2804 3777/2806 7965/2776 4669/2805
f 1364/2804 4669/2805 7976/2808 5542/2807
f 1364/2804 5542/2807 7975/2803 3084/2799
f 1364/2804 3084/2799 7974/2800 3777/2806
f 1365/2809 5263/2694 7944/2695 3010/2810
f 1365/2809 3010/2810 7976/2808 4669/2805
f 1365/2809 4669/2805 7965/2776 6018/2772
f 1365/2809 6018/2772 7945/2693 5263/2694
f 1366/2811 6134/2577 7917/2572 5139/2812
f 1366/2811 5139/2812 7977/2816 3429/2815
f 1366/2811 3429/2815 7703/2814 3896/2813
f 1366/2811 3896/2813 7634/2576 6134/2577
f 1367/2817 5139/2812 7917/2572 5030/2573
f 1367/2817 5030/2573 7916/2568 4839/2820
f 1367/2817 4839/2820 7978/2819 5826/2818
f 1367/2817 5826/2818 7977/2816 5139/2812
f 1368/2821 4839/2820 7916/2568 5236/2569
f 1368/2821 5236/2569 7915/2564 3317/2787
f 1368/2821 3317/2787 7971/2788 5076/2822
f 1368/2821 5076/2822 7978/2819 4839/2820
f 1369/2823 5965/2824 7703/2814 3429/2815
f 1369/2823 3429/2815 7977/2816 5748/2828
f 1369/2823 5748/2828 7979/2827 3802/2826
f 1369/2823 3802/2826 7706/2825 5965/2824
f 1370/2829 5748/2828 7977/2816 5826/2818
f 1370/2829 5826/2818 7978/2819 5480/2832
f 1370/2829 5480/2832 7980/2831 5541/2830
f 1370/2829 5541/2830 7979/2827 5748/2828
f 1371/2833 3361/2791 7972/2792 4999/2834
f 1371/2833 4999/2834 7980/2831 5480/2832
f 1371/2833 5480/2832 7978/2819 5076/2822
f 1371/2833 5076/2822 7971/2788 3361/2791
f 1372/2835 5435/2838 7981/2837 6100/2836
f 1372/2835 6100/2836 7982/2843 6140/2842
f 1372/2835 6140/2842 7983/2841 5610/2840
f 1372/2835 5610/2840 7984/3285 5435/2838
f 1373/2844 5506/2847 7985/2846 5656/2845
f 1373/2844 5656/2845 7986/2849 5411/2848
f 1373/2844 5411/2848 7982/2843 6100/2836
f 1373/2844 6100/2836 7981/2837 5506/2847
f 1374/2850 4798/2402 7588/2403 5729/2851
f 1374/2850 5729/2851 7716/2855 5107/3286
f 1374/2850 5107/3286 7987/2853 5619/2852
f 1374/2850 5619/2852 7879/2399 4798/2402
f 1375/2856 4077/2398 7879/2399 5619/2852
f 1375/2856 5619/2852 7987/2853 3034/2859
f 1375/2856 3034/2859 7988/2858 5349/2857
f 1375/2856 5349/2857 7878/2395 4077/2398
f 1376/2860 3840/2394 7878/2395 5349/2857
f 1376/2860 5349/2857 7988/2858 3181/2863
f 1376/2860 3181/2863 7989/2862 5698/2861
f 1376/2860 5698/2861 7877/2391 3840/2394
f 1377/2864 3869/2390 7877/2391 5698/2861
f 1377/2864 5698/2861 7989/2862 2807/2867
f 1377/2864 2807/2867 7990/2866 5581/2865
f 1377/2864 5581/2865 7876/2387 3869/2390
f 1378/2868 4757/2386 7876/2387 5581/2865
f 1378/2868 5581/2865 7990/2866 2813/2871
f 1378/2868 2813/2871 7991/2870 5869/2869
f 1378/2868 5869/2869 7874/2383 4757/2386
f 1379/2872 4829/2382 7874/2383 5869/2869
f 1379/2872 5869/2869 7991/2870 3652/2875
f 1379/2872 3652/2875 7992/2874 4844/2873
f 1379/2872 4844/2873 7875/2381 4829/2382
f 1380/2876 4030/2409 7875/2381 4844/2873
f 1380/2876 4844/2873 7992/2874 3665/2879
f 1380/2876 3665/2879 7993/2878 3269/2877
f 1380/2876 3269/2877 7881/3275 4030/2409
f 1381/2880 4648/2415 7881/3275 3269/2877
f 1381/2880 3269/2877 7993/2878 3804/2883
f 1381/2880 3804/2883 7994/2882 3375/2881
f 1381/2880 3375/2881 7883/2414 4648/2415
f 1382/2884 4567/2417 7883/2414 3375/2881
f 1382/2884 3375/2881 7994/2882 3791/2887
f 1382/2884 3791/2887 7995/2886 3644/2885
f 1382/2884 3644/2885 7884/2421 4567/2417
f 1383/3287 5544/2447 7884/2421 3644/2885
f 1383/3287 3644/2885 7995/2886 3785/3288
f 1383/3287 3785/3288 7996/3289 2629/3290
f 1383/3287 2629/3290 7602/2451 5544/2447
f 1384/2888 6005/2891 7997/2890 5194/2889
f 1384/2888 5194/2889 7196/2896 2448/2895
f 1384/2888 2448/2895 6692/2894 6368/2893
f 1384/2888 6368/2893 7726/2892 6005/2891
f 1385/2897 6124/2900 7727/2899 2346/2898
f 1385/2897 2346/2898 6688/2905 3170/2904
f 1385/2897 3170/2904 7195/2903 5587/2902
f 1385/2897 5587/2902 7998/2901 6124/2900
f 1386/2906 3852/2907 7998/2901 5587/2902
f 1386/2906 5587/2902 7195/2903 3793/2911
f 1386/2906 3793/2911 7198/2910 5158/2909
f 1386/2906 5158/2909 7999/2908 3852/2907
f 1387/2912 2608/2913 7999/2908 5158/2909
f 1387/2912 5158/2909 7198/2910 4000/2917
f 1387/2912 4000/2917 7201/2916 6037/2915
f 1387/2912 6037/2915 8000/2914 2608/2913
f 1388/3291 2733/2919 8000/2914 6037/2915
f 1388/3291 6037/2915 7201/2916 3592/2923
f 1388/3291 3592/2923 7203/2922 5415/2921
f 1388/3291 5415/2921 8001/2920 2733/2919
f 1389/2924 2897/2925 8001/2920 5415/2921
f 1389/2924 5415/2921 7203/2922 5195/2929
f 1389/2924 5195/2929 7205/2928 5571/2927
f 1389/2924 5571/2927 8002/2926 2897/2925
f 1390/2930 2732/2931 8002/2926 5571/2927
f 1390/2930 5571/2927 7205/2928 5096/2935
f 1390/2930 5096/2935 7207/2934 4857/2933
f 1390/2930 4857/2933 8003/2932 2732/2931
f 1391/2936 3107/2937 8003/2932 4857/2933
f 1391/2936 4857/2933 7207/2934 5618/2941
f 1391/2936 5618/2941 7209/2940 4618/2939
f 1391/2936 4618/2939 8004/2938 3107/2937
f 1392/2942 2853/2943 8004/2938 4618/2939
f 1392/2942 4618/2939 7209/2940 5653/2947
f 1392/2942 5653/2947 7211/2946 4804/2945
f 1392/2942 4804/2945 8005/2944 2853/2943
f 1393/2948 3274/2949 8005/2944 4804/2945
f 1393/2948 4804/2945 7211/2946 4489/2950
f 1393/2948 4489/2950 7196/2896 5194/2889
f 1393/2948 5194/2889 7997/2890 3274/2949
f 1394/3292 3785/3288 7995/2886 4231/2969
f 1394/3292 4231/2969 7997/2890 6005/2891
f 1394/3292 6005/2891 7726/2892 6318/3293
f 1394/3292 6318/3293 7996/3289 3785/3288
f 1395/2951 5107/3286 7716/2855 4151/2952
f 1395/2951 4151/2952 7727/2899 6124/2900
f 1395/2951 6124/2900 7998/2901 3499/2953
f 1395/2951 3499/2953 7987/2853 5107/3286
f 1396/2954 3034/2859 7987/2853 3499/2953
f 1396/2954 3499/2953 7998/2901 3852/2907
f 1396/2954 3852/2907 7999/2908 3486/2955
f 1396/2954 3486/2955 7988/2858 3034/2859
f 1397/2956 3181/2863 7988/2858 3486/2955
f 1397/2956 3486/2955 7999/2908 2608/2913
f 1397/2956 2608/2913 8000/2914 3465/2957
f 1397/2956 3465/2957 7989/2862 3181/2863
f 1398/2958 2807/2867 7989/2862 3465/2957
f 1398/2958 3465/2957 8000/2914 2733/2919
f 1398/2958 2733/2919 8001/2920 4082/2959
f 1398/2958 4082/2959 7990/2866 2807/2867
f 1399/2960 2813/2871 7990/2866 4082/2959
f 1399/2960 4082/2959 8001/2920 2897/2925
f 1399/2960 2897/2925 8002/2926 4204/2961
f 1399/2960 4204/2961 7991/2870 2813/2871
f 1400/2962 3652/2875 7991/2870 4204/2961
f 1400/2962 4204/2961 8002/2926 2732/2931
f 1400/2962 2732/2931 8003/2932 4075/2963
f 1400/2962 4075/2963 7992/2874 3652/2875
f 1401/2964 3665/2879 7992/2874 4075/2963
f 1401/2964 4075/2963 8003/2932 3107/2937
f 1401/2964 3107/2937 8004/2938 3368/2965
f 1401/2964 3368/2965 7993/2878 3665/2879
f 1402/2966 3804/2883 7993/2878 3368/2965
f 1402/2966 3368/2965 8004/2938 2853/2943
f 1402/2966 2853/2943 8005/2944 3651/2967
f 1402/2966 3651/2967 7994/2882 3804/2883
f 1403/3294 3791/2887 7994/2882 3651/2967
f 1403/3294 3651/2967 8005/2944 3274/2949
f 1403/3294 3274/2949 7997/2890 4231/2969
f 1403/3294 4231/2969 7995/2886 3791/2887
f 1404/2970 3817/2652 7934/2653 3978/2971
f 1404/2970 3978/2971 8006/2973 6377/2972
f 1404/2970 6377/2972 7957/2754 5053/2755
f 1404/2970 5053/2755 7935/2651 3817/2652
f 1405/2974 5099/2759 7957/2754 6377/2972
f 1405/2974 6377/2972 8006/2973 2509/2977
f 1405/2974 2509/2977 8007/2976 6397/2975
f 1405/2974 6397/2975 7959/2758 5099/2759
f 1406/2978 5745/2981 8008/2980 6063/2979
f 1406/2978 6063/2979 8009/2983 2777/2982
f 1406/2978 2777/2982 7968/2785 3300/2778
f 1406/2978 3300/2778 7967/2779 5745/2981
f 1407/2984 5975/2985 7964/2766 3235/2767
f 1407/2984 3235/2767 7963/2768 2403/2986
f 1407/2984 2403/2986 8009/2983 6063/2979
f 1407/2984 6063/2979 8008/2980 5975/2985
f 1408/2987 5898/2773 7966/2774 2725/2988
f 1408/2987 2725/2988 8010/2992 6314/2991
f 1408/2987 6314/2991 8011/2990 5143/2989
f 1408/2987 5143/2989 7946/2698 5898/2773
f 1409/2993 4169/2994 7931/2637 4792/2638
f 1409/2993 4792/2638 7930/2639 4177/2697
f 1409/2993 4177/2697 7946/2698 5143/2989
f 1409/2993 5143/2989 8011/2990 4169/2994
f 1410/2995 3570/2998 8031/2997 4781/2996
f 1410/2995 4781/2996 8012/3002 2523/3001
f 1410/2995 2523/3001 8013/3000 6074/2999
f 1410/2995 6074/2999 8010/2992 3570/2998
f 1411/3003 3329/3005 8007/2976 6169/3004
f 1411/3003 6169/3004 8014/3007 2593/3006
f 1411/3003 2593/3006 8012/3002 4781/2996
f 1411/3003 4781/2996 8031/2997 3329/3005
f 1412/3008 6314/2991 8010/2992 6074/2999
f 1412/3008 6074/2999 8013/3000 2776/3011
f 1412/3008 2776/3011 8015/3010 5609/3009
f 1412/3008 5609/3009 8011/2990 6314/2991
f 1413/3012 4169/2994 8011/2990 5609/3009
f 1413/3012 5609/3009 8015/3010 2388/3015
f 1413/3012 2388/3015 8016/3014 3257/3013
f 1413/3012 3257/3013 7931/2637 4169/2994
f 1414/3016 3589/3017 7929/2631 5264/2636
f 1414/3016 5264/2636 7931/2637 3257/3013
f 1414/3016 3257/3013 8016/3014 2505/3019
f 1414/3016 2505/3019 8017/3018 3589/3017
f 1415/3020 3706/3021 7927/2625 4992/2630
f 1415/3020 4992/2630 7929/2631 3589/3017
f 1415/3020 3589/3017 8017/3018 2309/3023
f 1415/3020 2309/3023 8018/3022 3706/3021
f 1416/3024 2333/3025 7924/2608 4608/2624
f 1416/3024 4608/2624 7927/2625 3706/3021
f 1416/3024 3706/3021 8018/3022 4132/3027
f 1416/3024 4132/3027 8019/3026 2333/3025
f 1417/3028 2381/3029 7925/2606 6032/2607
f 1417/3028 6032/2607 7924/2608 2333/3025
f 1417/3028 2333/3025 8019/3026 2339/3031
f 1417/3028 2339/3031 8020/3030 2381/3029
f 1418/3032 2384/3033 7920/2592 6239/2619
f 1418/3032 6239/2619 7925/2606 2381/3029
f 1418/3032 2381/3029 8020/3030 2598/3035
f 1418/3032 2598/3035 8021/3034 2384/3033
f 1419/3036 3708/3037 7908/2538 4960/2591
f 1419/3036 4960/2591 7920/2592 2384/3033
f 1419/3036 2384/3033 8021/3034 6423/3039
f 1419/3036 6423/3039 8022/3038 3708/3037
f 1420/3040 5386/2537 7908/2538 3708/3037
f 1420/3040 3708/3037 8022/3038 6452/3043
f 1420/3040 6452/3043 8023/3042 5602/3041
f 1420/3040 5602/3041 7891/2444 5386/2537
f 1421/3044 3073/2443 7891/2444 5602/3041
f 1421/3044 5602/3041 8023/3042 2605/3047
f 1421/3044 2605/3047 8024/3046 3924/3045
f 1421/3044 3924/3045 7855/2284 3073/2443
f 1422/3048 5054/2288 7855/2284 3924/3045
f 1422/3048 3924/3045 8024/3046 2301/3051
f 1422/3048 2301/3051 8025/3050 4202/3049
f 1422/3048 4202/3049 7856/2287 5054/2288
f 1423/3052 5215/2292 7856/2287 4202/3049
f 1423/3052 4202/3049 8025/3050 6246/3055
f 1423/3052 6246/3055 8026/3054 3994/3053
f 1423/3052 3994/3053 7857/2291 5215/2292
f 1424/3056 5676/2641 7857/2291 3994/3053
f 1424/3056 3994/3053 8026/3054 2283/3059
f 1424/3056 2283/3059 8027/3058 6307/3057
f 1424/3056 6307/3057 7932/2643 5676/2641
f 1425/3060 4748/2649 7933/2646 6171/3061
f 1425/3060 6171/3061 8028/3065 2252/3064
f 1425/3060 2252/3064 8029/3063 2345/3062
f 1425/3060 2345/3062 7934/2653 4748/2649
f 1426/3066 4753/2647 7932/2643 6307/3057
f 1426/3066 6307/3057 8027/3058 2607/3067
f 1426/3066 2607/3067 8028/3065 6171/3061
f 1426/3066 6171/3061 7933/2646 4753/2647
f 1427/3068 3978/2971 7934/2653 2345/3062
f 1427/3068 2345/3062 8029/3063 3029/3071
f 1427/3068 3029/3071 8030/3070 4220/3069
f 1427/3068 4220/3069 8006/2973 3978/2971
f 1428/3072 2509/2977 8006/2973 4220/3069
f 1428/3072 4220/3069 8030/3070 4410/3073
f 1428/3072 4410/3073 8014/3007 6169/3004
f 1428/3072 6169/3004 8007/2976 2509/2977
f 1429/3074 3144/2802 7975/2803 5969/3075
f 1429/3074 5969/3075 8032/3079 2462/3078
f 1429/3074 2462/3078 8033/3077 5986/3076
f 1429/3074 5986/3076 7973/2796 3144/2802
f 1430/3080 3986/3083 8034/3082 4138/3081
f 1430/3080 4138/3081 8035/3088 4143/3087
f 1430/3080 4143/3087 8036/3086 3904/3085
f 1430/3080 3904/3085 8037/3084 3986/3083
f 1431/3089 5542/2807 7976/2808 6030/3090
f 1431/3089 6030/3090 8038/3092 6414/3091
f 1431/3089 6414/3091 8032/3079 5969/3075
f 1431/3089 5969/3075 7975/2803 5542/2807
f 1432/3093 2856/3096 8039/3095 2693/3094
f 1432/3093 2693/3094 8040/3101 2683/3100
f 1432/3093 2683/3100 8041/3099 2656/3098
f 1432/3093 2656/3098 8042/3097 2856/3096
f 1433/3102 6376/3104 8036/3086 2376/3103
f 1433/3102 2376/3103 8040/3101 2841/3108
f 1433/3102 2841/3108 8043/3107 2769/3106
f 1433/3102 2769/3106 8044/3105 6376/3104
f 1434/3109 4143/3087 8035/3088 2267/3110
f 1434/3109 2267/3110 8041/3099 2683/3100
f 1434/3109 2683/3100 8040/3101 2376/3103
f 1434/3109 2376/3103 8036/3086 4143/3087
f 1435/3111 3054/3114 8045/3113 2697/3112
f 1435/3111 2697/3112 8043/3107 2841/3108
f 1435/3111 2841/3108 8040/3101 2693/3094
f 1435/3111 2693/3094 8039/3095 3054/3114
f 1436/3115 2291/3116 8037/3084 3904/3085
f 1436/3115 3904/3085 8036/3086 6376/3104
f 1436/3115 6376/3104 8044/3105 2681/3295
f 1436/3115 2681/3295 8046/3117 2291/3116
f 1437/3119 6418/3120 8042/3097 2656/3098
f 1437/3119 2656/3098 8041/3099 2267/3110
f 1437/3119 2267/3110 8035/3088 4138/3081
f 1437/3119 4138/3081 8034/3082 6418/3120
f 1438/3121 2731/3122 8046/3117 2681/3295
f 1438/3121 2681/3295 8044/3105 2769/3106
f 1438/3121 2769/3106 8043/3107 2697/3112
f 1438/3121 2697/3112 8045/3113 2731/3122
f 1439/3123 6414/3091 8038/3092 4046/3124
f 1439/3123 4046/3124 8034/3082 3986/3083
f 1439/3123 3986/3083 8037/3084 2208/3125
f 1439/3123 2208/3125 8032/3079 6414/3091
f 1440/3126 5506/2847 7981/2837 5655/3127
f 1440/3126 5655/3127 8039/3095 2856/3096
f 1440/3126 2856/3096 8042/3097 5142/3128
f 1440/3126 5142/3128 7985/2846 5506/2847
f 1441/3129 5435/2838 7984/3285 5027/3130
f 1441/3129 5027/3130 8045/3113 3054/3114
f 1441/3129 3054/3114 8039/3095 5655/3127
f 1441/3129 5655/3127 7981/2837 5435/2838
f 1442/3131 2462/3078 8032/3079 2208/3125
f 1442/3131 2208/3125 8037/3084 2291/3116
f 1442/3131 2291/3116 8046/3117 2503/3132
f 1442/3131 2503/3132 8033/3077 2462/3078
f 1443/3133 5321/3134 7985/2846 5142/3128
f 1443/3133 5142/3128 8042/3097 6418/3120
f 1443/3133 6418/3120 8034/3082 4046/3124
f 1443/3133 4046/3124 8038/3092 5321/3134
f 1444/3135 5566/3136 8033/3077 2503/3132
f 1444/3135 2503/3132 8046/3117 2731/3122
f 1444/3135 2731/3122 8045/3113 5027/3130
f 1444/3135 5027/3130 7984/3285 5566/3136
f 1445/3137 5610/2840 7983/2841 5820/3138
f 1445/3137 5820/3138 7973/2796 5986/3076
f 1445/3137 5986/3076 8033/3077 5566/3136
f 1445/3137 5566/3136 7984/3285 5610/2840
f 1446/3139 3381/2795 7973/2796 5820/3138
f 1446/3139 5820/3138 7983/2841 6235/3140
f 1446/3139 6235/3140 7980/2831 4999/2834
f 1446/3139 4999/2834 7972/2792 3381/2795
f 1447/3141 6234/3142 7986/2849 5656/2845
f 1447/3141 5656/2845 7985/2846 5321/3134
f 1447/3141 5321/3134 8038/3092 6030/3090
f 1447/3141 6030/3090 7976/2808 6234/3142
f 1448/3143 3010/2810 7944/2695 4752/2702
f 1448/3143 4752/2702 7948/2703 3725/3144
f 1448/3143 3725/3144 7986/2849 6234/3142
f 1448/3143 6234/3142 7976/2808 3010/2810
f 1449/3145 5933/3148 8047/3147 5563/3146
f 1449/3145 5563/3146 7457/3153 3364/3152
f 1449/3145 3364/3152 7455/3151 6045/3150
f 1449/3145 6045/3150 8048/3149 5933/3148
f 1450/3154 6012/3155 8048/3149 6045/3150
f 1450/3154 6045/3150 7455/3151 4573/3159
f 1450/3154 4573/3159 7451/3158 2454/3157
f 1450/3154 2454/3157 8049/3156 6012/3155
f 1451/3160 6273/3161 8049/3156 2454/3157
f 1451/3160 2454/3157 7451/3158 4634/3165
f 1451/3160 4634/3165 7454/3164 6028/3163
f 1451/3160 6028/3163 8050/3162 6273/3161
f 1452/3166 4019/3167 8050/3162 6028/3163
f 1452/3166 6028/3163 7454/3164 4777/3171
f 1452/3166 4777/3171 6972/3170 3535/3169
f 1452/3166 3535/3169 7782/3168 4019/3167
f 1453/3172 5991/3175 8051/3174 5428/3173
f 1453/3172 5428/3173 7462/3180 3357/3179
f 1453/3172 3357/3179 7461/3178 5731/3177
f 1453/3172 5731/3177 8052/3176 5991/3175
f 1454/3181 5670/3182 8052/3176 5731/3177
f 1454/3181 5731/3177 7461/3178 3835/3186
f 1454/3181 3835/3186 7459/3185 6042/3184
f 1454/3181 6042/3184 8053/3183 5670/3182
f 1455/3187 6122/3188 8053/3183 6042/3184
f 1455/3187 6042/3184 7459/3185 3927/3189
f 1455/3187 3927/3189 7457/3153 5563/3146
f 1455/3187 5563/3146 8047/3147 6122/3188
f 1456/3190 5410/3193 8054/3192 3367/3191
f 1456/3190 3367/3191 7787/3198 4904/3197
f 1456/3190 4904/3197 6987/3196 3912/3195
f 1456/3190 3912/3195 7465/3194 5410/3193
f 1457/3199 5861/3200 8054/3192 5410/3193
f 1457/3199 5410/3193 7465/3194 3385/3201
f 1457/3199 3385/3201 7462/3180 5428/3173
f 1457/3199 5428/3173 8051/3174 5861/3200
f 1458/3202 6140/2842 7982/2843 5052/3203
f 1458/3202 5052/3203 8047/3147 5933/3148
f 1458/3202 5933/3148 8048/3149 4530/3204
f 1458/3202 4530/3204 7983/2841 6140/2842
f 1459/3205 6235/3140 7983/2841 4530/3204
f 1459/3205 4530/3204 8048/3149 6012/3155
f 1459/3205 6012/3155 8049/3156 4283/3206
f 1459/3205 4283/3206 7980/2831 6235/3140
f 1460/3207 5541/2830 7980/2831 4283/3206
f 1460/3207 4283/3206 8049/3156 6273/3161
f 1460/3207 6273/3161 8050/3162 5125/3296
f 1460/3207 5125/3296 7979/2827 5541/2830
f 1461/3297 3802/2826 7979/2827 5125/3296
f 1461/3297 5125/3296 8050/3162 4019/3167
f 1461/3297 4019/3167 7782/3168 3278/3210
f 1461/3297 3278/3210 7706/2825 3802/2826
f 1462/3211 5870/2735 7954/2736 2258/3212
f 1462/3211 2258/3212 8051/3174 5991/3175
f 1462/3211 5991/3175 8052/3176 3097/3213
f 1462/3211 3097/3213 7948/2703 5870/2735
f 1463/3298 3725/3144 7948/2703 3097/3213
f 1463/3298 3097/3213 8052/3176 5670/3182
f 1463/3298 5670/3182 8053/3183 4099/3215
f 1463/3298 4099/3215 7986/2849 3725/3144
f 1464/3216 5411/2848 7986/2849 4099/3215
f 1464/3216 4099/3215 8053/3183 6122/3188
f 1464/3216 6122/3188 8047/3147 5052/3203
f 1464/3216 5052/3203 7982/2843 5411/2848
f 1465/3217 2343/3218 7955/2741 3936/2744
f 1465/3217 3936/2744 7681/2745 6192/3219
f 1465/3217 6192/3219 7787/3198 3367/3191
f 1465/3217 3367/3191 8054/3192 2343/3218
f 1466/3220 5620/2740 7955/2741 2343/3218
f 1466/3220 2343/3218 8054/3192 5861/3200
f 1466/3220 5861/3200 8051/3174 2258/3212
f 1466/3220 2258/3212 7954/2736 5620/2740
f 1467/3221 2306/3223 7962/2770 6092/3222
f 1467/3221 6092/3222 8055/3228 2957/3227
f 1467/3221 2957/3227 8056/3226 3081/3225
f 1467/3221 3081/3225 8057/3224 2306/3223
f 1468/3229 2906/3230 8057/3224 3081/3225
f 1468/3229 3081/3225 8056/3226 3143/3233
f 1468/3229 3143/3233 8058/3232 2831/3231
f 1468/3229 2831/3231 7969/2783 2906/3230
f 1469/3234 2906/3230 7969/2783 3416/2784
f 1469/3234 3416/2784 7968/2785 2777/2982
f 1469/3234 2777/2982 8009/2983 6266/3235
f 1469/3234 6266/3235 8057/3224 2906/3230
f 1470/3236 2306/3223 8057/3224 6266/3235
f 1470/3236 6266/3235 8009/2983 2403/2986
f 1470/3236 2403/2986 7963/2768 3243/2769
f 1470/3236 3243/2769 7962/2770 2306/3223
f 1471/3237 2240/3240 8059/3239 2746/3238
f 1471/3237 2746/3238 8055/3228 6092/3222
f 1471/3237 6092/3222 7962/2770 3254/2763
f 1471/3237 3254/2763 7961/2764 2240/3240
f 1472/3241 3575/3244 8060/3243 2728/3242
f 1472/3241 2728/3242 8056/3226 2957/3227
f 1472/3241 2957/3227 8055/3228 2746/3238
f 1472/3241 2746/3238 8059/3239 3575/3244
f 1473/3245 3559/3248 8061/3247 2852/3246
f 1473/3245 2852/3246 8058/3232 3143/3233
f 1473/3245 3143/3233 8056/3226 2728/3242
f 1473/3245 2728/3242 8060/3243 3559/3248
f 1474/3249 2837/3250 7970/2781 3293/2782
f 1474/3249 3293/2782 7969/2783 2831/3231
f 1474/3249 2831/3231 8058/3232 2852/3246
f 1474/3249 2852/3246 8061/3247 2837/3250
f 1475/3251 2725/2988 7966/2774 3531/3252
f 1475/3251 3531/3252 7961/2764 3674/2765
f 1475/3251 3674/2765 7964/2766 2394/3253
f 1475/3251 2394/3253 8010/2992 2725/2988
f 1476/3254 6397/2975 8007/2976 5806/3255
f 1476/3254 5806/3255 7967/2779 3466/2780
f 1476/3254 3466/2780 7970/2781 4561/3256
f 1476/3254 4561/3256 7959/2758 6397/2975
f 1477/3257 3329/3005 8031/2997 3415/3258
f 1477/3257 3415/3258 8008/2980 5745/2981
f 1477/3257 5745/2981 7967/2779 5806/3255
f 1477/3257 5806/3255 8007/2976 3329/3005
f 1478/3259 3570/2998 8010/2992 2394/3253
f 1478/3259 2394/3253 7964/2766 5975/2985
f 1478/3259 5975/2985 8008/2980 3415/3258
f 1478/3259 3415/3258 8031/2997 3570/2998
f 1479/3260 3209/2775 7965/2776 2537/3261
f 1479/3260 2537/3261 8059/3239 2240/3240
f 1479/3260 2240/3240 7961/2764 3531/3252
f 1479/3260 3531/3252 7966/2774 3209/2775
f 1480/3262 3777/2806 7974/2800 3639/3263
f 1480/3262 3639/3263 8060/3243 3575/3244
f 1480/3262 3575/3244 8059/3239 2537/3261
f 1480/3262 2537/3261 7965/2776 3777/2806
f 1481/3264 4147/2801 7960/3284 2521/3265
f 1481/3264 2521/3265 8061/3247 3559/3248
f 1481/3264 3559/3248 8060/3243 3639/3263
f 1481/3264 3639/3263 7974/2800 4147/2801
f 1482/3266 5185/2757 7959/2758 4561/3256
f 1482/3266 4561/3256 7970/2781 2837/3250
f 1482/3266 2837/3250 8061/3247 2521/3265
f 1482/3266 2521/3265 7960/3284 5185/2757
f 1483/3299 3447/3300 6999/1926 2858/1925
f 1483/3299 2858/1925 6998/1924 3425/3301
f 1483/3299 3425/3301 8062/3302 3476/3303
f 1483/3299 3476/3303 8063/3304 3447/3300
f 1484/3305 3972/3306 7000/1930 2688/1929
f 1484/3305 2688/1929 6999/1926 3447/3300
f 1484/3305 3447/3300 8063/3304 4107/3307
f 1484/3305 4107/3307 8064/3308 3972/3306
f 1485/3309 4127/3310 7001/1934 3056/1933
f 1485/3309 3056/1933 7000/1930 3972/3306
f 1485/3309 3972/3306 8064/3308 4276/3311
f 1485/3309 4276/3311 8065/3312 4127/3310
f 1486/3313 3425/3301 6998/1924 3043/1938
f 1486/3313 3043/1938 7002/1937 4003/3314
f 1486/3313 4003/3314 8066/3315 4191/3316
f 1486/3313 4191/3316 8062/3302 3425/3301
f 1487/3317 3539/3318 7004/1946 6015/1958
f 1487/3317 6015/1958 7007/1956 3582/3319
f 1487/3317 3582/3319 8067/3320 3673/3321
f 1487/3317 3673/3321 8068/3322 3539/3318
f 1488/3323 3582/3319 7007/1956 6180/1955
f 1488/3323 6180/1955 7006/1954 3221/3324
f 1488/3323 3221/3324 8069/3325 3744/3326
f 1488/3323 3744/3326 8067/3320 3582/3319
f 1489/3327 3547/3328 7003/1941 2542/1950
f 1489/3327 2542/1950 7005/1948 3483/3329
f 1489/3327 3483/3329 8070/3330 3299/3331
f 1489/3327 3299/3331 8071/3332 3547/3328
f 1490/3333 3483/3329 7005/1948 2411/1947
f 1490/3333 2411/1947 7004/1946 3539/3318
f 1490/3333 3539/3318 8068/3322 3615/3334
f 1490/3333 3615/3334 8070/3330 3483/3329
f 1491/3335 4003/3314 7002/1937 2756/1942
f 1491/3335 2756/1942 7003/1941 3547/3328
f 1491/3335 3547/3328 8071/3332 3776/3336
f 1491/3335 3776/3336 8066/3315 4003/3314
f 1492/3299 5343/1925 7475/1926 3578/3300
f 1492/3299 3578/3300 8072/3304 5380/3303
f 1492/3299 5380/3303 8073/3302 2880/3301
f 1492/3299 2880/3301 7476/1924 5343/1925
f 1493/3305 5137/1929 7477/1930 2999/3306
f 1493/3305 2999/3306 8074/3308 5438/3307
f 1493/3305 5438/3307 8072/3304 3578/3300
f 1493/3305 3578/3300 7475/1926 5137/1929
f 1494/3309 6179/1933 7001/1934 4127/3310
f 1494/3309 4127/3310 8065/3312 2536/3311
f 1494/3309 2536/3311 8074/3308 2999/3306
f 1494/3309 2999/3306 7477/1930 6179/1933
f 1495/3313 5157/1938 7476/1924 2880/3301
f 1495/3313 2880/3301 8073/3302 5577/3316
f 1495/3313 5577/3316 8075/3315 2987/3314
f 1495/3313 2987/3314 7478/1937 5157/1938
f 1496/3317 2898/1958 7481/1946 5430/3318
f 1496/3317 5430/3318 8076/3322 5442/3321
f 1496/3317 5442/3321 8077/3320 5814/3319
f 1496/3317 5814/3319 7482/1956 2898/1958
f 1497/3323 5538/1955 7482/1956 5814/3319
f 1497/3323 5814/3319 8077/3320 2685/3326
f 1497/3323 2685/3326 8069/3325 3221/3324
f 1497/3323 3221/3324 7006/1954 5538/1955
f 1498/3327 5309/1950 7479/1941 2840/3328
f 1498/3327 2840/3328 8078/3332 5434/3331
f 1498/3327 5434/3331 8079/3330 5689/3329
f 1498/3327 5689/3329 7480/1948 5309/1950
f 1499/3333 2892/1947 7480/1948 5689/3329
f 1499/3333 5689/3329 8079/3330 5601/3334
f 1499/3333 5601/3334 8076/3322 5430/3318
f 1499/3333 5430/3318 7481/1946 2892/1947
f 1500/3335 5299/1942 7478/1937 2987/3314
f 1500/3335 2987/3314 8075/3315 5459/3336
f 1500/3335 5459/3336 8078/3332 2840/3328
f 1500/3335 2840/3328 7479/1941 5299/1942
f 1579/3337 5787/3338 8166/3339 5409/3340
f 1579/3337 5409/3340 8167/3341 5396/3342
f 1579/3337 5396/3342 8168/3343 5382/3344
f 1579/3337 5382/3344 8169/3345 5787/3338
f 1580/3346 5396/3342 8167/3341 5534/3347
f 1580/3346 5534/3347 8170/3348 5359/3349
f 1580/3346 5359/3349 8171/3350 5517/3351
f 1580/3346 5517/3351 8168/3343 5396/3342
f 1581/3352 4531/3353 8172/3354 4008/3355
f 1581/3352 4008/3355 8166/3339 5787/3338
f 1581/3352 5787/3338 8169/3345 4262/3356
f 1581/3352 4262/3356 8173/3357 4531/3353
f 1582/3358 4790/3359 8174/3360 4341/3361
f 1582/3358 4341/3361 8172/3354 4531/3353
f 1582/3358 4531/3353 8173/3357 4313/3362
f 1582/3358 4313/3362 8175/3363 4790/3359
f 1583/3364 4470/3365 8176/3366 4335/3367
f 1583/3364 4335/3367 8174/3360 4790/3359
f 1583/3364 4790/3359 8175/3363 4321/3368
f 1583/3364 4321/3368 8177/3369 4470/3365
f 1584/3370 3128/3371 8178/3372 4404/3373
f 1584/3370 4404/3373 8176/3366 4470/3365
f 1584/3370 4470/3365 8177/3369 3234/3374
f 1584/3370 3234/3374 8179/3375 3128/3371
f 1585/3376 3618/3377 8180/3378 3320/3379
f 1585/3376 3320/3379 8178/3372 3128/3371
f 1585/3376 3128/3371 8179/3375 3469/3380
f 1585/3376 3469/3380 8181/3381 3618/3377
f 1586/3382 3654/3383 8182/3384 3696/3385
f 1586/3382 3696/3385 8180/3378 3618/3377
f 1586/3382 3618/3377 8181/3381 3669/3386
f 1586/3382 3669/3386 8183/3387 3654/3383
f 1587/3388 3083/3389 8184/3390 3440/3391
f 1587/3388 3440/3391 8182/3384 3654/3383
f 1587/3388 3654/3383 8183/3387 3428/3392
f 1587/3388 3428/3392 8185/3393 3083/3389
f 1588/3394 2984/3395 8186/3396 3146/3397
f 1588/3394 3146/3397 8184/3390 3083/3389
f 1588/3394 3083/3389 8185/3393 3072/3398
f 1588/3394 3072/3398 8187/3399 2984/3395
f 1589/3400 5359/3349 8170/3348 4400/3401
f 1589/3400 4400/3401 8186/3396 2984/3395
f 1589/3400 2984/3395 8187/3399 4184/3402
f 1589/3400 4184/3402 8171/3350 5359/3349
f 1590/3403 4602/3404 6678/3405 4979/3406
f 1590/3403 4979/3406 6677/3407 4109/3408
f 1590/3403 4109/3408 8167/3341 5409/3340
f 1590/3403 5409/3340 8166/3339 4602/3404
f 1591/3409 4109/3408 6677/3407 4901/3410
f 1591/3409 4901/3410 6679/3411 4299/3412
f 1591/3409 4299/3412 8170/3348 5534/3347
f 1591/3409 5534/3347 8167/3341 4109/3408
f 1592/3413 6182/3414 6680/3415 4918/3416
f 1592/3413 4918/3416 6678/3405 4602/3404
f 1592/3413 4602/3404 8166/3339 4008/3355
f 1592/3413 4008/3355 8172/3354 6182/3414
f 1593/3417 4273/3418 6681/3419 5059/3420
f 1593/3417 5059/3420 6680/3415 6182/3414
f 1593/3417 6182/3414 8172/3354 4341/3361
f 1593/3417 4341/3361 8174/3360 4273/3418
f 1594/3421 4425/3422 6682/3423 5847/3424
f 1594/3421 5847/3424 6681/3419 4273/3418
f 1594/3421 4273/3418 8174/3360 4335/3367
f 1594/3421 4335/3367 8176/3366 4425/3422
f 1595/3425 4386/3426 6683/3427 5792/3428
f 1595/3425 5792/3428 6682/3423 4425/3422
f 1595/3425 4425/3422 8176/3366 4404/3373
f 1595/3425 4404/3373 8178/3372 4386/3426
f 1596/3429 4927/3430 6684/3431 6067/3432
f 1596/3429 6067/3432 6683/3427 4386/3426
f 1596/3429 4386/3426 8178/3372 3320/3379
f 1596/3429 3320/3379 8180/3378 4927/3430
f 1597/3433 5130/3434 6685/3435 6277/3436
f 1597/3433 6277/3436 6684/3431 4927/3430
f 1597/3433 4927/3430 8180/3378 3696/3385
f 1597/3433 3696/3385 8182/3384 5130/3434
f 1598/3437 4813/3438 6686/3439 6442/3440
f 1598/3437 6442/3440 6685/3435 5130/3434
f 1598/3437 5130/3434 8182/3384 3440/3391
f 1598/3437 3440/3391 8184/3390 4813/3438
f 1599/3441 4739/3442 6687/3443 6297/3444
f 1599/3441 6297/3444 6686/3439 4813/3438
f 1599/3441 4813/3438 8184/3390 3146/3397
f 1599/3441 3146/3397 8186/3396 4739/3442
f 1600/3445 4299/3412 6679/3411 4774/3446
f 1600/3445 4774/3446 6687/3443 4739/3442
f 1600/3445 4739/3442 8186/3396 4400/3401
f 1600/3445 4400/3401 8170/3348 4299/3412
f 1601/3447 4742/3448 8188/3449 4592/3450
f 1601/3447 4592/3450 8189/3451 4629/3452
f 1601/3447 4629/3452 8190/3453 5051/3454
f 1601/3447 5051/3454 8191/3455 4742/3448
f 1602/3456 4629/3452 8189/3451 4503/3457
f 1602/3456 4503/3457 8192/3458 5320/3459
f 1602/3456 5320/3459 8193/3460 5172/3461
f 1602/3456 5172/3461 8190/3453 4629/3452
f 1603/3462 5320/3459 8192/3458 5122/3463
f 1603/3462 5122/3463 8194/3464 4980/3465
f 1603/3462 4980/3465 8195/3466 5140/3467
f 1603/3462 5140/3467 8193/3460 5320/3459
f 1604/3468 5757/3469 8196/3470 4140/3471
f 1604/3468 4140/3471 8188/3449 4742/3448
f 1604/3468 4742/3448 8191/3455 5361/3472
f 1604/3468 5361/3472 8197/3473 5757/3469
f 1605/3474 4980/3475 8194/3476 5666/3477
f 1605/3474 5666/3477 8196/3470 5757/3469
f 1605/3474 5757/3469 8197/3473 5812/3478
f 1605/3474 5812/3478 8195/3479 4980/3475
f 1606/3480 5273/3481 8198/3482 4888/3483
f 1606/3480 4888/3483 8199/3484 4876/3485
f 1606/3480 4876/3485 8200/3486 4856/3487
f 1606/3480 4856/3487 8201/3488 5273/3481
f 1607/3489 4687/3490 8202/3491 4832/3492
f 1607/3489 4832/3492 8203/3493 2641/3494
f 1607/3489 2641/3494 8204/3495 2783/3496
f 1607/3489 2783/3496 8205/3497 4687/3490
f 1608/3498 4995/3499 8201/3488 4856/3487
f 1608/3498 4856/3487 8200/3486 5063/3500
f 1608/3498 5063/3500 8204/3495 4995/3499
f 1609/3501 5047/3502 8201/3488 4995/3499
f 1609/3501 4995/3499 8204/3495 2641/3494
f 1609/3501 2641/3494 8203/3493 5047/3502
f 1610/3503 4572/3504 8202/3505 4687/3506
f 1610/3503 4687/3506 8205/3507 2909/3508
f 1610/3503 2909/3508 8206/3509 2772/3510
f 1610/3503 2772/3510 8207/3511 4572/3504
f 1611/3512 4888/3483 8198/3482 4340/3513
f 1611/3512 4340/3513 8207/3514 2772/3515
f 1611/3512 2772/3515 8206/3516 4485/3517
f 1611/3512 4485/3517 8199/3484 4888/3483
f 1612/3518 2864/3519 8208/3520 4402/3521
f 1612/3518 4402/3521 8198/3482 5273/3481
f 1612/3518 5273/3481 8201/3488 4356/3522
f 1612/3518 4356/3522 8209/3523 2864/3519
f 1613/3524 2876/3525 8209/3523 4356/3522
f 1613/3524 4356/3522 8201/3488 5047/3502
f 1613/3524 5047/3502 8203/3493 3066/3526
f 1613/3524 3066/3526 8210/3527 2876/3525
f 1614/3528 4320/3529 8211/3530 3647/3531
f 1614/3528 3647/3531 8210/3527 3066/3526
f 1614/3528 3066/3526 8203/3493 4832/3492
f 1614/3528 4832/3492 8202/3491 4320/3529
f 1615/3532 3653/3533 8211/3534 4320/3535
f 1615/3532 4320/3535 8202/3505 4572/3504
f 1615/3532 4572/3504 8207/3511 2921/3536
f 1615/3532 2921/3536 8212/3537 3653/3533
f 1616/3538 4402/3521 8208/3520 2786/3539
f 1616/3538 2786/3539 8212/3540 2921/3541
f 1616/3538 2921/3541 8207/3514 4340/3513
f 1616/3538 4340/3513 8198/3482 4402/3521
f 1617/3542 3075/3543 8213/3544 3686/3545
f 1617/3542 3686/3545 8208/3520 2864/3519
f 1617/3542 2864/3519 8209/3523 3701/3546
f 1617/3542 3701/3546 8214/3547 3075/3543
f 1618/3548 3216/3549 8214/3547 3701/3546
f 1618/3548 3701/3546 8209/3523 2876/3525
f 1618/3548 2876/3525 8210/3527 2882/3550
f 1618/3548 2882/3550 8215/3551 3216/3549
f 1619/3552 2926/3553 8216/3554 2871/3555
f 1619/3552 2871/3555 8211/3534 3653/3533
f 1619/3552 3653/3533 8212/3537 3182/3556
f 1619/3552 3182/3556 8217/3557 2926/3553
f 1620/3558 2941/3559 8216/3560 3074/3561
f 1620/3558 3074/3561 8215/3551 2882/3550
f 1620/3558 2882/3550 8210/3527 2941/3559
f 1621/3562 2871/3563 8216/3560 2941/3559
f 1621/3562 2941/3559 8210/3527 3647/3531
f 1621/3562 3647/3531 8211/3530 2871/3563
f 1622/3564 4959/3565 8218/3566 2387/3567
f 1622/3564 2387/3567 8219/3568 2427/3569
f 1622/3564 2427/3569 8220/3570 5115/3571
f 1622/3564 5115/3571 8221/3572 4959/3565
f 1623/3573 2925/3574 8213/3544 2672/3575
f 1623/3573 2672/3575 8217/3576 3182/3577
f 1623/3573 3182/3577 8212/3540 2925/3574
f 1624/3578 3686/3545 8213/3544 2925/3574
f 1624/3578 2925/3574 8212/3540 2786/3539
f 1624/3578 2786/3539 8208/3520 3686/3545
f 1625/3579 5008/3580 8222/3581 5168/3582
f 1625/3579 5168/3582 8223/3583 5259/3584
f 1625/3579 5259/3584 8220/3570 2427/3569
f 1625/3579 2427/3569 8219/3568 5008/3580
f 1626/3585 4803/3586 8215/3551 3074/3587
f 1626/3585 3074/3587 8216/3588 4647/3589
f 1626/3585 4647/3589 8223/3583 5168/3582
f 1626/3585 5168/3582 8222/3581 4803/3586
f 1627/3590 5679/3591 8224/3592 5155/3593
f 1627/3590 5155/3593 8221/3594 5115/3595
f 1627/3590 5115/3595 8220/3596 4879/3597
f 1627/3590 4879/3597 8225/3598 5679/3591
f 1628/3599 5665/3600 8226/3601 5840/3602
f 1628/3599 5840/3602 8225/3598 4879/3597
f 1628/3599 4879/3597 8220/3596 5259/3603
f 1628/3599 5259/3603 8223/3604 5665/3600
f 1629/3605 5466/3606 8226/3601 5665/3600
f 1629/3605 5665/3600 8223/3604 4647/3607
f 1629/3605 4647/3607 8216/3554 4408/3608
f 1629/3605 4408/3608 8227/3609 5466/3606
f 1630/3610 4501/3611 8228/3612 5235/3613
f 1630/3610 5235/3613 8229/3614 5251/3615
f 1630/3610 5251/3615 8230/3616 4085/3617
f 1630/3610 4085/3617 8213/3544 4501/3611
f 1631/3618 2235/3619 8231/3620 5205/3621
f 1631/3618 5205/3621 8229/3614 5154/3622
f 1631/3618 5154/3622 8232/3623 6431/3624
f 1631/3618 6431/3624 8233/3625 2235/3619
f 1632/3626 6407/3627 8234/3628 2580/3629
f 1632/3626 2580/3629 8231/3620 2235/3619
f 1632/3626 2235/3619 8233/3625 6407/3627
f 1633/3630 6399/3631 8234/3628 6407/3627
f 1633/3630 6407/3627 8233/3625 2214/3632
f 1633/3630 2214/3632 8235/3633 6399/3631
f 1634/3634 2644/3635 8230/3616 5251/3615
f 1634/3634 5251/3615 8229/3614 5205/3621
f 1634/3634 5205/3621 8231/3620 2434/3636
f 1634/3634 2434/3636 8236/3637 2644/3635
f 1635/3638 3434/3639 8237/3640 3303/3641
f 1635/3638 3303/3641 8238/3642 3458/3643
f 1635/3638 3458/3643 8239/3644 3302/3645
f 1635/3638 3302/3645 8240/3646 3434/3639
f 1636/3647 2798/3648 8230/3616 2644/3635
f 1636/3647 2644/3635 8236/3637 3345/3649
f 1636/3647 3345/3649 8239/3650 3458/3651
f 1636/3647 3458/3651 8238/3652 2798/3648
f 1637/3653 2797/3654 8232/3623 2419/3655
f 1637/3653 2419/3655 8237/3656 3434/3657
f 1637/3653 3434/3657 8240/3658 2797/3654
f 1638/3659 6431/3624 8232/3623 2797/3654
f 1638/3659 2797/3654 8240/3658 3098/3660
f 1638/3659 3098/3660 8233/3625 6431/3624
f 1639/3661 3276/3662 8241/3663 3407/3664
f 1639/3661 3407/3664 8242/3665 3358/3666
f 1639/3661 3358/3666 8243/3667 6260/3668
f 1639/3661 6260/3668 8244/3669 3276/3662
f 1640/3670 5679/3671 8225/3672 4361/3673
f 1640/3670 4361/3673 8241/3663 3276/3662
f 1640/3670 3276/3662 8244/3669 4745/3674
f 1640/3670 4745/3674 8224/3675 5679/3671
f 1641/3676 3358/3666 8242/3665 4230/3677
f 1641/3676 4230/3677 8219/3568 2387/3567
f 1641/3676 2387/3567 8218/3566 4280/3678
f 1641/3676 4280/3678 8243/3667 3358/3666
f 1642/3679 3063/3680 8240/3646 3302/3645
f 1642/3679 3302/3645 8239/3644 3523/3681
f 1642/3679 3523/3681 8245/3682 2359/3683
f 1642/3679 2359/3683 8246/3684 3063/3680
f 1643/3685 2318/3686 8236/3637 2434/3636
f 1643/3685 2434/3636 8231/3620 2580/3629
f 1643/3685 2580/3629 8234/3628 2318/3686
f 1644/3687 2745/3688 8236/3637 2318/3686
f 1644/3687 2318/3686 8234/3628 3540/3689
f 1644/3687 3540/3689 8247/3690 2745/3688
f 1645/3691 3345/3649 8236/3637 2745/3688
f 1645/3691 2745/3688 8247/3690 2255/3692
f 1645/3691 2255/3692 8245/3693 3523/3694
f 1645/3691 3523/3694 8239/3650 3345/3649
f 1646/3695 3504/3696 8233/3625 3098/3660
f 1646/3695 3098/3660 8240/3658 3063/3697
f 1646/3695 3063/3697 8246/3698 3504/3696
f 1647/3699 2214/3632 8233/3625 3504/3696
f 1647/3699 3504/3696 8246/3698 3743/3700
f 1647/3699 3743/3700 8235/3633 2214/3632
f 1648/3701 2486/3702 8248/3703 2952/3704
f 1648/3701 2952/3704 8237/3656 2419/3655
f 1648/3701 2419/3655 8232/3623 3220/3705
f 1648/3701 3220/3705 8249/3706 2486/3702
f 1649/3707 5345/3708 8217/3709 2672/3710
f 1649/3707 2672/3710 8213/3544 4085/3617
f 1649/3707 4085/3617 8230/3616 5345/3708
f 1650/3711 3881/3712 8217/3709 5345/3708
f 1650/3711 5345/3708 8230/3616 2798/3648
f 1650/3711 2798/3648 8238/3652 3881/3712
f 1651/3713 4500/3714 8217/3557 3881/3715
f 1651/3713 3881/3715 8238/3642 3303/3641
f 1651/3713 3303/3641 8237/3640 2952/3716
f 1651/3713 2952/3716 8248/3717 4500/3714
f 1652/3718 4146/3719 8249/3706 3220/3705
f 1652/3718 3220/3705 8232/3623 5154/3622
f 1652/3718 5154/3622 8229/3614 5235/3613
f 1652/3718 5235/3613 8228/3612 4146/3719
f 1653/3720 2210/3721 8250/3722 6131/3723
f 1653/3720 6131/3723 8251/3724 2307/3725
f 1653/3720 2307/3725 8196/3470 5666/3477
f 1653/3720 5666/3477 8194/3476 2210/3721
f 1654/3726 6178/3727 8252/3728 2932/3729
f 1654/3726 2932/3729 8188/3449 4140/3471
f 1654/3726 4140/3471 8196/3470 2307/3725
f 1654/3726 2307/3725 8251/3724 6178/3727
f 1655/3730 6139/3731 8249/3706 6207/3732
f 1655/3730 6207/3732 8251/3724 6131/3723
f 1655/3730 6131/3723 8250/3722 6139/3731
f 1656/3733 2486/3734 8249/3706 6139/3731
f 1656/3733 6139/3731 8250/3722 2280/3735
f 1656/3733 2280/3735 8248/3736 2486/3734
f 1657/3737 6336/3738 8253/3739 6164/3740
f 1657/3737 6164/3740 8252/3728 6178/3727
f 1657/3737 6178/3727 8251/3724 6207/3732
f 1657/3737 6207/3732 8249/3706 6336/3738
f 1658/3741 5408/3742 8250/3743 2210/3744
f 1658/3741 2210/3744 8194/3464 5122/3463
f 1658/3741 5122/3463 8192/3458 5014/3745
f 1658/3741 5014/3745 8254/3746 5408/3742
f 1659/3747 5334/3748 8248/3717 2280/3749
f 1659/3747 2280/3749 8250/3743 5408/3742
f 1659/3747 5408/3742 8254/3746 5825/3750
f 1659/3747 5825/3750 8255/3751 5334/3748
f 1660/3752 3053/3753 8222/3581 5008/3580
f 1660/3752 5008/3580 8219/3568 4230/3677
f 1660/3752 4230/3677 8242/3665 4640/3754
f 1660/3752 4640/3754 8256/3755 3053/3753
f 1661/3756 2498/3757 8215/3551 4803/3586
f 1661/3756 4803/3586 8222/3581 3053/3753
f 1661/3756 3053/3753 8256/3755 6109/3758
f 1661/3756 6109/3758 8257/3759 2498/3757
f 1662/3760 6164/3740 8253/3739 5412/3761
f 1662/3760 5412/3761 8258/3762 6278/3763
f 1662/3760 6278/3763 8259/3764 5768/3765
f 1662/3760 5768/3765 8252/3728 6164/3740
f 1663/3766 5489/3767 8258/3762 5559/3768
f 1663/3766 5559/3768 8255/3751 5825/3750
f 1663/3766 5825/3750 8254/3746 5489/3767
f 1664/3769 6278/3763 8258/3762 5489/3767
f 1664/3769 5489/3767 8254/3746 5558/3770
f 1664/3769 5558/3770 8259/3764 6278/3763
f 1665/3771 5466/3772 8227/3773 3456/3774
f 1665/3771 3456/3774 8260/3775 6049/3776
f 1665/3771 6049/3776 8261/3777 3446/3778
f 1665/3771 3446/3778 8226/3779 5466/3772
f 1666/3780 6049/3776 8260/3775 6406/3781
f 1666/3780 6406/3781 8257/3759 6109/3758
f 1666/3780 6109/3758 8256/3755 6385/3782
f 1666/3780 6385/3782 8261/3777 6049/3776
f 1667/3783 6069/3784 8262/3785 5957/3786
f 1667/3783 5957/3786 8263/3787 5941/3788
f 1667/3783 5941/3788 8264/3789 5931/3790
f 1667/3783 5931/3790 8265/3791 6069/3784
f 1668/3792 5970/3793 8266/3794 5905/3795
f 1668/3792 5905/3795 8267/3796 6121/3797
f 1668/3792 6121/3797 8268/3798 5970/3793
f 1669/3799 6023/3800 8266/3794 5970/3793
f 1669/3799 5970/3793 8268/3798 5988/3801
f 1669/3799 5988/3801 8269/3802 6023/3800
f 1670/3803 3742/3804 8269/3802 5988/3801
f 1670/3803 5988/3801 8268/3798 5929/3805
f 1670/3803 5929/3805 8270/3806 3742/3804
f 1671/3807 5904/3808 8269/3802 3742/3804
f 1671/3807 3742/3804 8270/3806 5983/3809
f 1671/3807 5983/3809 8271/3810 5904/3808
f 1672/3811 6328/3812 8263/3787 3337/3813
f 1672/3811 3337/3813 8271/3814 5983/3815
f 1672/3811 5983/3815 8270/3816 6328/3812
f 1673/3817 5941/3788 8263/3787 6328/3812
f 1673/3817 6328/3812 8270/3816 6237/3818
f 1673/3817 6237/3818 8264/3789 5941/3788
f 1674/3819 4416/3820 8259/3764 5558/3770
f 1674/3819 5558/3770 8254/3746 5014/3745
f 1674/3819 5014/3745 8192/3458 4503/3457
f 1674/3819 4503/3457 8189/3451 4416/3820
f 1675/3821 5910/3822 8266/3823 6128/3824
f 1675/3821 6128/3824 8262/3785 6069/3784
f 1675/3821 6069/3784 8265/3791 5910/3822
f 1676/3825 5905/3826 8266/3823 5910/3822
f 1676/3825 5910/3822 8265/3791 6361/3827
f 1676/3825 6361/3827 8267/3828 5905/3826
f 1677/3829 2932/3729 8252/3728 5768/3765
f 1677/3829 5768/3765 8259/3764 4416/3820
f 1677/3829 4416/3820 8189/3451 4592/3450
f 1677/3829 4592/3450 8188/3449 2932/3729
f 1678/3830 5840/3831 8226/3779 3446/3778
f 1678/3830 3446/3778 8261/3777 4382/3832
f 1678/3830 4382/3832 8241/3663 4361/3673
f 1678/3830 4361/3673 8225/3672 5840/3831
f 1679/3833 4382/3832 8261/3777 6385/3782
f 1679/3833 6385/3782 8256/3755 4640/3754
f 1679/3833 4640/3754 8242/3665 3407/3664
f 1679/3833 3407/3664 8241/3663 4382/3832
f 1680/3834 6299/3835 8272/3836 2706/3837
f 1680/3834 2706/3837 8257/3759 6406/3781
f 1680/3834 6406/3781 8260/3775 3186/3838
f 1680/3834 3186/3838 8273/3839 6299/3835
f 1681/3840 6027/3841 8274/3842 2719/3843
f 1681/3840 2719/3843 8258/3762 5412/3761
f 1681/3840 5412/3761 8253/3739 4390/3844
f 1681/3840 4390/3844 8275/3845 6027/3841
f 1682/3846 2669/3847 8273/3839 3186/3838
f 1682/3846 3186/3838 8260/3775 3456/3774
f 1682/3846 3456/3774 8227/3773 2669/3847
f 1683/3848 3983/3849 8276/3850 4126/3851
f 1683/3848 4126/3851 8190/3453 5172/3461
f 1683/3848 5172/3461 8193/3460 5140/3467
f 1683/3848 5140/3467 8195/3466 3983/3849
f 1684/3852 2520/3853 8277/3854 3694/3855
f 1684/3852 3694/3855 8262/3785 6128/3824
f 1684/3852 6128/3824 8266/3823 3471/3856
f 1684/3852 3471/3856 8278/3857 2520/3853
f 1685/3858 3470/3859 8279/3860 4227/3861
f 1685/3858 4227/3861 8255/3751 5559/3768
f 1685/3858 5559/3768 8258/3762 3470/3859
f 1686/3862 2603/3863 8279/3860 3470/3859
f 1686/3862 3470/3859 8258/3762 2719/3843
f 1686/3862 2719/3843 8274/3842 2603/3863
f 1687/3864 6089/3865 8280/3866 2703/3867
f 1687/3864 2703/3867 8263/3787 5957/3786
f 1687/3864 5957/3786 8262/3785 3694/3855
f 1687/3864 3694/3855 8277/3854 6089/3865
f 1688/3868 6163/3869 8281/3870 5900/3871
f 1688/3868 5900/3871 8277/3854 2520/3853
f 1688/3868 2520/3853 8278/3857 5949/3872
f 1688/3868 5949/3872 8282/3873 6163/3869
f 1689/3874 3062/3875 8283/3876 2584/3877
f 1689/3874 2584/3877 8271/3814 3337/3813
f 1689/3874 3337/3813 8263/3787 3062/3875
f 1690/3878 5992/3879 8283/3876 3062/3875
f 1690/3878 3062/3875 8263/3787 2703/3867
f 1690/3878 2703/3867 8280/3866 5992/3879
f 1691/3880 2815/3881 8284/3882 6312/3883
f 1691/3880 6312/3883 8278/3884 3471/3885
f 1691/3880 3471/3885 8266/3794 2815/3881
f 1692/3886 2526/3887 8284/3882 2815/3881
f 1692/3886 2815/3881 8266/3794 6023/3800
f 1692/3886 6023/3800 8269/3802 2526/3887
f 1693/3888 5978/3889 8285/3890 6118/3891
f 1693/3888 6118/3891 8280/3866 6089/3865
f 1693/3888 6089/3865 8277/3854 5900/3871
f 1693/3888 5900/3871 8281/3870 5978/3889
f 1694/3892 5701/3893 8286/3894 5807/3895
f 1694/3892 5807/3895 8282/3896 5949/3897
f 1694/3892 5949/3897 8278/3884 6312/3883
f 1694/3892 6312/3883 8284/3882 5701/3893
f 1695/3898 5716/3899 8287/3900 5990/3901
f 1695/3898 5990/3901 8283/3876 5992/3879
f 1695/3898 5992/3879 8280/3866 5716/3899
f 1696/3902 6158/3903 8287/3900 5716/3899
f 1696/3902 5716/3899 8280/3866 6118/3891
f 1696/3902 6118/3891 8285/3890 6158/3903
f 1697/3904 6230/3905 8288/3906 5331/3907
f 1697/3904 5331/3907 8274/3842 6027/3841
f 1697/3904 6027/3841 8275/3845 5212/3908
f 1697/3904 5212/3908 8289/3909 6230/3905
f 1698/3910 6181/3911 8290/3912 5852/3913
f 1698/3910 5852/3913 8279/3860 2603/3863
f 1698/3910 2603/3863 8274/3842 5331/3907
f 1698/3910 5331/3907 8288/3906 6181/3911
f 1699/3914 2413/3915 8291/3916 2560/3917
f 1699/3914 2560/3917 8292/3918 2305/3919
f 1699/3914 2305/3919 8293/3920 2311/3921
f 1699/3914 2311/3921 8294/3922 2413/3915
f 1700/3923 2436/3924 8295/3925 3289/3926
f 1700/3923 3289/3926 8296/3927 6168/3928
f 1700/3923 6168/3928 8292/3918 2560/3917
f 1700/3923 2560/3917 8291/3916 2436/3924
f 1701/3929 5852/3913 8290/3912 6090/3930
f 1701/3929 6090/3930 8282/3896 6393/3931
f 1701/3929 6393/3931 8279/3860 5852/3913
f 1702/3932 3689/3933 8297/3934 3252/3935
f 1702/3932 3252/3935 8298/3936 3249/3937
f 1702/3932 3249/3937 8299/3938 3355/3939
f 1702/3932 3355/3939 8300/3940 3689/3933
f 1703/3941 3246/3942 8301/3943 3325/3944
f 1703/3941 3325/3944 8302/3945 3205/3946
f 1703/3941 3205/3946 8303/3947 3246/3942
f 1704/3948 6321/3949 8294/3922 2311/3921
f 1704/3948 2311/3921 8293/3920 6341/3950
f 1704/3948 6341/3950 8298/3936 3252/3935
f 1704/3948 3252/3935 8297/3934 6321/3949
f 1705/3951 3271/3952 8300/3940 3355/3939
f 1705/3951 3355/3939 8299/3938 3414/3953
f 1705/3951 3414/3953 8303/3954 3205/3955
f 1705/3951 3205/3955 8302/3945 3271/3952
f 1706/3956 6398/3957 8301/3943 3246/3942
f 1706/3956 3246/3942 8303/3947 2678/3958
f 1706/3956 2678/3958 8282/3896 6090/3930
f 1706/3956 6090/3930 8290/3912 6398/3957
f 1707/3959 4070/3960 8273/3839 2669/3847
f 1707/3959 2669/3847 8227/3773 4668/3961
f 1707/3959 4668/3961 8304/3962 2304/3963
f 1707/3959 2304/3963 8305/3964 4070/3960
f 1708/3965 2979/3966 8288/3906 6230/3905
f 1708/3965 6230/3905 8289/3909 3390/3967
f 1708/3965 3390/3967 8306/3968 2555/3969
f 1708/3965 2555/3969 8307/3970 2979/3966
f 1709/3971 2678/3972 8303/3954 3414/3953
f 1709/3971 3414/3953 8299/3938 5156/3973
f 1709/3971 5156/3973 8281/3870 6163/3869
f 1709/3971 6163/3869 8282/3873 2678/3972
f 1710/3974 5978/3889 8281/3870 5204/3975
f 1710/3974 5204/3975 8298/3936 6341/3950
f 1710/3974 6341/3950 8293/3920 6016/3976
f 1710/3974 6016/3976 8285/3890 5978/3889
f 1711/3977 5897/3978 8296/3927 3289/3926
f 1711/3977 3289/3926 8295/3925 6048/3979
f 1711/3977 6048/3979 8306/3968 3390/3967
f 1711/3977 3390/3967 8289/3909 5897/3978
f 1712/3980 5204/3975 8281/3870 5156/3973
f 1712/3980 5156/3973 8299/3938 3249/3937
f 1712/3980 3249/3937 8298/3936 5204/3975
f 1713/3981 5990/3901 8287/3900 3223/3982
f 1713/3981 3223/3982 8305/3964 2700/3983
f 1713/3981 2700/3983 8283/3876 5990/3901
f 1714/3984 5592/3985 8268/3798 6121/3797
f 1714/3984 6121/3797 8267/3796 5511/3986
f 1714/3984 5511/3986 8308/3987 5592/3985
f 1715/3988 4111/3989 8270/3806 5929/3805
f 1715/3988 5929/3805 8268/3798 5592/3985
f 1715/3988 5592/3985 8308/3987 4111/3989
f 1716/3990 6237/3991 8270/3806 4111/3989
f 1716/3990 4111/3989 8308/3987 5785/3992
f 1716/3990 5785/3992 8264/3993 6237/3991
f 1717/3994 5931/3790 8264/3789 5785/3995
f 1717/3994 5785/3995 8308/3996 5817/3997
f 1717/3994 5817/3997 8265/3791 5931/3790
f 1718/3998 6361/3827 8265/3791 5817/3997
f 1718/3998 5817/3997 8308/3996 5511/3999
f 1718/3998 5511/3999 8267/3828 6361/3827
f 1719/4000 6393/3931 8282/3896 5807/3895
f 1719/4000 5807/3895 8286/3894 6138/4001
f 1719/4000 6138/4001 8279/3860 6393/3931
f 1720/4002 6299/3835 8273/3839 5175/4003
f 1720/4002 5175/4003 8287/3900 5098/4004
f 1720/4002 5098/4004 8272/3836 6299/3835
f 1721/4005 6099/4006 8292/3918 4911/4007
f 1721/4005 4911/4007 8272/3836 5098/4004
f 1721/4005 5098/4004 8287/3900 6099/4006
f 1722/4008 5964/4009 8292/3918 6099/4006
f 1722/4008 6099/4006 8287/3900 6158/3903
f 1722/4008 6158/3903 8285/3890 5964/4009
f 1723/4010 6016/3976 8293/3920 2305/3919
f 1723/4010 2305/3919 8292/3918 5964/4009
f 1723/4010 5964/4009 8285/3890 6016/3976
f 1724/4011 3223/3982 8287/3900 5175/4003
f 1724/4011 5175/4003 8273/3839 4070/3960
f 1724/4011 4070/3960 8305/3964 3223/3982
f 1725/4012 2592/4013 8309/4014 2254/4015
f 1725/4012 2254/4015 8305/3964 2304/3963
f 1725/4012 2304/3963 8304/3962 2592/4013
f 1726/4016 2498/3757 8257/3759 2706/3837
f 1726/4016 2706/3837 8272/3836 3946/4017
f 1726/4016 3946/4017 8310/4018 5353/4019
f 1726/4016 5353/4019 8215/3551 2498/3757
f 1727/4020 5051/3454 8190/3453 4126/3851
f 1727/4020 4126/3851 8276/3850 4056/4021
f 1727/4020 4056/4021 8191/3455 5051/3454
f 1728/4022 4745/3674 8244/3669 6213/4023
f 1728/4022 6213/4023 8311/4024 4729/4025
f 1728/4022 4729/4025 8224/3675 4745/3674
f 1729/4026 6260/3668 8243/3667 6366/4027
f 1729/4026 6366/4027 8311/4024 6213/4023
f 1729/4026 6213/4023 8244/3669 6260/3668
f 1730/4028 4911/4007 8292/3918 3374/4029
f 1730/4028 3374/4029 8310/4018 3946/4017
f 1730/4028 3946/4017 8272/3836 4911/4007
f 1731/4030 5712/4031 8312/4032 2727/4033
f 1731/4030 2727/4033 8289/3909 2803/4034
f 1731/4030 2803/4034 8313/4035 5712/4031
f 1732/4036 2217/4037 8279/3860 6138/4001
f 1732/4036 6138/4001 8286/3894 2558/4038
f 1732/4036 2558/4038 8217/3557 2217/4037
f 1733/4039 2558/4038 8286/3894 3106/4040
f 1733/4039 3106/4040 8304/4041 3875/4042
f 1733/4039 3875/4042 8217/3557 2558/4038
f 1734/4043 5361/3472 8191/3455 4056/4021
f 1734/4043 4056/4021 8276/3850 4624/4044
f 1734/4043 4624/4044 8197/3473 5361/3472
f 1735/4045 4624/4044 8276/3850 3983/4046
f 1735/4045 3983/4046 8195/3479 5812/3478
f 1735/4045 5812/3478 8197/3473 4624/4044
f 1736/4047 2661/4048 8247/3690 3540/3689
f 1736/4047 3540/3689 8234/3628 3749/4049
f 1736/4047 3749/4049 8314/4050 2661/4048
f 1737/4051 2591/4052 8246/3684 2359/3683
f 1737/4051 2359/3683 8245/3682 2205/4053
f 1737/4051 2205/4053 8314/4054 2591/4052
f 1738/4055 3595/4056 8235/3633 3743/3700
f 1738/4055 3743/3700 8246/3698 2591/4057
f 1738/4055 2591/4057 8314/4050 3595/4056
f 1739/4058 2255/3692 8247/3690 2661/4048
f 1739/4058 2661/4048 8314/4050 2205/4059
f 1739/4058 2205/4059 8245/3693 2255/3692
f 1740/4060 6366/4027 8243/3667 4280/3678
f 1740/4060 4280/3678 8218/3566 4081/4061
f 1740/4060 4081/4061 8311/4024 6366/4027
f 1741/4062 3595/4056 8314/4050 3749/4049
f 1741/4062 3749/4049 8234/3628 6399/3631
f 1741/4062 6399/3631 8235/3633 3595/4056
f 1742/4063 5155/3593 8224/3592 4729/4064
f 1742/4063 4729/4064 8311/4065 3863/4066
f 1742/4063 3863/4066 8221/3594 5155/3593
f 1743/4067 3863/4068 8311/4024 4081/4061
f 1743/4067 4081/4061 8218/3566 4959/3565
f 1743/4067 4959/3565 8221/3572 3863/4068
f 1744/4069 5892/4070 8199/3484 4485/3517
f 1744/4069 4485/3517 8206/3516 5374/4071
f 1744/4069 5374/4071 8315/4072 5892/4070
f 1745/4073 2909/3508 8205/3507 5448/4074
f 1745/4073 5448/4074 8315/4075 5374/4076
f 1745/4073 5374/4076 8206/3509 2909/3508
f 1746/4077 5448/4078 8205/3497 2783/3496
f 1746/4077 2783/3496 8204/3495 5464/4079
f 1746/4077 5464/4079 8315/4072 5448/4078
f 1747/4080 5063/3500 8200/3486 6317/4081
f 1747/4080 6317/4081 8315/4072 5464/4079
f 1747/4080 5464/4079 8204/3495 5063/3500
f 1748/4082 4876/3485 8199/3484 5892/4070
f 1748/4082 5892/4070 8315/4072 6317/4081
f 1748/4082 6317/4081 8200/3486 4876/3485
f 1749/4083 5805/4084 8304/4041 4668/4085
f 1749/4083 4668/4085 8227/3609 4408/3608
f 1749/4083 4408/3608 8216/3554 5805/4084
f 1750/4086 3875/4042 8304/4041 5805/4084
f 1750/4086 5805/4084 8216/3554 2926/3553
f 1750/4086 2926/3553 8217/3557 3875/4042
f 1751/4087 4227/3861 8279/3860 4716/4088
f 1751/4087 4716/4088 8248/3717 5334/3748
f 1751/4087 5334/3748 8255/3751 4227/3861
f 1752/4089 4716/4088 8279/3860 2217/4037
f 1752/4089 2217/4037 8217/3557 4500/3714
f 1752/4089 4500/3714 8248/3717 4716/4088
f 1753/4090 3374/4029 8292/3918 2739/4091
f 1753/4090 2739/4091 8316/4092 5791/4093
f 1753/4090 5791/4093 8310/4018 3374/4029
f 1754/4094 4891/4095 8213/3544 3075/3543
f 1754/4094 3075/3543 8214/3547 4948/4096
f 1754/4094 4948/4096 8316/4092 5138/4097
f 1754/4094 5138/4097 8317/4098 4891/4095
f 1755/4099 3216/3549 8215/3551 5353/4019
f 1755/4099 5353/4019 8310/4018 5791/4093
f 1755/4099 5791/4093 8316/4092 4948/4096
f 1755/4099 4948/4096 8214/3547 3216/3549
f 1756/4100 5897/3978 8289/3909 2727/4033
f 1756/4100 2727/4033 8312/4032 5463/4101
f 1756/4100 5463/4101 8317/4098 2408/4102
f 1756/4100 2408/4102 8296/3927 5897/3978
f 1757/4103 5963/4104 8249/3706 4146/3719
f 1757/4103 4146/3719 8228/3612 4214/4105
f 1757/4103 4214/4105 8312/4032 5712/4031
f 1757/4103 5712/4031 8313/4035 5963/4104
f 1758/4106 5463/4101 8312/4032 4214/4105
f 1758/4106 4214/4105 8228/3612 3996/4107
f 1758/4106 3996/4107 8317/4098 5463/4101
f 1759/4108 4501/3611 8213/3544 4891/4095
f 1759/4108 4891/4095 8317/4098 3996/4107
f 1759/4108 3996/4107 8228/3612 4501/3611
f 1760/4109 4738/4110 8313/4035 2803/4034
f 1760/4109 2803/4034 8289/3909 5212/3908
f 1760/4109 5212/3908 8275/3845 4738/4110
f 1761/4111 5138/4097 8316/4092 2739/4091
f 1761/4111 2739/4091 8292/3918 6168/3928
f 1761/4111 6168/3928 8296/3927 2408/4102
f 1761/4111 2408/4102 8317/4098 5138/4097
f 1762/4112 4738/4110 8275/3845 4390/3844
f 1762/4112 4390/3844 8253/3739 6161/4113
f 1762/4112 6161/4113 8313/4035 4738/4110
f 1763/4114 6161/4113 8253/3739 6336/3738
f 1763/4114 6336/3738 8249/3706 5963/4104
f 1763/4114 5963/4104 8313/4035 6161/4113
f 1764/4115 2740/4116 8309/4117 2592/4118
f 1764/4115 2592/4118 8304/4041 3106/4040
f 1764/4115 3106/4040 8286/3894 2740/4116
f 1765/4119 3196/4120 8309/4117 2740/4116
f 1765/4119 2740/4116 8286/3894 5701/3893
f 1765/4119 5701/3893 8284/3882 3196/4120
f 1766/4121 2973/4122 8283/3876 2700/3983
f 1766/4121 2700/3983 8305/3964 2254/4015
f 1766/4121 2254/4015 8309/4014 2973/4122
f 1767/4123 2584/3877 8283/3876 2973/4124
f 1767/4123 2973/4124 8309/4125 4270/4126
f 1767/4123 4270/4126 8271/3814 2584/3877
f 1768/4127 3196/4120 8284/3882 2526/3887
f 1768/4127 2526/3887 8269/3802 4088/4128
f 1768/4127 4088/4128 8309/4117 3196/4120
f 1769/4129 4088/4128 8269/3802 5904/3808
f 1769/4129 5904/3808 8271/3810 4270/4130
f 1769/4129 4270/4130 8309/4117 4088/4128
f 1770/4131 6148/4132 8301/3943 6398/3957
f 1770/4131 6398/3957 8290/3912 6181/3911
f 1770/4131 6181/3911 8288/3906 2979/3966
f 1770/4131 2979/3966 8307/3970 6148/4132
f 1771/4133 5330/4134 8302/3945 3325/3944
f 1771/4133 3325/3944 8301/3943 5371/4135
f 1771/4133 5371/4135 8168/3343 5517/3351
f 1771/4133 5517/3351 8171/3350 5330/4134
f 1772/4136 3271/3952 8302/3945 5330/4134
f 1772/4136 5330/4134 8171/3350 4184/3402
f 1772/4136 4184/3402 8187/3399 5883/4137
f 1772/4136 5883/4137 8300/3940 3271/3952
f 1773/4138 5382/3344 8168/3343 5371/4135
f 1773/4138 5371/4135 8301/3943 5548/4139
f 1773/4138 5548/4139 8169/3345 5382/3344
f 1774/4140 4289/4141 8173/3357 4262/3356
f 1774/4140 4262/3356 8169/3345 5548/4139
f 1774/4140 5548/4139 8301/3943 6148/4132
f 1774/4140 6148/4132 8307/3970 4289/4141
f 1775/4142 2696/4143 8179/3375 3234/3374
f 1775/4142 3234/3374 8177/3369 2950/4144
f 1775/4142 2950/4144 8307/3970 2555/3969
f 1775/4142 2555/3969 8306/3968 2696/4143
f 1776/4145 3469/3380 8179/3375 2696/4143
f 1776/4145 2696/4143 8306/3968 6048/3979
f 1776/4145 6048/3979 8295/3925 6036/4146
f 1776/4145 6036/4146 8181/3381 3469/3380
f 1777/4147 6094/4148 8183/3387 3669/3386
f 1777/4147 3669/3386 8181/3381 6036/4146
f 1777/4147 6036/4146 8295/3925 2436/3924
f 1777/4147 2436/3924 8291/3916 6094/4148
f 1778/4149 3428/3392 8183/3387 6094/4148
f 1778/4149 6094/4148 8291/3916 2413/3915
f 1778/4149 2413/3915 8294/3922 2453/4150
f 1778/4149 2453/4150 8185/3393 3428/3392
f 1779/4151 2453/4150 8294/3922 6321/3949
f 1779/4151 6321/3949 8297/3934 6102/4152
f 1779/4151 6102/4152 8185/3393 2453/4150
f 1780/4153 3072/3398 8185/3393 6102/4152
f 1780/4153 6102/4152 8297/3934 3689/3933
f 1780/4153 3689/3933 8300/3940 5883/4137
f 1780/4153 5883/4137 8187/3399 3072/3398
f 1781/4154 4321/3368 8175/3363 4693/4155
f 1781/4154 4693/4155 8307/3970 2950/4144
f 1781/4154 2950/4144 8177/3369 4321/3368
f 1782/4156 4313/3362 8173/3357 4289/4141
f 1782/4156 4289/4141 8307/3970 4693/4155
f 1782/4156 4693/4155 8175/3363 4313/3362
f 1871/3337 3873/3340 8404/3339 4278/3338
f 1871/3337 4278/3338 8405/3345 4154/3344
f 1871/3337 4154/3344 8406/3343 4014/3342
f 1871/3337 4014/3342 8407/3341 3873/3340
f 1872/3346 4744/3347 8407/3341 4014/3342
f 1872/3346 4014/3342 8406/3343 3957/3351
f 1872/3346 3957/3351 8408/3350 4800/3349
f 1872/3346 4800/3349 8409/3348 4744/3347
f 1873/3352 3930/3355 8410/3354 4027/3353
f 1873/3352 4027/3353 8411/3357 4692/3356
f 1873/3352 4692/3356 8405/3345 4278/3338
f 1873/3352 4278/3338 8404/3339 3930/3355
f 1874/3358 4102/3361 8412/3360 4055/3359
f 1874/3358 4055/3359 8413/3363 4291/3362
f 1874/3358 4291/3362 8411/3357 4027/3353
f 1874/3358 4027/3353 8410/3354 4102/3361
f 1875/3364 4137/3367 8414/3366 3624/3365
f 1875/3364 3624/3365 8415/4157 3544/3368
f 1875/3364 3544/3368 8413/3363 4055/3359
f 1875/3364 4055/3359 8412/3360 4137/3367
f 1876/3370 3562/3373 8416/3372 3633/3371
f 1876/3370 3633/3371 8417/3375 3553/3374
f 1876/3370 3553/3374 8415/4157 3624/3365
f 1876/3370 3624/3365 8414/3366 3562/3373
f 1877/3376 3572/3379 8418/3378 4193/3377
f 1877/3376 4193/3377 8419/3381 4094/3380
f 1877/3376 4094/3380 8417/3375 3633/3371
f 1877/3376 3633/3371 8416/3372 3572/3379
f 1878/3382 4258/3385 8420/3384 4483/3383
f 1878/3382 4483/3383 8421/3387 4125/3386
f 1878/3382 4125/3386 8419/3381 4193/3377
f 1878/3382 4193/3377 8418/3378 4258/3385
f 1879/3388 4539/3391 8422/3390 4376/3389
f 1879/3388 4376/3389 8423/3393 4454/3392
f 1879/3388 4454/3392 8421/3387 4483/3383
f 1879/3388 4483/3383 8420/3384 4539/3391
f 1880/3394 4835/3397 8424/3396 4349/3395
f 1880/3394 4349/3395 8425/3399 4431/3398
f 1880/3394 4431/3398 8423/3393 4376/3389
f 1880/3394 4376/3389 8422/3390 4835/3397
f 1881/3400 3781/3401 8409/3348 4800/3349
f 1881/3400 4800/3349 8408/3350 3522/3402
f 1881/3400 3522/3402 8425/3399 4349/3395
f 1881/3400 4349/3395 8424/3396 3781/3401
f 1882/3403 5932/3406 7183/3405 4553/3404
f 1882/3403 4553/3404 8404/3339 3873/3340
f 1882/3403 3873/3340 8407/3341 4253/3408
f 1882/3403 4253/3408 7184/3407 5932/3406
f 1883/3409 5917/3410 7184/3407 4253/3408
f 1883/3409 4253/3408 8407/3341 4744/3347
f 1883/3409 4744/3347 8409/3348 4237/3412
f 1883/3409 4237/3412 7185/3411 5917/3410
f 1884/3413 6056/3416 7186/3415 4217/3414
f 1884/3413 4217/3414 8410/3354 3930/3355
f 1884/3413 3930/3355 8404/3339 4553/3404
f 1884/3413 4553/3404 7183/3405 6056/3416
f 1885/3417 5890/3420 7187/3419 4209/3418
f 1885/3417 4209/3418 8412/3360 4102/3361
f 1885/3417 4102/3361 8410/3354 4217/3414
f 1885/3417 4217/3414 7186/3415 5890/3420
f 1886/3421 4955/3424 7188/3423 4257/3422
f 1886/3421 4257/3422 8414/3366 4137/3367
f 1886/3421 4137/3367 8412/3360 4209/3418
f 1886/3421 4209/3418 7187/3419 4955/3424
f 1887/3425 5071/3428 7189/3427 4621/3426
f 1887/3425 4621/3426 8416/3372 3562/3373
f 1887/3425 3562/3373 8414/3366 4257/3422
f 1887/3425 4257/3422 7188/3423 5071/3428
f 1888/3429 4920/3432 7190/3431 4442/3430
f 1888/3429 4442/3430 8418/3378 3572/3379
f 1888/3429 3572/3379 8416/3372 4621/3426
f 1888/3429 4621/3426 7189/3427 4920/3432
f 1889/3433 5323/3436 7191/3435 3964/3434
f 1889/3433 3964/3434 8420/3384 4258/3385
f 1889/3433 4258/3385 8418/3378 4442/3430
f 1889/3433 4442/3430 7190/3431 5323/3436
f 1890/3437 4919/3440 7192/3439 3929/3438
f 1890/3437 3929/3438 8422/3390 4539/3391
f 1890/3437 4539/3391 8420/3384 3964/3434
f 1890/3437 3964/3434 7191/3435 4919/3440
f 1891/3441 5011/3444 7193/3443 4497/3442
f 1891/3441 4497/3442 8424/3396 4835/3397
f 1891/3441 4835/3397 8422/3390 3929/3438
f 1891/3441 3929/3438 7192/3439 5011/3444
f 1892/3445 4496/3446 7185/3411 4237/3412
f 1892/3445 4237/3412 8409/3348 3781/3401
f 1892/3445 3781/3401 8424/3396 4497/3442
f 1892/3445 4497/3442 7193/3443 4496/3446
f 1893/3447 4188/3450 8426/3449 4325/3448
f 1893/3447 4325/3448 8427/3455 5467/3454
f 1893/3447 5467/3454 8428/3453 5591/3452
f 1893/3447 5591/3452 8429/3451 4188/3450
f 1894/3456 5366/3457 8429/3451 5591/3452
f 1894/3456 5591/3452 8428/3453 5389/3461
f 1894/3456 5389/3461 8430/3460 5854/3459
f 1894/3456 5854/3459 8431/3458 5366/3457
f 1895/4158 5375/3463 8431/3458 5854/3459
f 1895/4158 5854/3459 8430/3460 5381/3467
f 1895/4158 5381/3467 8432/3466 5523/3465
f 1895/4158 5523/3465 8433/3464 5375/3463
f 1896/3468 3872/3471 8434/3470 5243/3469
f 1896/3468 5243/3469 8435/3473 5770/3472
f 1896/3468 5770/3472 8427/3455 4325/3448
f 1896/3468 4325/3448 8426/3449 3872/3471
f 1897/3474 5284/3477 8433/3476 5523/3475
f 1897/3474 5523/3475 8432/3479 5398/3478
f 1897/3474 5398/3478 8435/3473 5243/3469
f 1897/3474 5243/3469 8434/3470 5284/3477
f 1898/3480 4796/3483 8436/3482 4667/3481
f 1898/3480 4667/3481 8437/3488 4825/3487
f 1898/3480 4825/3487 8438/3486 4696/3485
f 1898/3480 4696/3485 8439/3484 4796/3483
f 1899/3489 3222/3492 8440/3491 3096/3490
f 1899/3489 3096/3490 8441/3497 2998/3496
f 1899/3489 2998/3496 8442/3495 2992/3494
f 1899/3489 2992/3494 8443/3493 3222/3492
f 1900/3498 4825/3487 8437/3488 4516/3499
f 1900/3498 4516/3499 8442/3495 4368/3500
f 1900/3498 4368/3500 8438/3486 4825/3487
f 1901/3501 4516/3499 8437/3488 4447/3502
f 1901/3501 4447/3502 8443/3493 2992/3494
f 1901/3501 2992/3494 8442/3495 4516/3499
f 1902/3503 3096/3506 8440/3505 3288/3504
f 1902/3503 3288/3504 8444/3511 3574/3510
f 1902/3503 3574/3510 8445/3509 3482/3508
f 1902/3503 3482/3508 8441/3507 3096/3506
f 1903/3512 4043/3513 8436/3482 4796/3483
f 1903/3512 4796/3483 8439/3484 4242/3517
f 1903/3512 4242/3517 8445/3516 3574/3515
f 1903/3512 3574/3515 8444/3514 4043/3513
f 1904/3518 4201/3521 8446/3520 2948/3519
f 1904/3518 2948/3519 8447/3523 4210/3522
f 1904/3518 4210/3522 8437/3488 4667/3481
f 1904/3518 4667/3481 8436/3482 4201/3521
f 1905/4159 4210/3522 8447/3523 3071/3525
f 1905/4159 3071/3525 8448/3527 3292/3526
f 1905/4159 3292/3526 8443/3493 4447/3502
f 1905/4159 4447/3502 8437/3488 4210/3522
f 1906/3528 3219/3531 8449/3530 3655/3529
f 1906/3528 3655/3529 8440/3491 3222/3492
f 1906/3528 3222/3492 8443/3493 3292/3526
f 1906/3528 3292/3526 8448/3527 3219/3531
f 1907/3532 3655/3535 8449/3534 3105/3533
f 1907/3532 3105/3533 8450/3537 3521/3536
f 1907/3532 3521/3536 8444/3511 3288/3504
f 1907/3532 3288/3504 8440/3505 3655/3535
f 1908/3538 3142/3539 8446/3520 4201/3521
f 1908/3538 4201/3521 8436/3482 4043/3513
f 1908/3538 4043/3513 8444/3514 3521/3541
f 1908/3538 3521/3541 8450/3540 3142/3539
f 1909/3542 3206/3545 8451/3544 4686/3543
f 1909/3542 4686/3543 8452/3547 4372/3546
f 1909/3542 4372/3546 8447/3523 2948/3519
f 1909/3542 2948/3519 8446/3520 3206/3545
f 1910/3548 4372/3546 8452/3547 4706/3549
f 1910/3548 4706/3549 8453/3551 4522/3550
f 1910/3548 4522/3550 8448/3527 3071/3525
f 1910/3548 3071/3525 8447/3523 4372/3546
f 1911/3552 4407/3555 8454/3554 4878/3553
f 1911/3552 4878/3553 8455/3557 4793/3556
f 1911/3552 4793/3556 8450/3537 3105/3533
f 1911/3552 3105/3533 8449/3534 4407/3555
f 1912/3558 5005/3561 8454/3560 4324/3559
f 1912/3558 4324/3559 8448/3527 4522/3550
f 1912/3558 4522/3550 8453/3551 5005/3561
f 1913/3562 4324/3559 8454/3560 4407/3563
f 1913/3562 4407/3563 8449/3530 3219/3531
f 1913/3562 3219/3531 8448/3527 4324/3559
f 1914/3564 4998/3567 8456/3566 4845/3565
f 1914/3564 4845/3565 8457/3572 4827/3571
f 1914/3564 4827/3571 8458/3570 4823/3569
f 1914/3564 4823/3569 8459/3568 4998/3567
f 1915/3573 4580/3575 8451/3544 2872/3574
f 1915/3573 2872/3574 8450/3540 4793/3577
f 1915/3573 4793/3577 8455/3576 4580/3575
f 1916/3578 2872/3574 8451/3544 3206/3545
f 1916/3578 3206/3545 8446/3520 3142/3539
f 1916/3578 3142/3539 8450/3540 2872/3574
f 1917/3579 4924/3582 8460/3581 5838/3580
f 1917/3579 5838/3580 8459/3568 4823/3569
f 1917/3579 4823/3569 8458/3570 5720/3584
f 1917/3579 5720/3584 8461/3583 4924/3582
f 1918/3585 5005/3587 8453/3551 5276/3586
f 1918/3585 5276/3586 8460/3581 4924/3582
f 1918/3585 4924/3582 8461/3583 5505/3589
f 1918/3585 5505/3589 8454/3588 5005/3587
f 1919/3590 5617/3593 8462/3592 4912/3591
f 1919/3590 4912/3591 8463/3598 5614/3597
f 1919/3590 5614/3597 8458/3596 4827/3595
f 1919/3590 4827/3595 8457/3594 5617/3593
f 1920/3599 5286/3602 8464/3601 4894/3600
f 1920/3599 4894/3600 8461/3604 5720/3603
f 1920/3599 5720/3603 8458/3596 5614/3597
f 1920/3599 5614/3597 8463/3598 5286/3602
f 1921/3605 4894/3600 8464/3601 4991/3606
f 1921/3605 4991/3606 8465/3609 5751/3608
f 1921/3605 5751/3608 8454/3554 5505/3607
f 1921/3605 5505/3607 8461/3604 4894/3600
f 1922/3610 2633/3613 8466/3612 3995/3611
f 1922/3610 3995/3611 8451/3544 3814/3617
f 1922/3610 3814/3617 8467/3616 2569/3615
f 1922/3610 2569/3615 8468/3614 2633/3613
f 1923/3618 2956/3621 8469/3620 3104/3619
f 1923/3618 3104/3619 8470/3625 3242/3624
f 1923/3618 3242/3624 8471/3623 2806/3622
f 1923/3618 2806/3622 8468/3614 2956/3621
f 1924/4160 3198/3629 8472/3628 3180/3627
f 1924/4160 3180/3627 8470/3625 3104/3619
f 1924/4160 3104/3619 8469/3620 3198/3629
f 1925/3630 3180/3627 8472/3628 2955/3631
f 1925/3630 2955/3631 8473/3633 2846/3632
f 1925/3630 2846/3632 8470/3625 3180/3627
f 1926/3634 2569/3615 8467/3616 3025/3635
f 1926/3634 3025/3635 8474/3637 2785/3636
f 1926/3634 2785/3636 8469/3620 2956/3621
f 1926/3634 2956/3621 8468/3614 2569/3615
f 1927/4161 2911/3641 8475/3640 3585/3639
f 1927/4161 3585/3639 8476/3646 3017/3645
f 1927/4161 3017/3645 8477/3644 3203/3643
f 1927/4161 3203/3643 8478/3642 2911/3641
f 1928/3647 3025/3635 8467/3616 3286/3648
f 1928/3647 3286/3648 8478/3652 3203/3651
f 1928/3647 3203/3651 8477/3650 2868/3649
f 1928/3647 2868/3649 8474/3637 3025/3635
f 1929/3653 2763/3655 8471/3623 2845/3654
f 1929/3653 2845/3654 8476/3658 3585/3657
f 1929/3653 3585/3657 8475/3656 2763/3655
f 1930/3659 2845/3654 8471/3623 3242/3624
f 1930/3659 3242/3624 8470/3625 2908/3660
f 1930/3659 2908/3660 8476/3658 2845/3654
f 1931/3661 2502/3664 8479/3663 2357/3662
f 1931/3661 2357/3662 8480/3669 2518/3668
f 1931/3661 2518/3668 8481/3667 2682/3666
f 1931/3661 2682/3666 8482/3665 2502/3664
f 1932/3670 4198/3673 8463/3672 4912/3671
f 1932/3670 4912/3671 8462/3675 3828/3674
f 1932/3670 3828/3674 8480/3669 2357/3662
f 1932/3670 2357/3662 8479/3663 4198/3673
f 1933/3676 4080/3677 8482/3665 2682/3666
f 1933/3676 2682/3666 8481/3667 4306/3678
f 1933/3676 4306/3678 8456/3566 4998/3567
f 1933/3676 4998/3567 8459/3568 4080/3677
f 1934/3679 3017/3645 8476/3646 2905/3680
f 1934/3679 2905/3680 8483/3684 2296/3683
f 1934/3679 2296/3683 8484/3682 2780/3681
f 1934/3679 2780/3681 8477/3644 3017/3645
f 1935/3685 2785/3636 8474/3637 2890/3686
f 1935/3685 2890/3686 8472/3628 3198/3629
f 1935/3685 3198/3629 8469/3620 2785/3636
f 1936/3687 2890/3686 8474/3637 4467/3688
f 1936/3687 4467/3688 8485/3690 4311/3689
f 1936/3687 4311/3689 8472/3628 2890/3686
f 1937/3691 4467/3688 8474/3637 2868/3649
f 1937/3691 2868/3649 8477/3650 2780/3694
f 1937/3691 2780/3694 8484/3693 5272/3692
f 1937/3691 5272/3692 8485/3690 4467/3688
f 1938/3695 2908/3660 8470/3625 3498/3696
f 1938/3695 3498/3696 8483/3698 2905/3697
f 1938/3695 2905/3697 8476/3658 2908/3660
f 1939/3699 3498/3696 8470/3625 2846/3632
f 1939/3699 2846/3632 8473/3633 3195/3700
f 1939/3699 3195/3700 8483/3698 3498/3696
f 1940/3701 4482/3704 8486/3703 5419/3702
f 1940/3701 5419/3702 8487/3706 4267/3705
f 1940/3701 4267/3705 8471/3623 2763/3655
f 1940/3701 2763/3655 8475/3656 4482/3704
f 1941/3707 4580/3710 8455/3709 5681/3708
f 1941/3707 5681/3708 8467/3616 3814/3617
f 1941/3707 3814/3617 8451/3544 4580/3710
f 1942/3711 5681/3708 8455/3709 4445/3712
f 1942/3711 4445/3712 8478/3652 3286/3648
f 1942/3711 3286/3648 8467/3616 5681/3708
f 1943/3713 4445/3715 8455/3557 2830/3714
f 1943/3713 2830/3714 8486/3717 4482/3716
f 1943/3713 4482/3716 8475/3640 2911/3641
f 1943/3713 2911/3641 8478/3642 4445/3715
f 1944/3718 4267/3705 8487/3706 3876/3719
f 1944/3718 3876/3719 8466/3612 2633/3613
f 1944/3718 2633/3613 8468/3614 2806/3622
f 1944/3718 2806/3622 8471/3623 4267/3705
f 1945/3720 5392/3723 8488/3722 5493/3721
f 1945/3720 5493/3721 8433/3476 5284/3477
f 1945/3720 5284/3477 8434/3470 5471/3725
f 1945/3720 5471/3725 8489/3724 5392/3723
f 1946/3726 4474/3729 8490/3728 5373/3727
f 1946/3726 5373/3727 8489/3724 5471/3725
f 1946/3726 5471/3725 8434/3470 3872/3471
f 1946/3726 3872/3471 8426/3449 4474/3729
f 1947/3730 5470/3732 8487/3706 5404/3731
f 1947/3730 5404/3731 8488/3722 5392/3723
f 1947/3730 5392/3723 8489/3724 5470/3732
f 1948/3733 5404/3731 8487/3706 5419/3734
f 1948/3733 5419/3734 8486/3736 5616/3735
f 1948/3733 5616/3735 8488/3722 5404/3731
f 1949/3737 5370/3740 8491/4162 5877/3738
f 1949/3737 5877/3738 8487/3706 5470/3732
f 1949/3737 5470/3732 8489/3724 5373/3727
f 1949/3737 5373/3727 8490/3728 5370/3740
f 1950/3741 5493/3744 8488/3743 5715/3742
f 1950/3741 5715/3742 8492/3746 5022/3745
f 1950/3741 5022/3745 8431/3458 5375/3463
f 1950/3741 5375/3463 8433/3464 5493/3744
f 1951/3747 5616/3749 8486/3717 5788/3748
f 1951/3747 5788/3748 8493/3751 6388/3750
f 1951/3747 6388/3750 8492/3746 5715/3742
f 1951/3747 5715/3742 8488/3743 5616/3749
f 1952/3752 5838/3580 8460/3581 2779/3753
f 1952/3752 2779/3753 8494/3755 5664/3754
f 1952/3752 5664/3754 8482/3665 4080/3677
f 1952/3752 4080/3677 8459/3568 5838/3580
f 1953/3756 5276/3586 8453/3551 3316/3757
f 1953/3756 3316/3757 8495/3759 2370/3758
f 1953/3756 2370/3758 8494/3755 2779/3753
f 1953/3756 2779/3753 8460/3581 5276/3586
f 1954/3760 5147/3761 8491/4162 5370/3740
f 1954/3760 5370/3740 8490/3728 5325/3765
f 1954/3760 5325/3765 8496/3764 2596/3763
f 1954/3760 2596/3763 8497/3762 5147/3761
f 1955/3766 2282/3768 8497/3762 2402/3767
f 1955/3766 2402/3767 8492/3746 6388/3750
f 1955/3766 6388/3750 8493/3751 2282/3768
f 1956/3769 2402/3767 8497/3762 2596/3763
f 1956/3769 2596/3763 8496/3764 2326/3770
f 1956/3769 2326/3770 8492/3746 2402/3767
f 1957/3771 2886/3774 8465/3773 4991/3772
f 1957/3771 4991/3772 8464/3779 2861/3778
f 1957/3771 2861/3778 8498/3777 2290/3776
f 1957/3771 2290/3776 8499/3775 2886/3774
f 1958/3780 2579/3781 8499/3775 2290/3776
f 1958/3780 2290/3776 8498/3777 2578/3782
f 1958/3780 2578/3782 8494/3755 2370/3758
f 1958/3780 2370/3758 8495/3759 2579/3781
f 1959/3783 3485/3786 8500/3785 6244/3784
f 1959/3783 6244/3784 8501/3791 3511/3790
f 1959/3783 3511/3790 8502/3789 3664/3788
f 1959/3783 3664/3788 8503/3787 3485/3786
f 1960/3792 3423/3795 8504/3794 3632/3793
f 1960/3792 3632/3793 8505/3798 6174/3797
f 1960/3792 6174/3797 8506/3796 3423/3795
f 1961/3799 3632/3793 8504/3794 3501/3800
f 1961/3799 3501/3800 8507/3802 6229/3801
f 1961/3799 6229/3801 8505/3798 3632/3793
f 1962/3803 6229/3801 8507/3802 6198/3804
f 1962/3803 6198/3804 8508/3806 6302/3805
f 1962/3803 6302/3805 8505/3798 6229/3801
f 1963/3807 6198/3804 8507/3802 6259/3808
f 1963/3807 6259/3808 8509/3810 6189/3809
f 1963/3807 6189/3809 8508/3806 6198/3804
f 1964/3811 3451/3813 8503/3787 3519/3812
f 1964/3811 3519/3812 8508/3816 6189/3815
f 1964/3811 6189/3815 8509/3814 3451/3813
f 1965/3817 3519/3812 8503/3787 3664/3788
f 1965/3817 3664/3788 8502/3789 3444/3818
f 1965/3817 3444/3818 8508/3816 3519/3812
f 1966/3819 2326/3770 8496/3764 5402/3820
f 1966/3819 5402/3820 8429/3451 5366/3457
f 1966/3819 5366/3457 8431/3458 5022/3745
f 1966/3819 5022/3745 8492/3746 2326/3770
f 1967/3821 3268/3824 8504/3823 3332/3822
f 1967/3821 3332/3822 8501/3791 6244/3784
f 1967/3821 6244/3784 8500/3785 3268/3824
f 1968/3825 3332/3822 8504/3823 3423/3826
f 1968/3825 3423/3826 8506/3828 3746/3827
f 1968/3825 3746/3827 8501/3791 3332/3822
f 1969/3829 5325/3765 8490/3728 4474/3729
f 1969/3829 4474/3729 8426/3449 4188/3450
f 1969/3829 4188/3450 8429/3451 5402/3820
f 1969/3829 5402/3820 8496/3764 5325/3765
f 1970/3830 2861/3778 8464/3779 5286/3831
f 1970/3830 5286/3831 8463/3672 4198/3673
f 1970/3830 4198/3673 8479/3663 5663/3832
f 1970/3830 5663/3832 8498/3777 2861/3778
f 1971/3833 2578/3782 8498/3777 5663/3832
f 1971/3833 5663/3832 8479/3663 2502/3664
f 1971/3833 2502/3664 8482/3665 5664/3754
f 1971/3833 5664/3754 8494/3755 2578/3782
f 1972/3834 3507/3837 8510/3836 2655/3835
f 1972/3834 2655/3835 8511/3839 2843/3838
f 1972/3834 2843/3838 8499/3775 2579/3781
f 1972/3834 2579/3781 8495/3759 3507/3837
f 1973/3840 3556/3843 8512/3842 6120/3841
f 1973/3840 6120/3841 8513/3845 4038/3844
f 1973/3840 4038/3844 8491/4162 5147/3761
f 1973/3840 5147/3761 8497/3762 3556/3843
f 1974/3846 2843/3838 8511/3839 6263/3847
f 1974/3846 6263/3847 8465/3773 2886/3774
f 1974/3846 2886/3774 8499/3775 2843/3838
f 1975/3848 4695/3851 8514/3850 4481/3849
f 1975/3848 4481/3849 8432/3466 5381/3467
f 1975/3848 5381/3467 8430/3460 5389/3461
f 1975/3848 5389/3461 8428/3453 4695/3851
f 1976/3852 3185/3855 8515/3854 6040/3853
f 1976/3852 6040/3853 8516/3857 2762/3856
f 1976/3852 2762/3856 8504/3823 3268/3824
f 1976/3852 3268/3824 8500/3785 3185/3855
f 1977/3858 3707/3861 8517/3860 3340/3859
f 1977/3858 3340/3859 8497/3762 2282/3768
f 1977/3858 2282/3768 8493/3751 3707/3861
f 1978/3862 3340/3859 8517/3860 6395/3863
f 1978/3862 6395/3863 8512/3842 3556/3843
f 1978/3862 3556/3843 8497/3762 3340/3859
f 1979/3864 4663/3867 8518/3866 5628/3865
f 1979/3864 5628/3865 8515/3854 3185/3855
f 1979/3864 3185/3855 8500/3785 3485/3786
f 1979/3864 3485/3786 8503/3787 4663/3867
f 1980/3868 5646/3871 8519/3870 5953/3869
f 1980/3868 5953/3869 8520/3873 5630/3872
f 1980/3868 5630/3872 8516/3857 6040/3853
f 1980/3868 6040/3853 8515/3854 5646/3871
f 1981/3874 5348/3877 8521/3876 4776/3875
f 1981/3874 4776/3875 8503/3787 3451/3813
f 1981/3874 3451/3813 8509/3814 5348/3877
f 1982/3878 4776/3875 8521/3876 6079/3879
f 1982/3878 6079/3879 8518/3866 4663/3867
f 1982/3878 4663/3867 8503/3787 4776/3875
f 1983/3880 5756/3883 8522/3882 4627/3881
f 1983/3880 4627/3881 8504/3794 2762/3885
f 1983/3880 2762/3885 8516/3884 5756/3883
f 1984/3886 4627/3881 8522/3882 4932/3887
f 1984/3886 4932/3887 8507/3802 3501/3800
f 1984/3886 3501/3800 8504/3794 4627/3881
f 1985/3888 6201/3891 8523/3890 6265/3889
f 1985/3888 6265/3889 8519/3870 5646/3871
f 1985/3888 5646/3871 8515/3854 5628/3865
f 1985/3888 5628/3865 8518/3866 6201/3891
f 1986/3892 6389/3895 8524/3894 5977/3893
f 1986/3892 5977/3893 8522/3882 5756/3883
f 1986/3892 5756/3883 8516/3884 5630/3897
f 1986/3892 5630/3897 8520/3896 6389/3895
f 1987/3898 6227/3901 8525/3900 6324/3899
f 1987/3898 6324/3899 8518/3866 6079/3879
f 1987/3898 6079/3879 8521/3876 6227/3901
f 1988/3902 6324/3899 8525/3900 5956/3903
f 1988/3902 5956/3903 8523/3890 6201/3891
f 1988/3902 6201/3891 8518/3866 6324/3899
f 1989/3904 5837/3907 8526/3906 5989/3905
f 1989/3904 5989/3905 8527/3909 4925/3908
f 1989/3904 4925/3908 8513/3845 6120/3841
f 1989/3904 6120/3841 8512/3842 5837/3907
f 1990/3910 5324/3913 8528/3912 5930/3911
f 1990/3910 5930/3911 8526/3906 5837/3907
f 1990/3910 5837/3907 8512/3842 6395/3863
f 1990/3910 6395/3863 8517/3860 5324/3913
f 1991/3914 5967/3917 8529/3916 6323/3915
f 1991/3914 6323/3915 8530/3922 6035/3921
f 1991/3914 6035/3921 8531/3920 6039/3919
f 1991/3914 6039/3919 8532/3918 5967/3917
f 1992/3923 3650/3926 8533/3925 6143/3924
f 1992/3923 6143/3924 8529/3916 5967/3917
f 1992/3923 5967/3917 8532/3918 3712/3928
f 1992/3923 3712/3928 8534/3927 3650/3926
f 1993/3929 2386/3930 8528/3912 5324/3913
f 1993/3929 5324/3913 8517/3860 5816/3931
f 1993/3929 5816/3931 8520/3896 2386/3930
f 1994/3932 6410/3935 8535/3934 6257/3933
f 1994/3932 6257/3933 8536/3940 6387/3939
f 1994/3932 6387/3939 8537/3938 6173/3937
f 1994/3932 6173/3937 8538/3936 6410/3935
f 1995/3941 2684/3944 8539/3943 2461/3942
f 1995/3941 2461/3942 8540/3947 2446/3946
f 1995/3941 2446/3946 8541/3945 2684/3944
f 1996/3948 6035/3921 8530/3922 3727/3949
f 1996/3948 3727/3949 8535/3934 6410/3935
f 1996/3948 6410/3935 8538/3936 3581/3950
f 1996/3948 3581/3950 8531/3920 6035/3921
f 1997/3951 6387/3939 8536/3940 6127/3952
f 1997/3951 6127/3952 8541/3945 2446/3955
f 1997/3951 2446/3955 8540/3954 6052/3953
f 1997/3951 6052/3953 8537/3938 6387/3939
f 1998/3956 2461/3942 8539/3943 3270/3957
f 1998/3956 3270/3957 8528/3912 2386/3930
f 1998/3956 2386/3930 8520/3896 3191/3958
f 1998/3956 3191/3958 8540/3947 2461/3942
f 1999/3959 6263/3847 8511/3839 3798/3960
f 1999/3959 3798/3960 8542/3964 6232/3963
f 1999/3959 6232/3963 8543/3962 4245/3961
f 1999/3959 4245/3961 8465/3773 6263/3847
f 2000/3965 5989/3905 8526/3906 2765/3966
f 2000/3965 2765/3966 8544/3970 6243/3969
f 2000/3965 6243/3969 8545/3968 2758/3967
f 2000/3965 2758/3967 8527/3909 5989/3905
f 2001/3971 6052/3953 8540/3954 3191/3972
f 2001/3971 3191/3972 8520/3873 5953/3869
f 2001/3971 5953/3869 8519/3870 2939/3973
f 2001/3971 2939/3973 8537/3938 6052/3953
f 2002/3974 2879/3975 8519/3870 6265/3889
f 2002/3974 6265/3889 8523/3890 2308/3976
f 2002/3974 2308/3976 8531/3920 3581/3950
f 2002/3974 3581/3950 8538/3936 2879/3975
f 2003/3977 3650/3926 8534/3927 6231/3978
f 2003/3977 6231/3978 8527/3909 2758/3967
f 2003/3977 2758/3967 8545/3968 6450/3979
f 2003/3977 6450/3979 8533/3925 3650/3926
f 2004/3980 2939/3973 8519/3870 2879/3975
f 2004/3980 2879/3975 8538/3936 6173/3937
f 2004/3980 6173/3937 8537/3938 2939/3973
f 2005/3981 3784/3982 8525/3900 6227/3901
f 2005/3981 6227/3901 8521/3876 3041/3983
f 2005/3981 3041/3983 8542/3964 3784/3982
f 2006/3984 6174/3797 8505/3798 4499/3985
f 2006/3984 4499/3985 8546/3987 4450/3986
f 2006/3984 4450/3986 8506/3796 6174/3797
f 2007/3988 6302/3805 8508/3806 4360/3989
f 2007/3988 4360/3989 8546/3987 4499/3985
f 2007/3988 4499/3985 8505/3798 6302/3805
f 2008/3990 4360/3989 8508/3806 3444/3991
f 2008/3990 3444/3991 8502/3993 5333/3992
f 2008/3990 5333/3992 8546/3987 4360/3989
f 2009/3994 5333/3995 8502/3789 3511/3790
f 2009/3994 3511/3790 8501/3791 4851/3997
f 2009/3994 4851/3997 8546/3996 5333/3995
f 2010/3998 4851/3997 8501/3791 3746/3827
f 2010/3998 3746/3827 8506/3828 4450/3999
f 2010/3998 4450/3999 8546/3996 4851/3997
f 2011/4000 6389/3895 8520/3896 5816/3931
f 2011/4000 5816/3931 8517/3860 5553/4001
f 2011/4000 5553/4001 8524/3894 6389/3895
f 2012/4002 4951/4003 8511/3839 2655/3835
f 2012/4002 2655/3835 8510/3836 4866/4004
f 2012/4002 4866/4004 8525/3900 4951/4003
f 2013/4005 5597/4007 8532/3918 6212/4006
f 2013/4005 6212/4006 8525/3900 4866/4004
f 2013/4005 4866/4004 8510/3836 5597/4007
f 2014/4008 6212/4006 8532/3918 2373/4009
f 2014/4008 2373/4009 8523/3890 5956/3903
f 2014/4008 5956/3903 8525/3900 6212/4006
f 2015/4010 6039/3919 8531/3920 2308/3976
f 2015/4010 2308/3976 8523/3890 2373/4009
f 2015/4010 2373/4009 8532/3918 6039/3919
f 2016/4011 4951/4003 8525/3900 3784/3982
f 2016/4011 3784/3982 8542/3964 3798/3960
f 2016/4011 3798/3960 8511/3839 4951/4003
f 2017/4012 5984/4015 8547/4014 6044/4013
f 2017/4012 6044/4013 8543/3962 6232/3963
f 2017/4012 6232/3963 8542/3964 5984/4015
f 2018/4016 3507/3837 8495/3759 3316/3757
f 2018/4016 3316/3757 8453/3551 4660/4019
f 2018/4016 4660/4019 8548/4018 4515/4017
f 2018/4016 4515/4017 8510/3836 3507/3837
f 2019/4020 4695/3851 8428/3453 5467/3454
f 2019/4020 5467/3454 8427/3455 4615/4021
f 2019/4020 4615/4021 8514/3850 4695/3851
f 2020/4022 2663/4023 8480/3669 3828/3674
f 2020/4022 3828/3674 8462/3675 4142/4025
f 2020/4022 4142/4025 8549/4024 2663/4023
f 2021/4026 2458/4027 8481/3667 2518/3668
f 2021/4026 2518/3668 8480/3669 2663/4023
f 2021/4026 2663/4023 8549/4024 2458/4027
f 2022/4028 2406/4029 8532/3918 5597/4007
f 2022/4028 5597/4007 8510/3836 4515/4017
f 2022/4028 4515/4017 8548/4018 2406/4029
f 2023/4030 3117/4033 8550/4032 5418/4031
f 2023/4030 5418/4031 8551/4035 3047/4034
f 2023/4030 3047/4034 8527/3909 3117/4033
f 2024/4036 5553/4001 8517/3860 2385/4037
f 2024/4036 2385/4037 8455/3557 5271/4038
f 2024/4036 5271/4038 8524/3894 5553/4001
f 2025/4039 3763/4040 8524/3894 5271/4038
f 2025/4039 5271/4038 8455/3557 4488/4042
f 2025/4039 4488/4042 8543/4041 3763/4040
f 2026/4043 4615/4021 8427/3455 5770/3472
f 2026/4043 5770/3472 8435/3473 4211/4044
f 2026/4043 4211/4044 8514/3850 4615/4021
f 2027/4045 4481/4046 8514/3850 4211/4044
f 2027/4045 4211/4044 8435/3473 5398/3478
f 2027/4045 5398/3478 8432/3479 4481/4046
f 2028/4047 4311/3689 8485/3690 5306/4048
f 2028/4047 5306/4048 8552/4050 4236/4049
f 2028/4047 4236/4049 8472/3628 4311/3689
f 2029/4051 2296/3683 8483/3684 5196/4052
f 2029/4051 5196/4052 8552/4054 5242/4053
f 2029/4051 5242/4053 8484/3682 2296/3683
f 2030/4055 3195/3700 8473/3633 4422/4056
f 2030/4055 4422/4056 8552/4050 5196/4057
f 2030/4055 5196/4057 8483/3698 3195/3700
f 2031/4058 5306/4048 8485/3690 5272/3692
f 2031/4058 5272/3692 8484/3693 5242/4059
f 2031/4058 5242/4059 8552/4050 5306/4048
f 2032/4060 4306/3678 8481/3667 2458/4027
f 2032/4060 2458/4027 8549/4024 4452/4061
f 2032/4060 4452/4061 8456/3566 4306/3678
f 2033/4062 4236/4049 8552/4050 4422/4056
f 2033/4062 4422/4056 8473/3633 2955/3631
f 2033/4062 2955/3631 8472/3628 4236/4049
f 2034/4063 4142/4064 8462/3592 5617/3593
f 2034/4063 5617/3593 8457/3594 4525/4066
f 2034/4063 4525/4066 8549/4065 4142/4064
f 2035/4067 4452/4061 8549/4024 4525/4068
f 2035/4067 4525/4068 8457/3572 4845/3565
f 2035/4067 4845/3565 8456/3566 4452/4061
f 2036/4069 4242/3517 8439/3484 5740/4070
f 2036/4069 5740/4070 8553/4072 6306/4071
f 2036/4069 6306/4071 8445/3516 4242/3517
f 2037/4073 6108/4074 8441/3507 3482/3508
f 2037/4073 3482/3508 8445/3509 6306/4076
f 2037/4073 6306/4076 8553/4075 6108/4074
f 2038/4077 2998/3496 8441/3497 6108/4078
f 2038/4077 6108/4078 8553/4072 6034/4079
f 2038/4077 6034/4079 8442/3495 2998/3496
f 2039/4080 5818/4081 8438/3486 4368/3500
f 2039/4080 4368/3500 8442/3495 6034/4079
f 2039/4080 6034/4079 8553/4072 5818/4081
f 2040/4082 5740/4070 8439/3484 4696/3485
f 2040/4082 4696/3485 8438/3486 5818/4081
f 2040/4082 5818/4081 8553/4072 5740/4070
f 2041/4083 4245/4085 8543/4041 4435/4084
f 2041/4083 4435/4084 8454/3554 5751/3608
f 2041/4083 5751/3608 8465/3609 4245/4085
f 2042/4086 4435/4084 8543/4041 4488/4042
f 2042/4086 4488/4042 8455/3557 4878/3553
f 2042/4086 4878/3553 8454/3554 4435/4084
f 2043/4087 4180/4088 8517/3860 3707/3861
f 2043/4087 3707/3861 8493/3751 5788/3748
f 2043/4087 5788/3748 8486/3717 4180/4088
f 2044/4089 2385/4037 8517/3860 4180/4088
f 2044/4089 4180/4088 8486/3717 2830/3714
f 2044/4089 2830/3714 8455/3557 2385/4037
f 2045/4090 5102/4091 8532/3918 2406/4029
f 2045/4090 2406/4029 8548/4018 6298/4093
f 2045/4090 6298/4093 8554/4092 5102/4091
f 2046/4094 4686/3543 8451/3544 2494/4163
f 2046/4094 2494/4163 8555/4098 6440/4097
f 2046/4094 6440/4097 8554/4092 2485/4096
f 2046/4094 2485/4096 8452/3547 4686/3543
f 2047/4099 4660/4019 8453/3551 4706/3549
f 2047/4099 4706/3549 8452/3547 2485/4096
f 2047/4099 2485/4096 8554/4092 6298/4093
f 2047/4099 6298/4093 8548/4018 4660/4019
f 2048/4100 3117/4033 8527/3909 6231/3978
f 2048/4100 6231/3978 8534/3927 4861/4102
f 2048/4100 4861/4102 8555/4098 6200/4101
f 2048/4100 6200/4101 8550/4032 3117/4033
f 2049/4103 3876/3719 8487/3706 6242/4104
f 2049/4103 6242/4104 8551/4035 5418/4031
f 2049/4103 5418/4031 8550/4032 3764/4105
f 2049/4103 3764/4105 8466/3612 3876/3719
f 2050/4106 3764/4105 8550/4032 6200/4101
f 2050/4106 6200/4101 8555/4098 3982/4107
f 2050/4106 3982/4107 8466/3612 3764/4105
f 2051/4164 2494/4163 8451/3544 3995/3611
f 2051/4164 3995/3611 8466/3612 3982/4107
f 2051/4164 3982/4107 8555/4098 2494/4163
f 2052/4109 3047/4034 8551/4035 4171/4110
f 2052/4109 4171/4110 8513/3845 4925/3908
f 2052/4109 4925/3908 8527/3909 3047/4034
f 2053/4111 5102/4091 8554/4092 6440/4097
f 2053/4111 6440/4097 8555/4098 4861/4102
f 2053/4111 4861/4102 8534/3927 3712/3928
f 2053/4111 3712/3928 8532/3918 5102/4091
f 2054/4112 4038/3844 8513/3845 4171/4110
f 2054/4112 4171/4110 8551/4035 5948/4113
f 2054/4112 5948/4113 8491/4162 4038/3844
f 2055/4114 5877/3738 8491/4162 5948/4113
f 2055/4114 5948/4113 8551/4035 6242/4104
f 2055/4114 6242/4104 8487/3706 5877/3738
f 2056/4115 6044/4118 8547/4117 3475/4116
f 2056/4115 3475/4116 8524/3894 3763/4040
f 2056/4115 3763/4040 8543/4041 6044/4118
f 2057/4119 3475/4116 8547/4117 3315/4120
f 2057/4119 3315/4120 8522/3882 5977/3893
f 2057/4119 5977/3893 8524/3894 3475/4116
f 2058/4121 3041/3983 8521/3876 3780/4122
f 2058/4121 3780/4122 8547/4014 5984/4015
f 2058/4121 5984/4015 8542/3964 3041/3983
f 2059/4123 3780/4124 8521/3876 5348/3877
f 2059/4123 5348/3877 8509/3814 4370/4126
f 2059/4123 4370/4126 8547/4125 3780/4124
f 2060/4127 4932/3887 8522/3882 3315/4120
f 2060/4127 3315/4120 8547/4117 4724/4128
f 2060/4127 4724/4128 8507/3802 4932/3887
f 2061/4129 6259/3808 8507/3802 4724/4128
f 2061/4129 4724/4128 8547/4117 4370/4130
f 2061/4129 4370/4130 8509/3810 6259/3808
f 2062/4131 3270/3957 8539/3943 5943/4132
f 2062/4131 5943/4132 8544/3970 2765/3966
f 2062/4131 2765/3966 8526/3906 5930/3911
f 2062/4131 5930/3911 8528/3912 3270/3957
f 2063/4133 2684/3944 8541/3945 4780/4134
f 2063/4133 4780/4134 8408/3350 3957/3351
f 2063/4133 3957/3351 8406/3343 3989/4135
f 2063/4133 3989/4135 8539/3943 2684/3944
f 2064/4136 4780/4134 8541/3945 6127/3952
f 2064/4136 6127/3952 8536/3940 3770/4137
f 2064/4136 3770/4137 8425/3399 3522/3402
f 2064/4136 3522/3402 8408/3350 4780/4134
f 2065/4138 3989/4135 8406/3343 4154/3344
f 2065/4138 4154/3344 8405/3345 3895/4139
f 2065/4138 3895/4139 8539/3943 3989/4135
f 2066/4140 4692/3356 8411/3357 4037/4141
f 2066/4140 4037/4141 8544/3970 5943/4132
f 2066/4140 5943/4132 8539/3943 3895/4139
f 2066/4140 3895/4139 8405/3345 4692/3356
f 2067/4142 3553/3374 8417/3375 3700/4165
f 2067/4142 3700/4165 8545/3968 6243/3969
f 2067/4142 6243/3969 8544/3970 3454/4144
f 2067/4142 3454/4144 8415/4157 3553/3374
f 2068/4145 3700/4165 8417/3375 4094/3380
f 2068/4145 4094/3380 8419/3381 2243/4146
f 2068/4145 2243/4146 8533/3925 6450/3979
f 2068/4145 6450/3979 8545/3968 3700/4165
f 2069/4147 4125/3386 8421/3387 6088/4148
f 2069/4147 6088/4148 8529/3916 6143/3924
f 2069/4147 6143/3924 8533/3925 2243/4146
f 2069/4147 2243/4146 8419/3381 4125/3386
f 2070/4149 6088/4148 8421/3387 4454/3392
f 2070/4149 4454/3392 8423/3393 6360/4150
f 2070/4149 6360/4150 8530/3922 6323/3915
f 2070/4149 6323/3915 8529/3916 6088/4148
f 2071/4151 3727/3949 8530/3922 6360/4150
f 2071/4151 6360/4150 8423/3393 3520/4152
f 2071/4151 3520/4152 8535/3934 3727/3949
f 2072/4153 3520/4152 8423/3393 4431/3398
f 2072/4153 4431/3398 8425/3399 3770/4137
f 2072/4153 3770/4137 8536/3940 6257/3933
f 2072/4153 6257/3933 8535/3934 3520/4152
f 2073/4154 3309/4155 8413/3363 3544/3368
f 2073/4154 3544/3368 8415/4157 3454/4144
f 2073/4154 3454/4144 8544/3970 3309/4155
f 2074/4156 4037/4141 8411/3357 4291/3362
f 2074/4156 4291/3362 8413/3363 3309/4155
f 2074/4156 3309/4155 8544/3970 4037/4141
f 2155/1993 6498/1996 7755/1995 6473/1994
f 2155/1993 6473/1994 6527/122 2334/124
f 2155/1993 2334/124 6526/47 4337/46
f 2155/1993 4337/46 6525/45 6498/1996
f 2156/1997 6471/1998 6528/57 2721/56
f 2156/1997 2721/56 6529/55 2666/116
f 2156/1997 2666/116 6527/122 6473/1994
f 2156/1997 6473/1994 7755/1995 6471/1998
f 2157/3287 5439/2885 7594/2421 2724/2447
f 2157/3287 2724/2447 7602/2451 2629/3290
f 2157/3287 2629/3290 7996/3289 6491/3288
f 2157/3287 6491/3288 7724/2886 5439/2885
f 2158/3292 3376/2969 7724/2886 6491/3288
f 2158/3292 6491/3288 7996/3289 6318/3293
f 2158/3292 6318/3293 7726/2892 3283/2891
f 2158/3292 3283/2891 7725/2890 3376/2969
f 2159/4166 6488/4167 7742/3002 2997/3001
f 2159/4166 2997/3001 7743/3000 6485/4168
f 2159/4166 6485/4168 6540/4169 6166/4170
f 2159/4166 6166/4170 6542/4171 6488/4167
f 2160/4172 6493/4173 7744/3007 3338/3006
f 2160/4172 3338/3006 7742/3002 6488/4167
f 2160/4172 6488/4167 6542/4171 2676/4174
f 2160/4172 2676/4174 6545/4175 6493/4173
f 2161/4176 6485/4168 7743/3000 3265/3011
f 2161/4176 3265/3011 7745/3010 6495/4177
f 2161/4176 6495/4177 6538/4178 6405/4179
f 2161/4176 6405/4179 6540/4169 6485/4168
f 2162/4180 6495/4177 7745/3010 4045/3015
f 2162/4180 4045/3015 7746/3014 6499/4181
f 2162/4180 6499/4181 6516/4182 4178/4183
f 2162/4180 4178/4183 6538/4178 6495/4177
f 2163/4184 4093/3019 7747/3018 6494/4185
f 2163/4184 6494/4185 6514/4186 2708/4187
f 2163/4184 2708/4187 6516/4182 6499/4181
f 2163/4184 6499/4181 7746/3014 4093/3019
f 2164/4188 3610/3023 7748/3022 6492/4189
f 2164/4188 6492/4189 6511/4190 2383/4191
f 2164/4188 2383/4191 6514/4186 6494/4185
f 2164/4188 6494/4185 7747/3018 3610/3023
f 2165/4192 3679/3027 7749/3026 6480/4193
f 2165/4192 6480/4193 6517/4194 2595/4195
f 2165/4192 2595/4195 6511/4190 6492/4189
f 2165/4192 6492/4189 7748/3022 3679/3027
f 2166/4196 2835/3031 7750/3030 6479/4197
f 2166/4196 6479/4197 6519/4198 2234/4199
f 2166/4196 2234/4199 6517/4194 6480/4193
f 2166/4196 6480/4193 7749/3026 2835/3031
f 2167/4200 2808/3035 7751/3034 6481/4201
f 2167/4200 6481/4201 6521/4202 2224/4203
f 2167/4200 2224/4203 6519/4198 6479/4197
f 2167/4200 6479/4197 7750/3030 2808/3035
f 2168/4204 2755/3039 7752/3038 6501/4205
f 2168/4204 6501/4205 6523/4206 2718/4207
f 2168/4204 2718/4207 6521/4202 6481/4201
f 2168/4204 6481/4201 7751/3034 2755/3039
f 2169/4208 6501/4205 7752/3038 5914/3043
f 2169/4208 5914/3043 7753/3042 6500/4209
f 2169/4208 6500/4209 6525/4210 2401/4211
f 2169/4208 2401/4211 6523/4206 6501/4205
f 2170/4212 6500/4209 7753/3042 5920/3047
f 2170/4212 5920/3047 7754/3046 6072/4213
f 2170/4212 6072/4213 7755/4214 6498/4215
f 2170/4212 6498/4215 6525/4210 6500/4209
f 2171/4216 6072/4213 7754/3046 6150/3051
f 2171/4216 6150/3051 7756/3050 6476/4217
f 2171/4216 6476/4217 6528/4218 6471/4219
f 2171/4216 6471/4219 7755/4214 6072/4213
f 2172/4220 6476/4217 7756/3050 2576/3055
f 2172/4220 2576/3055 7757/3054 6483/4221
f 2172/4220 6483/4221 6530/4222 2643/4223
f 2172/4220 2643/4223 6528/4218 6476/4217
f 2173/4224 6483/4221 7757/3054 2791/3059
f 2173/4224 2791/3059 7758/3058 6490/4225
f 2173/4224 6490/4225 6532/4226 3116/4227
f 2173/4224 3116/4227 6530/4222 6483/4221
f 2174/4228 6477/4229 7759/3065 2361/3064
f 2174/4228 2361/3064 7760/3063 6468/4230
f 2174/4228 6468/4230 6536/4231 2496/4232
f 2174/4228 2496/4232 6534/4233 6477/4229
f 2175/4234 6490/4225 7758/3058 3109/3067
f 2175/4234 3109/3067 7759/3065 6477/4229
f 2175/4234 6477/4229 6534/4233 3139/4235
f 2175/4234 3139/4235 6532/4226 6490/4225
f 2176/4236 6468/4230 7760/3063 2495/3071
f 2176/4236 2495/3071 7761/3070 6496/4237
f 2176/4236 6496/4237 6546/4238 6269/4239
f 2176/4236 6269/4239 6536/4231 6468/4230
f 2177/4240 6496/4237 7761/3070 4938/3073
f 2177/4240 4938/3073 7744/3007 6493/4173
f 2177/4240 6493/4173 6545/4175 2775/4241
f 2177/4240 2775/4241 6546/4238 6496/4237
f 2178/4166 2523/3001 8012/3002 6470/4167
f 2178/4166 6470/4167 7048/4171 2472/4170
f 2178/4166 2472/4170 7046/4169 6472/4168
f 2178/4166 6472/4168 8013/3000 2523/3001
f 2179/4172 2593/3006 8014/3007 6487/4173
f 2179/4172 6487/4173 7050/4175 2477/4174
f 2179/4172 2477/4174 7048/4171 6470/4167
f 2179/4172 6470/4167 8012/3002 2593/3006
f 2180/4176 2776/3011 8013/3000 6472/4168
f 2180/4176 6472/4168 7046/4169 3120/4179
f 2180/4176 3120/4179 7044/4178 6486/4177
f 2180/4176 6486/4177 8015/3010 2776/3011
f 2181/4180 2388/3015 8015/3010 6486/4177
f 2181/4180 6486/4177 7044/4178 4935/4183
f 2181/4180 4935/4183 7020/4182 6475/4181
f 2181/4180 6475/4181 8016/3014 2388/3015
f 2182/4184 6465/4185 8017/3018 2505/3019
f 2182/4184 2505/3019 8016/3014 6475/4181
f 2182/4184 6475/4181 7020/4182 2590/4187
f 2182/4184 2590/4187 7017/4186 6465/4185
f 2183/4242 6497/4189 8018/3022 2309/3023
f 2183/4242 2309/3023 8017/3018 6465/4185
f 2183/4242 6465/4185 7017/4186 2287/4191
f 2183/4242 2287/4191 7016/4190 6497/4189
f 2184/4192 6504/4193 8019/3026 4132/3027
f 2184/4192 4132/3027 8018/3022 6497/4189
f 2184/4192 6497/4189 7016/4190 3751/4195
f 2184/4192 3751/4195 7022/4194 6504/4193
f 2185/4196 6503/4197 8020/3030 2339/3031
f 2185/4196 2339/3031 8019/3026 6504/4193
f 2185/4196 6504/4193 7022/4194 6459/4199
f 2185/4196 6459/4199 7024/4198 6503/4197
f 2186/4200 6467/4201 8021/3034 2598/3035
f 2186/4200 2598/3035 8020/3030 6503/4197
f 2186/4200 6503/4197 7024/4198 6433/4203
f 2186/4200 6433/4203 7026/4202 6467/4201
f 2187/4204 6489/4205 8022/3038 6423/3039
f 2187/4204 6423/3039 8021/3034 6467/4201
f 2187/4204 6467/4201 7026/4202 6401/4207
f 2187/4204 6401/4207 7028/4206 6489/4205
f 2188/4208 6452/3043 8022/3038 6489/4205
f 2188/4208 6489/4205 7028/4206 6351/4211
f 2188/4208 6351/4211 7030/4210 6466/4209
f 2188/4208 6466/4209 8023/3042 6452/3043
f 2189/4212 2605/3047 8023/3042 6466/4209
f 2189/4212 6466/4209 7030/4210 6342/4215
f 2189/4212 6342/4215 7032/4214 6478/4213
f 2189/4212 6478/4213 8024/3046 2605/3047
f 2190/4216 2301/3051 8024/3046 6478/4213
f 2190/4216 6478/4213 7032/4214 2561/4219
f 2190/4216 2561/4219 7034/4218 6464/4217
f 2190/4216 6464/4217 8025/3050 2301/3051
f 2191/4220 6246/3055 8025/3050 6464/4217
f 2191/4220 6464/4217 7034/4218 2260/4223
f 2191/4220 2260/4223 7036/4222 6502/4221
f 2191/4220 6502/4221 8026/3054 6246/3055
f 2192/4224 2283/3059 8026/3054 6502/4221
f 2192/4224 6502/4221 7036/4222 6216/4227
f 2192/4224 6216/4227 7038/4226 6474/4225
f 2192/4224 6474/4225 8027/3058 2283/3059
f 2193/4228 2252/3064 8028/3065 6469/4229
f 2193/4228 6469/4229 7040/4233 2623/4232
f 2193/4228 2623/4232 7042/4231 6484/4230
f 2193/4228 6484/4230 8029/3063 2252/3064
f 2194/4234 2607/3067 8027/3058 6474/4225
f 2194/4234 6474/4225 7038/4226 2365/4235
f 2194/4234 2365/4235 7040/4233 6469/4229
f 2194/4234 6469/4229 8028/3065 2607/3067
f 2195/4236 3029/3071 8029/3063 6484/4230
f 2195/4236 6484/4230 7042/4231 2541/4239
f 2195/4236 2541/4239 7052/4238 6482/4237
f 2195/4236 6482/4237 8030/3070 3029/3071
f 2196/4240 4410/3073 8030/3070 6482/4237
f 2196/4240 6482/4237 7052/4238 4290/4241
f 2196/4240 4290/4241 7050/4175 6487/4173
f 2196/4240 6487/4173 8014/3007 4410/3073
f 2197/1121 3472/869 7232/870 6506/1122
f 2197/1121 6506/1122 8620/1126 6507/1267
f 2197/1121 6507/1267 7291/1124 3928/1123
f 2197/1121 3928/1123 7231/868 3472/869
f 2198/1127 2976/875 7233/876 6509/1128
f 2198/1127 6509/1128 8621/1130 6505/1129
f 2198/1127 6505/1129 8620/1126 6506/1122
f 2198/1127 6506/1122 7232/870 2976/875
f 2199/801 5863/802 6718/798 3226/799
f 2199/801 3226/799 7218/800 5351/806
f 2199/801 5351/806 7219/805 6510/804
f 2199/801 6510/804 6720/803 5863/802
f 2200/907 6510/804 7219/805 4441/908
f 2200/907 4441/908 7238/906 4520/902
f 2200/907 4520/902 6752/903 3688/909
f 2200/907 3688/909 6720/803 6510/804
f 1501/4243 5384/4244 8080/4245 5514/4246
f 1501/4243 5514/4246 8081/4247 5524/4248
f 1501/4243 5524/4248 8082/4249 5744/4250
f 1501/4243 5744/4250 8083/4251 5384/4244
f 1502/4252 5512/4253 8084/4254 5405/4255
f 1502/4252 5405/4255 8081/4247 5860/4256
f 1502/4252 5860/4256 8085/4257 5203/4258
f 1502/4252 5203/4258 8086/4259 5512/4253
f 1503/4260 5529/4261 8087/4262 5202/4263
f 1503/4260 5202/4263 8088/4264 5516/4265
f 1503/4260 5516/4265 8083/4266 5744/4267
f 1503/4260 5744/4267 8082/4268 5529/4261
f 1504/4269 2709/4270 8080/4245 2869/4271
f 1504/4269 2869/4271 8089/4272 3538/4273
f 1504/4269 3538/4273 8090/4274 3530/4275
f 1504/4269 3530/4275 8091/4276 2709/4270
f 1505/4277 4229/4278 8092/4279 4054/4280
f 1505/4277 4054/4280 8093/4281 4251/4282
f 1505/4277 4251/4282 8094/4283 4121/4284
f 1505/4277 4121/4284 8095/4285 4229/4278
f 1506/4286 3765/4287 8096/4288 3616/4289
f 1506/4286 3616/4289 8097/4290 3773/4291
f 1506/4286 3773/4291 8098/4292 4975/4293
f 1506/4286 4975/4293 8099/4294 3765/4287
f 1507/4295 4246/4296 8099/4297 4975/4298
f 1507/4295 4975/4298 8098/4299 4249/4300
f 1507/4295 4249/4300 8090/4274 3538/4273
f 1507/4295 3538/4273 8089/4272 4246/4296
f 1508/4301 3277/4302 8096/4288 3702/4303
f 1508/4301 3702/4303 8100/4304 5247/4305
f 1508/4301 5247/4305 8101/4306 5260/4307
f 1508/4301 5260/4307 8102/4308 3277/4302
f 1509/4309 5771/4310 8103/4311 4871/4312
f 1509/4309 4871/4312 8104/4313 4852/4314
f 1509/4309 4852/4314 8105/4315 5881/4316
f 1509/4309 5881/4316 8106/4317 5771/4310
f 1510/4318 6370/4319 8107/4320 5981/4321
f 1510/4318 5981/4321 8108/4322 6348/4323
f 1510/4318 6348/4323 8109/4324 5955/4325
f 1510/4318 5955/4325 8110/4326 6370/4319
f 1511/4327 4852/4314 8104/4313 5515/4328
f 1511/4327 5515/4328 8111/4329 5954/4330
f 1511/4327 5954/4330 8112/4331 6245/4332
f 1511/4327 6245/4332 8105/4315 4852/4314
f 1512/4333 4885/4334 8113/4335 5013/4336
f 1512/4333 5013/4336 8114/4337 4974/4338
f 1512/4333 4974/4338 8115/4339 5222/4340
f 1512/4333 5222/4340 8116/4341 4885/4334
f 1513/4342 2967/4343 8117/4344 5072/4345
f 1513/4342 5072/4345 8118/4346 4671/4347
f 1513/4342 4671/4347 8119/4348 2901/4349
f 1513/4342 2901/4349 8091/4276 2967/4343
f 1514/4350 4838/4351 8120/4352 3328/4353
f 1514/4350 3328/4353 8084/4254 5512/4253
f 1514/4350 5512/4253 8086/4259 2913/4354
f 1514/4350 2913/4354 8116/4341 4838/4351
f 1515/4355 5067/4356 8121/4357 4641/4358
f 1515/4355 4641/4358 8120/4352 4838/4351
f 1515/4355 4838/4351 8116/4341 5222/4340
f 1515/4355 5222/4340 8115/4339 5067/4356
f 1516/4359 2563/4360 8103/4311 5958/4361
f 1516/4359 5958/4361 8121/4357 5067/4356
f 1516/4359 5067/4356 8115/4339 3569/4362
f 1516/4359 3569/4362 8122/4363 2563/4360
f 1517/4364 4026/4365 8122/4363 3569/4362
f 1517/4364 3569/4362 8115/4339 4974/4338
f 1517/4364 4974/4338 8114/4337 3441/4366
f 1517/4364 3441/4366 8123/4367 4026/4365
f 1518/4368 4013/4369 8124/4370 3247/4371
f 1518/4368 3247/4371 8113/4335 4885/4334
f 1518/4368 4885/4334 8116/4341 5044/4372
f 1518/4368 5044/4372 8119/4348 4013/4369
f 1519/4373 4053/4374 8125/4375 4632/4376
f 1519/4373 4632/4376 8126/4377 4788/4378
f 1519/4373 4788/4378 8127/4379 3953/4380
f 1519/4373 3953/4380 8124/4370 4053/4374
f 1520/4381 4013/4369 8119/4348 4671/4347
f 1520/4381 4671/4347 8118/4346 4002/4382
f 1520/4381 4002/4382 8125/4375 4053/4374
f 1520/4381 4053/4374 8124/4370 4013/4369
f 1521/4383 5193/4384 8128/4385 4529/4386
f 1521/4383 4529/4386 8129/4387 5201/4388
f 1521/4383 5201/4388 8130/4389 5226/4390
f 1521/4383 5226/4390 8131/4391 5193/4384
f 1522/4392 5226/4390 8130/4389 5169/4393
f 1522/4392 5169/4393 8132/4394 4468/4395
f 1522/4392 4468/4395 8133/4396 4514/4397
f 1522/4392 4514/4397 8131/4391 5226/4390
f 1523/4398 5044/4372 8116/4341 2913/4354
f 1523/4398 2913/4354 8086/4259 3033/4399
f 1523/4398 3033/4399 8119/4348 5044/4372
f 1524/4400 2901/4349 8119/4348 3033/4399
f 1524/4400 3033/4399 8086/4259 5203/4258
f 1524/4400 5203/4258 8085/4257 3373/4401
f 1524/4400 3373/4401 8091/4276 2901/4349
f 1525/4402 4490/4403 8134/4404 4362/4405
f 1525/4402 4362/4405 8135/4406 4350/4407
f 1525/4402 4350/4407 8136/4408 4342/4409
f 1525/4402 4342/4409 8137/4410 4490/4403
f 1526/4411 4314/4412 8138/4413 3750/4414
f 1526/4411 3750/4414 8118/4415 5072/4416
f 1526/4411 5072/4416 8117/4417 2646/4418
f 1526/4411 2646/4418 8139/4419 4314/4412
f 1527/4420 6300/4421 8134/4404 6233/4422
f 1527/4420 6233/4422 8140/4423 5685/4424
f 1527/4420 5685/4424 8128/4385 5758/4425
f 1527/4420 5758/4425 8141/4426 6300/4421
f 1528/4427 4330/4428 8142/4429 4338/4430
f 1528/4427 4338/4430 8140/4423 4821/4431
f 1528/4427 4821/4431 8143/4432 4512/4433
f 1528/4427 4512/4433 8144/4434 4330/4428
f 1529/4435 5954/4330 8111/4329 4025/4436
f 1529/4435 4025/4436 8142/4429 4330/4428
f 1529/4435 4330/4428 8144/4434 2428/4437
f 1529/4435 2428/4437 8112/4331 5954/4330
f 1530/4438 4350/4407 8135/4406 2834/4439
f 1530/4438 2834/4439 8102/4308 5260/4307
f 1530/4438 5260/4307 8101/4306 3123/4440
f 1530/4438 3123/4440 8136/4408 4350/4407
f 1531/4441 2420/4442 8108/4322 3958/4443
f 1531/4441 3958/4443 8145/4444 6334/4445
f 1531/4441 6334/4445 8132/4394 5169/4393
f 1531/4441 5169/4393 8130/4389 2420/4442
f 1532/4446 4002/4447 8118/4415 3750/4414
f 1532/4446 3750/4414 8138/4413 4769/4448
f 1532/4446 4769/4448 8146/4449 5769/4450
f 1532/4446 5769/4450 8125/4451 4002/4447
f 1533/4452 5769/4450 8146/4449 4446/4453
f 1533/4452 4446/4453 8147/4454 6055/4455
f 1533/4452 6055/4455 8126/4456 4632/4457
f 1533/4452 4632/4457 8125/4451 5769/4450
f 1534/4458 4769/4448 8138/4413 5048/4459
f 1534/4458 5048/4459 8128/4385 5193/4384
f 1534/4458 5193/4384 8131/4391 6390/4460
f 1534/4458 6390/4460 8146/4449 4769/4448
f 1535/4461 5201/4388 8129/4387 2884/4462
f 1535/4461 2884/4462 8109/4324 6348/4323
f 1535/4461 6348/4323 8108/4322 2420/4442
f 1535/4461 2420/4442 8130/4389 5201/4388
f 1536/4463 4446/4453 8146/4449 6390/4460
f 1536/4463 6390/4460 8131/4391 4514/4397
f 1536/4463 4514/4397 8133/4396 5494/4464
f 1536/4463 5494/4464 8147/4454 4446/4453
f 1537/4465 2614/4466 8148/4467 4797/4468
f 1537/4465 4797/4468 8149/4469 3341/4470
f 1537/4465 3341/4470 8107/4320 2859/4471
f 1537/4465 2859/4471 8123/4367 2614/4466
f 1538/4472 4443/4473 8141/4426 5758/4425
f 1538/4472 5758/4425 8128/4385 5048/4459
f 1538/4472 5048/4459 8138/4413 4443/4473
f 1539/4474 4443/4473 8138/4413 4314/4412
f 1539/4474 4314/4412 8139/4419 4939/4475
f 1539/4474 4939/4475 8150/4476 5288/4477
f 1539/4474 5288/4477 8141/4426 4443/4473
f 1540/4478 3341/4470 8149/4469 4547/4479
f 1540/4478 4547/4479 8145/4444 3958/4443
f 1540/4478 3958/4443 8108/4322 5981/4321
f 1540/4478 5981/4321 8107/4320 3341/4470
f 1541/4480 3111/4481 8151/4482 3637/4483
f 1541/4480 3637/4483 8152/4484 3164/4485
f 1541/4480 3164/4485 8114/4337 5013/4336
f 1541/4480 5013/4336 8113/4335 3111/4481
f 1542/4486 3953/4380 8127/4379 6313/4487
f 1542/4486 6313/4487 8151/4482 3111/4481
f 1542/4486 3111/4481 8113/4335 3247/4371
f 1542/4486 3247/4371 8124/4370 3953/4380
f 1543/4488 4251/4282 8093/4281 3721/4489
f 1543/4488 3721/4489 8087/4262 5529/4261
f 1543/4488 5529/4261 8082/4268 2826/4490
f 1543/4488 2826/4490 8094/4283 4251/4282
f 1544/4491 4026/4365 8123/4367 2859/4471
f 1544/4491 2859/4471 8107/4320 6370/4319
f 1544/4491 6370/4319 8110/4326 3148/4492
f 1544/4491 3148/4492 8122/4363 4026/4365
f 1545/4493 4468/4395 8132/4394 5868/4494
f 1545/4493 5868/4494 8153/4495 3541/4496
f 1545/4493 3541/4496 8154/4497 5705/4498
f 1545/4493 5705/4498 8133/4396 4468/4395
f 1546/4499 4323/4500 8152/4484 3886/4501
f 1546/4499 3886/4501 8155/4502 4074/4503
f 1546/4499 4074/4503 8156/4504 4028/4505
f 1546/4499 4028/4505 8148/4467 4323/4500
f 1547/4506 4547/4479 8149/4469 4015/4507
f 1547/4506 4015/4507 8157/4508 4513/4509
f 1547/4506 4513/4509 8158/4510 3916/4511
f 1547/4506 3916/4511 8145/4444 4547/4479
f 1548/4512 4797/4468 8148/4467 4028/4505
f 1548/4512 4028/4505 8156/4504 4057/4513
f 1548/4512 4057/4513 8157/4508 4015/4507
f 1548/4512 4015/4507 8149/4469 4797/4468
f 1549/4514 6055/4455 8147/4454 4294/4515
f 1549/4514 4294/4515 8159/4516 4775/4517
f 1549/4514 4775/4517 8160/4518 2637/4519
f 1549/4514 2637/4519 8126/4456 6055/4455
f 1550/4520 4788/4378 8126/4377 2637/4521
f 1550/4520 2637/4521 8160/4522 4657/4523
f 1550/4520 4657/4523 8161/4524 2487/4525
f 1550/4520 2487/4525 8127/4379 4788/4378
f 1551/4526 6334/4445 8145/4444 3916/4511
f 1551/4526 3916/4511 8158/4510 3811/4527
f 1551/4526 3811/4527 8153/4495 5868/4494
f 1551/4526 5868/4494 8132/4394 6334/4445
f 1552/4528 5494/4464 8133/4396 5705/4498
f 1552/4528 5705/4498 8154/4497 3807/4529
f 1552/4528 3807/4529 8159/4516 4294/4515
f 1552/4528 4294/4515 8147/4454 5494/4464
f 1553/4530 3637/4483 8151/4482 4279/4531
f 1553/4530 4279/4531 8162/4532 3948/4533
f 1553/4530 3948/4533 8155/4502 3886/4501
f 1553/4530 3886/4501 8152/4484 3637/4483
f 1554/4534 6313/4487 8127/4379 2487/4525
f 1554/4534 2487/4525 8161/4524 4544/4535
f 1554/4534 4544/4535 8162/4532 4279/4531
f 1554/4534 4279/4531 8151/4482 6313/4487
f 1555/4536 3441/4366 8114/4337 3164/4485
f 1555/4536 3164/4485 8152/4484 4323/4500
f 1555/4536 4323/4500 8148/4467 2614/4466
f 1555/4536 2614/4466 8123/4367 3441/4366
f 1556/4537 4249/4300 8098/4299 6095/4538
f 1556/4537 6095/4538 8117/4344 2967/4343
f 1556/4537 2967/4343 8091/4276 3530/4275
f 1556/4537 3530/4275 8090/4274 4249/4300
f 1557/4539 3773/4291 8097/4290 5214/4540
f 1557/4539 5214/4540 8139/4419 2646/4418
f 1557/4539 2646/4418 8117/4417 6095/4541
f 1557/4539 6095/4541 8098/4292 3773/4291
f 1558/4542 2709/4270 8091/4276 3373/4401
f 1558/4542 3373/4401 8085/4257 5860/4256
f 1558/4542 5860/4256 8081/4247 5514/4246
f 1558/4542 5514/4246 8080/4245 2709/4270
f 1559/4543 2865/4544 8094/4545 2826/4546
f 1559/4543 2826/4546 8082/4249 5524/4248
f 1559/4543 5524/4248 8081/4247 5405/4255
f 1559/4543 5405/4255 8084/4254 2865/4544
f 1560/4547 5384/4244 8083/4251 2504/4548
f 1560/4547 2504/4548 8163/4549 4089/4550
f 1560/4547 4089/4550 8089/4272 2869/4271
f 1560/4547 2869/4271 8080/4245 5384/4244
f 1561/4551 5064/4552 8100/4304 3702/4303
f 1561/4551 3702/4303 8096/4288 3765/4287
f 1561/4551 3765/4287 8099/4294 4843/4553
f 1561/4551 4843/4553 8164/4554 5064/4552
f 1562/4555 4185/4556 8164/4557 4843/4558
f 1562/4555 4843/4558 8099/4297 4246/4296
f 1562/4555 4246/4296 8089/4272 4089/4550
f 1562/4555 4089/4550 8163/4549 4185/4556
f 1563/4559 5214/4540 8097/4290 3616/4289
f 1563/4559 3616/4289 8096/4288 3277/4302
f 1563/4559 3277/4302 8102/4308 3638/4560
f 1563/4559 3638/4560 8139/4419 5214/4540
f 1564/4561 2563/4360 8122/4363 3148/4492
f 1564/4561 3148/4492 8110/4326 5582/4562
f 1564/4561 5582/4562 8104/4313 4871/4312
f 1564/4561 4871/4312 8103/4311 2563/4360
f 1565/4563 5582/4562 8110/4326 5955/4325
f 1565/4563 5955/4325 8109/4324 5873/4564
f 1565/4563 5873/4564 8111/4329 5515/4328
f 1565/4563 5515/4328 8104/4313 5582/4562
f 1566/4565 2265/4566 8095/4567 4121/4568
f 1566/4565 4121/4568 8094/4545 2865/4544
f 1566/4565 2865/4544 8084/4254 3328/4353
f 1566/4565 3328/4353 8120/4352 2265/4566
f 1567/4569 5736/4570 8165/4571 3672/4572
f 1567/4569 3672/4572 8095/4567 2265/4566
f 1567/4569 2265/4566 8120/4352 4641/4358
f 1567/4569 4641/4358 8121/4357 5736/4570
f 1568/4573 5771/4310 8106/4317 4551/4574
f 1568/4573 4551/4574 8165/4571 5736/4570
f 1568/4573 5736/4570 8121/4357 5958/4361
f 1568/4573 5958/4361 8103/4311 5771/4310
f 1569/4575 6300/4421 8141/4426 5288/4477
f 1569/4575 5288/4477 8150/4476 5774/4576
f 1569/4575 5774/4576 8135/4406 4362/4405
f 1569/4575 4362/4405 8134/4404 6300/4421
f 1570/4577 4490/4403 8137/4410 6065/4578
f 1570/4577 6065/4578 8143/4432 4821/4431
f 1570/4577 4821/4431 8140/4423 6233/4422
f 1570/4577 6233/4422 8134/4404 4490/4403
f 1571/4579 5738/4580 8129/4387 4529/4386
f 1571/4579 4529/4386 8128/4385 5685/4424
f 1571/4579 5685/4424 8140/4423 4338/4430
f 1571/4579 4338/4430 8142/4429 5738/4580
f 1572/4581 5873/4564 8109/4324 2884/4462
f 1572/4581 2884/4462 8129/4387 5738/4580
f 1572/4581 5738/4580 8142/4429 4025/4436
f 1572/4581 4025/4436 8111/4329 5873/4564
f 1573/4582 5774/4576 8150/4476 4939/4475
f 1573/4582 4939/4475 8139/4419 3638/4560
f 1573/4582 3638/4560 8102/4308 2834/4439
f 1573/4582 2834/4439 8135/4406 5774/4576
f 1574/4583 6325/4584 8136/4585 3123/4586
f 1574/4583 3123/4586 8101/4587 4300/4588
f 1574/4583 4300/4588 8088/4264 5202/4263
f 1574/4583 5202/4263 8087/4262 6325/4584
f 1575/4589 5109/4590 8143/4591 6065/4592
f 1575/4589 6065/4592 8137/4593 5649/4594
f 1575/4589 5649/4594 8093/4281 4054/4280
f 1575/4589 4054/4280 8092/4279 5109/4590
f 1576/4595 5649/4594 8137/4593 4342/4596
f 1576/4595 4342/4596 8136/4585 6325/4584
f 1576/4595 6325/4584 8087/4262 3721/4489
f 1576/4595 3721/4489 8093/4281 5649/4594
f 1577/4597 3947/4598 8088/4264 4300/4588
f 1577/4597 4300/4588 8101/4587 5247/4599
f 1577/4597 5247/4599 8100/4600 5064/4601
f 1577/4597 5064/4601 8164/4602 3947/4598
f 1578/4603 2504/4604 8083/4266 5516/4265
f 1578/4603 5516/4265 8088/4264 3947/4598
f 1578/4603 3947/4598 8164/4602 4185/4605
f 1578/4603 4185/4605 8163/4606 2504/4604
f 1783/4607 2362/4608 7011/4609 2544/4610
f 1783/4607 2544/4610 8160/4518 4775/4517
f 1783/4607 4775/4517 8159/4516 2562/4611
f 1783/4607 2562/4611 7012/4612 2362/4608
f 1784/4613 3807/4529 8154/4497 5844/4614
f 1784/4613 5844/4614 7014/4615 2866/4616
f 1784/4613 2866/4616 7012/4612 2562/4611
f 1784/4613 2562/4611 8159/4516 3807/4529
f 1785/4617 3541/4496 8153/4495 5839/4618
f 1785/4617 5839/4618 7015/4619 3125/4620
f 1785/4617 3125/4620 7014/4615 5844/4614
f 1785/4617 5844/4614 8154/4497 3541/4496
f 1786/4621 2443/4622 7013/4623 2904/4624
f 1786/4621 2904/4624 7015/4619 5839/4618
f 1786/4621 5839/4618 8153/4495 3811/4527
f 1786/4621 3811/4527 8158/4510 2443/4622
f 1787/4625 2443/4622 8158/4510 4513/4509
f 1787/4625 4513/4509 8157/4508 6076/4626
f 1787/4625 6076/4626 7008/4627 5912/4628
f 1787/4625 5912/4628 7013/4623 2443/4622
f 1788/4629 6396/4630 7009/4631 6157/4632
f 1788/4629 6157/4632 7008/4627 6076/4626
f 1788/4629 6076/4626 8157/4508 4057/4513
f 1788/4629 4057/4513 8156/4504 6396/4630
f 1789/4633 2514/4634 8161/4524 4657/4523
f 1789/4633 4657/4523 8160/4522 2544/4635
f 1789/4633 2544/4635 7011/4636 2321/4637
f 1789/4633 2321/4637 7010/4638 2514/4634
f 1790/4639 2437/4640 8162/4532 4544/4535
f 1790/4639 4544/4535 8161/4524 2514/4634
f 1790/4639 2514/4634 7010/4638 2437/4640
f 1791/4641 2325/4642 7009/4631 6396/4630
f 1791/4641 6396/4630 8156/4504 4074/4503
f 1791/4641 4074/4503 8155/4502 6381/4643
f 1791/4641 6381/4643 7010/4638 2325/4642
f 1792/4644 6381/4643 8155/4502 3948/4533
f 1792/4644 3948/4533 8162/4532 2437/4640
f 1792/4644 2437/4640 7010/4638 6381/4643
f 1793/4243 2426/4246 8318/4245 5075/4244
f 1793/4243 5075/4244 8319/4251 2412/4250
f 1793/4243 2412/4250 8320/4249 2587/4248
f 1793/4243 2587/4248 8321/4247 2426/4246
f 1794/4252 2452/4255 8322/4254 2782/4253
f 1794/4252 2782/4253 8323/4259 3059/4258
f 1794/4252 3059/4258 8324/4257 2327/4256
f 1794/4252 2327/4256 8321/4247 2452/4255
f 1795/4645 2825/4263 8325/4262 2310/4261
f 1795/4645 2310/4261 8320/4268 2412/4267
f 1795/4645 2412/4267 8319/4266 2300/4265
f 1795/4645 2300/4265 8326/4264 2825/4263
f 1796/4269 6117/4271 8318/4245 2249/4270
f 1796/4269 2249/4270 8327/4276 2677/4275
f 1796/4269 2677/4275 8328/4274 2658/4273
f 1796/4269 2658/4273 8329/4272 6117/4271
f 1797/4277 3051/4280 8330/4279 2628/4278
f 1797/4277 2628/4278 8331/4285 3168/4284
f 1797/4277 3168/4284 8332/4283 2736/4282
f 1797/4277 2736/4282 8333/4281 3051/4280
f 1798/4286 2572/4289 8334/4288 2722/4287
f 1798/4286 2722/4287 8335/4294 4710/4293
f 1798/4286 4710/4293 8336/4292 4947/4291
f 1798/4286 4947/4291 8337/4290 2572/4289
f 1799/4295 4710/4298 8335/4297 3118/4296
f 1799/4295 3118/4296 8329/4272 2658/4273
f 1799/4295 2658/4273 8328/4274 3166/4300
f 1799/4295 3166/4300 8336/4299 4710/4298
f 1800/4301 2353/4303 8334/4288 2501/4302
f 1800/4301 2501/4302 8338/4308 5173/4307
f 1800/4301 5173/4307 8339/4306 5179/4305
f 1800/4301 5179/4305 8340/4304 2353/4303
f 1801/4646 5747/4312 8341/4311 5658/4310
f 1801/4646 5658/4310 8342/4317 5793/4316
f 1801/4646 5793/4316 8343/4315 5657/4314
f 1801/4646 5657/4314 8344/4313 5747/4312
f 1802/4318 5187/4321 8345/4320 5055/4319
f 1802/4318 5055/4319 8346/4326 5046/4325
f 1802/4318 5046/4325 8347/4324 5087/4323
f 1802/4318 5087/4323 8348/4322 5187/4321
f 1803/4327 5200/4328 8344/4313 5657/4314
f 1803/4327 5657/4314 8343/4315 5213/4332
f 1803/4327 5213/4332 8349/4331 4709/4330
f 1803/4327 4709/4330 8350/4329 5200/4328
f 1804/4333 2996/4336 8351/4335 4455/4334
f 1804/4333 4455/4334 8352/4341 3011/4340
f 1804/4333 3011/4340 8353/4339 3167/4338
f 1804/4333 3167/4338 8354/4337 2996/4336
f 1805/4342 3546/4345 8355/4344 5106/4343
f 1805/4342 5106/4343 8327/4276 5043/4349
f 1805/4342 5043/4349 8356/4348 3627/4347
f 1805/4342 3627/4347 8357/4346 3546/4345
f 1806/4350 5042/4353 8358/4352 2667/4351
f 1806/4350 2667/4351 8352/4341 2425/4354
f 1806/4350 2425/4354 8323/4259 2782/4253
f 1806/4350 2782/4253 8322/4254 5042/4353
f 1807/4647 3239/4358 8359/4357 2851/4356
f 1807/4647 2851/4356 8353/4339 3011/4340
f 1807/4647 3011/4340 8352/4341 2667/4351
f 1807/4647 2667/4351 8358/4352 3239/4358
f 1808/4359 2447/4361 8341/4311 2519/4360
f 1808/4359 2519/4360 8360/4363 2622/4362
f 1808/4359 2622/4362 8353/4339 2851/4356
f 1808/4359 2851/4356 8359/4357 2447/4361
f 1809/4364 2622/4362 8360/4363 3215/4365
f 1809/4364 3215/4365 8361/4367 3716/4366
f 1809/4364 3716/4366 8354/4337 3167/4338
f 1809/4364 3167/4338 8353/4339 2622/4362
f 1810/4368 3490/4371 8362/4370 2802/4369
f 1810/4368 2802/4369 8356/4348 3088/4372
f 1810/4368 3088/4372 8352/4341 4455/4334
f 1810/4368 4455/4334 8351/4335 3490/4371
f 1811/4373 4364/4376 8363/4375 4326/4374
f 1811/4373 4326/4374 8362/4370 4518/4380
f 1811/4373 4518/4380 8364/4379 4812/4378
f 1811/4373 4812/4378 8365/4377 4364/4376
f 1812/4381 3627/4347 8356/4348 2802/4369
f 1812/4381 2802/4369 8362/4370 4326/4374
f 1812/4381 4326/4374 8363/4375 2768/4382
f 1812/4381 2768/4382 8357/4346 3627/4347
f 1813/4383 4403/4648 8366/4385 4534/4384
f 1813/4383 4534/4384 8367/4391 4394/4390
f 1813/4383 4394/4390 8368/4389 4218/4388
f 1813/4383 4218/4388 8369/4387 4403/4648
f 1814/4392 5399/4393 8368/4389 4394/4390
f 1814/4392 4394/4390 8367/4391 5327/4397
f 1814/4392 5327/4397 8370/4396 5500/4395
f 1814/4392 5500/4395 8371/4394 5399/4393
f 1815/4398 2425/4354 8352/4341 3088/4372
f 1815/4398 3088/4372 8356/4348 4847/4399
f 1815/4398 4847/4399 8323/4259 2425/4354
f 1816/4400 4847/4399 8356/4348 5043/4349
f 1816/4400 5043/4349 8327/4276 3000/4401
f 1816/4400 3000/4401 8324/4257 3059/4258
f 1816/4400 3059/4258 8323/4259 4847/4399
f 1817/4402 5585/4405 8372/4404 5711/4403
f 1817/4402 5711/4403 8373/4410 5608/4409
f 1817/4402 5608/4409 8374/4408 4176/4407
f 1817/4402 4176/4407 8375/4406 5585/4405
f 1818/4411 2449/4414 8376/4413 4149/4412
f 1818/4411 4149/4412 8377/4419 2480/4418
f 1818/4411 2480/4418 8355/4417 3546/4416
f 1818/4411 3546/4416 8357/4415 2449/4414
f 1819/4420 5319/4422 8372/4404 5258/4421
f 1819/4420 5258/4421 8378/4426 5781/4425
f 1819/4420 5781/4425 8366/4385 5858/4424
f 1819/4420 5858/4424 8379/4423 5319/4422
f 1820/4427 4617/4430 8380/4429 4611/4428
f 1820/4427 4611/4428 8381/4434 4120/4433
f 1820/4427 4120/4433 8382/4432 4498/4431
f 1820/4427 4498/4431 8379/4423 4617/4430
f 1821/4435 6420/4436 8350/4329 4709/4330
f 1821/4435 4709/4330 8349/4331 6434/4437
f 1821/4435 6434/4437 8381/4434 4611/4428
f 1821/4435 4611/4428 8380/4429 6420/4436
f 1822/4438 2751/4439 8375/4406 4176/4407
f 1822/4438 4176/4407 8374/4408 2711/4440
f 1822/4438 2711/4440 8339/4306 5173/4307
f 1822/4438 5173/4307 8338/4308 2751/4439
f 1823/4441 2465/4443 8348/4322 3608/4442
f 1823/4441 3608/4442 8368/4389 5399/4393
f 1823/4441 5399/4393 8371/4394 4973/4445
f 1823/4441 4973/4445 8383/4444 2465/4443
f 1824/4446 2449/4414 8357/4415 2768/4447
f 1824/4446 2768/4447 8363/4451 5682/4450
f 1824/4446 5682/4450 8384/4449 4616/4448
f 1824/4446 4616/4448 8376/4413 2449/4414
f 1825/4649 4001/4650 8384/4449 5682/4450
f 1825/4649 5682/4450 8363/4451 4364/4457
f 1825/4649 4364/4457 8365/4456 5528/4455
f 1825/4649 5528/4455 8385/4454 4001/4650
f 1826/4458 4890/4651 8376/4413 4616/4448
f 1826/4458 4616/4448 8384/4449 5468/4460
f 1826/4458 5468/4460 8367/4391 4534/4384
f 1826/4458 4534/4384 8366/4385 4890/4651
f 1827/4461 5832/4462 8369/4387 4218/4388
f 1827/4461 4218/4388 8368/4389 3608/4442
f 1827/4461 3608/4442 8348/4322 5087/4323
f 1827/4461 5087/4323 8347/4324 5832/4462
f 1828/4463 5468/4460 8384/4449 4001/4650
f 1828/4463 4001/4650 8385/4454 5134/4464
f 1828/4463 5134/4464 8370/4396 5327/4397
f 1828/4463 5327/4397 8367/4391 5468/4460
f 1829/4465 3671/4468 8386/4467 5925/4466
f 1829/4465 5925/4466 8361/4367 2251/4471
f 1829/4465 2251/4471 8345/4320 4523/4470
f 1829/4465 4523/4470 8387/4469 3671/4468
f 1830/4472 5781/4425 8378/4426 4477/4473
f 1830/4472 4477/4473 8376/4413 4890/4651
f 1830/4472 4890/4651 8366/4385 5781/4425
f 1831/4474 4149/4412 8376/4413 4477/4473
f 1831/4474 4477/4473 8378/4426 3204/4477
f 1831/4474 3204/4477 8388/4476 3127/4475
f 1831/4474 3127/4475 8377/4419 4149/4412
f 1832/4478 3400/4479 8387/4469 4523/4470
f 1832/4478 4523/4470 8345/4320 5187/4321
f 1832/4478 5187/4321 8348/4322 2465/4443
f 1832/4478 2465/4443 8383/4444 3400/4479
f 1833/4480 4219/4483 8389/4482 5262/4481
f 1833/4480 5262/4481 8351/4335 2996/4336
f 1833/4480 2996/4336 8354/4337 5569/4485
f 1833/4480 5569/4485 8390/4484 4219/4483
f 1834/4652 6355/4487 8364/4379 4518/4380
f 1834/4652 4518/4380 8362/4370 3490/4371
f 1834/4652 3490/4371 8351/4335 5262/4481
f 1834/4652 5262/4481 8389/4482 6355/4487
f 1835/4653 3177/4489 8333/4281 2736/4282
f 1835/4653 2736/4282 8332/4283 6175/4490
f 1835/4653 6175/4490 8320/4268 2310/4261
f 1835/4653 2310/4261 8325/4262 3177/4489
f 1836/4491 2251/4471 8361/4367 3215/4365
f 1836/4491 3215/4365 8360/4363 6380/4492
f 1836/4491 6380/4492 8346/4326 5055/4319
f 1836/4491 5055/4319 8345/4320 2251/4471
f 1837/4493 2216/4494 8371/4394 5500/4395
f 1837/4493 5500/4395 8370/4396 2634/4498
f 1837/4493 2634/4498 8391/4497 3839/4654
f 1837/4493 3839/4654 8392/4495 2216/4494
f 1838/4655 4012/4501 8390/4484 3455/4656
f 1838/4655 3455/4656 8386/4467 3354/4505
f 1838/4655 3354/4505 8393/4504 3801/4503
f 1838/4655 3801/4503 8394/4502 4012/4501
f 1839/4506 4401/4507 8387/4469 3400/4479
f 1839/4506 3400/4479 8383/4444 2949/4511
f 1839/4506 2949/4511 8395/4510 4005/4509
f 1839/4506 4005/4509 8396/4508 4401/4507
f 1840/4512 3354/4505 8386/4467 3671/4468
f 1840/4512 3671/4468 8387/4469 4401/4507
f 1840/4512 4401/4507 8396/4508 4720/4513
f 1840/4512 4720/4513 8393/4504 3354/4505
f 1841/4514 3119/4515 8385/4454 5528/4455
f 1841/4514 5528/4455 8365/4456 2627/4519
f 1841/4514 2627/4519 8397/4518 4254/4517
f 1841/4514 4254/4517 8398/4516 3119/4515
f 1842/4520 2627/4521 8365/4377 4812/4378
f 1842/4520 4812/4378 8364/4379 2201/4525
f 1842/4520 2201/4525 8399/4524 3794/4523
f 1842/4520 3794/4523 8397/4522 2627/4521
f 1843/4526 2949/4511 8383/4444 4973/4445
f 1843/4526 4973/4445 8371/4394 2216/4494
f 1843/4526 2216/4494 8392/4495 4733/4527
f 1843/4526 4733/4527 8395/4510 2949/4511
f 1844/4528 2634/4498 8370/4396 5134/4464
f 1844/4528 5134/4464 8385/4454 3119/4515
f 1844/4528 3119/4515 8398/4516 4750/4529
f 1844/4528 4750/4529 8391/4497 2634/4498
f 1845/4530 4789/4531 8389/4482 4219/4483
f 1845/4530 4219/4483 8390/4484 4012/4501
f 1845/4530 4012/4501 8394/4502 4110/4533
f 1845/4530 4110/4533 8400/4532 4789/4531
f 1846/4657 2201/4525 8364/4379 6355/4487
f 1846/4657 6355/4487 8389/4482 4789/4531
f 1846/4657 4789/4531 8400/4532 3974/4535
f 1846/4657 3974/4535 8399/4524 2201/4525
f 1847/4536 5569/4485 8354/4337 3716/4366
f 1847/4536 3716/4366 8361/4367 5925/4466
f 1847/4536 5925/4466 8386/4467 3455/4656
f 1847/4536 3455/4656 8390/4484 5569/4485
f 1848/4537 5830/4538 8336/4299 3166/4300
f 1848/4537 3166/4300 8328/4274 2677/4275
f 1848/4537 2677/4275 8327/4276 5106/4343
f 1848/4537 5106/4343 8355/4344 5830/4538
f 1849/4539 2919/4540 8337/4290 4947/4291
f 1849/4539 4947/4291 8336/4292 5830/4541
f 1849/4539 5830/4541 8355/4417 2480/4418
f 1849/4539 2480/4418 8377/4419 2919/4540
f 1850/4542 3000/4401 8327/4276 2249/4270
f 1850/4542 2249/4270 8318/4245 2426/4246
f 1850/4542 2426/4246 8321/4247 2327/4256
f 1850/4542 2327/4256 8324/4257 3000/4401
f 1851/4543 6175/4546 8332/4545 3366/4544
f 1851/4543 3366/4544 8322/4254 2452/4255
f 1851/4543 2452/4255 8321/4247 2587/4248
f 1851/4543 2587/4248 8320/4249 6175/4546
f 1852/4547 6077/4548 8319/4251 5075/4244
f 1852/4547 5075/4244 8318/4245 6117/4271
f 1852/4547 6117/4271 8329/4272 3126/4658
f 1852/4547 3126/4658 8401/4549 6077/4548
f 1853/4551 2353/4303 8340/4304 4297/4552
f 1853/4551 4297/4552 8402/4554 4727/4553
f 1853/4551 4727/4553 8335/4294 2722/4287
f 1853/4551 2722/4287 8334/4288 2353/4303
f 1854/4555 4727/4558 8402/4557 5780/4556
f 1854/4555 5780/4556 8401/4549 3126/4658
f 1854/4555 3126/4658 8329/4272 3118/4296
f 1854/4555 3118/4296 8335/4297 4727/4558
f 1855/4559 2572/4289 8337/4290 2919/4540
f 1855/4559 2919/4540 8377/4419 2900/4560
f 1855/4559 2900/4560 8338/4308 2501/4302
f 1855/4559 2501/4302 8334/4288 2572/4289
f 1856/4561 6380/4492 8360/4363 2519/4360
f 1856/4561 2519/4360 8341/4311 5747/4312
f 1856/4561 5747/4312 8344/4313 4946/4562
f 1856/4561 4946/4562 8346/4326 6380/4492
f 1857/4563 5046/4325 8346/4326 4946/4562
f 1857/4563 4946/4562 8344/4313 5200/4328
f 1857/4563 5200/4328 8350/4329 4965/4564
f 1857/4563 4965/4564 8347/4324 5046/4325
f 1858/4565 3168/4568 8331/4567 5356/4566
f 1858/4565 5356/4566 8358/4352 5042/4353
f 1858/4565 5042/4353 8322/4254 3366/4544
f 1858/4565 3366/4544 8332/4545 3168/4568
f 1859/4659 2375/4572 8403/4571 4679/4570
f 1859/4659 4679/4570 8359/4357 3239/4358
f 1859/4659 3239/4358 8358/4352 5356/4566
f 1859/4659 5356/4566 8331/4567 2375/4572
f 1860/4573 5364/4574 8342/4317 5658/4310
f 1860/4573 5658/4310 8341/4311 2447/4361
f 1860/4573 2447/4361 8359/4357 4679/4570
f 1860/4573 4679/4570 8403/4571 5364/4574
f 1861/4575 3204/4477 8378/4426 5258/4421
f 1861/4575 5258/4421 8372/4404 5585/4405
f 1861/4575 5585/4405 8375/4406 2951/4576
f 1861/4575 2951/4576 8388/4476 3204/4477
f 1862/4577 5041/4578 8373/4410 5711/4403
f 1862/4577 5711/4403 8372/4404 5319/4422
f 1862/4577 5319/4422 8379/4423 4498/4431
f 1862/4577 4498/4431 8382/4432 5041/4578
f 1863/4660 4403/4648 8369/4387 4850/4580
f 1863/4660 4850/4580 8380/4429 4617/4430
f 1863/4660 4617/4430 8379/4423 5858/4424
f 1863/4660 5858/4424 8366/4385 4403/4648
f 1864/4581 5832/4462 8347/4324 4965/4564
f 1864/4581 4965/4564 8350/4329 6420/4436
f 1864/4581 6420/4436 8380/4429 4850/4580
f 1864/4581 4850/4580 8369/4387 5832/4462
f 1865/4582 3127/4475 8388/4476 2951/4576
f 1865/4582 2951/4576 8375/4406 2751/4439
f 1865/4582 2751/4439 8338/4308 2900/4560
f 1865/4582 2900/4560 8377/4419 3127/4475
f 1866/4583 2711/4586 8374/4585 3748/4584
f 1866/4583 3748/4584 8325/4262 2825/4263
f 1866/4583 2825/4263 8326/4264 6114/4661
f 1866/4583 6114/4661 8339/4587 2711/4586
f 1867/4589 5041/4592 8382/4591 4148/4590
f 1867/4589 4148/4590 8330/4279 3051/4280
f 1867/4589 3051/4280 8333/4281 4565/4594
f 1867/4589 4565/4594 8373/4593 5041/4592
f 1868/4595 5608/4596 8373/4593 4565/4594
f 1868/4595 4565/4594 8333/4281 3177/4489
f 1868/4595 3177/4489 8325/4262 3748/4584
f 1868/4595 3748/4584 8374/4585 5608/4596
f 1869/4662 6114/4661 8326/4264 3295/4598
f 1869/4662 3295/4598 8402/4602 4297/4601
f 1869/4662 4297/4601 8340/4600 5179/4599
f 1869/4662 5179/4599 8339/4587 6114/4661
f 1870/4603 2300/4265 8319/4266 6077/4604
f 1870/4603 6077/4604 8401/4606 5780/4605
f 1870/4603 5780/4605 8402/4602 3295/4598
f 1870/4603 3295/4598 8326/4264 2300/4265
f 2075/4607 5084/4610 7486/4609 3244/4608
f 2075/4607 3244/4608 7487/4612 4396/4611
f 2075/4607 4396/4611 8398/4516 4254/4517
f 2075/4607 4254/4517 8397/4518 5084/4610
f 2076/4613 5211/4614 8391/4497 4750/4529
f 2076/4613 4750/4529 8398/4516 4396/4611
f 2076/4613 4396/4611 7487/4612 4017/4616
f 2076/4613 4017/4616 7489/4615 5211/4614
f 2077/4617 4806/4618 8392/4495 3839/4654
f 2077/4617 3839/4654 8391/4497 5211/4614
f 2077/4617 5211/4614 7489/4615 3864/4620
f 2077/4617 3864/4620 7490/4619 4806/4618
f 2078/4621 3891/4624 7488/4623 4385/4622
f 2078/4621 4385/4622 8395/4510 4733/4527
f 2078/4621 4733/4527 8392/4495 4806/4618
f 2078/4621 4806/4618 7490/4619 3891/4624
f 2079/4625 4005/4509 8395/4510 4385/4622
f 2079/4625 4385/4622 7488/4623 3089/4628
f 2079/4625 3089/4628 7483/4627 5103/4626
f 2079/4625 5103/4626 8396/4508 4005/4509
f 2080/4629 3393/4632 7484/4631 4430/4630
f 2080/4629 4430/4630 8393/4504 4720/4513
f 2080/4629 4720/4513 8396/4508 5103/4626
f 2080/4629 5103/4626 7483/4627 3393/4632
f 2081/4633 3794/4523 8399/4524 4868/4634
f 2081/4633 4868/4634 7485/4638 3392/4637
f 2081/4633 3392/4637 7486/4636 5084/4635
f 2081/4633 5084/4635 8397/4522 3794/4523
f 2082/4639 3974/4535 8400/4532 4945/4640
f 2082/4639 4945/4640 7485/4638 4868/4634
f 2082/4639 4868/4634 8399/4524 3974/4535
f 2083/4641 4430/4630 7484/4631 3557/4642
f 2083/4641 3557/4642 7485/4638 4296/4643
f 2083/4641 4296/4643 8394/4502 3801/4503
f 2083/4641 3801/4503 8393/4504 4430/4630
f 2084/4644 4110/4533 8394/4502 4296/4643
f 2084/4644 4296/4643 7485/4638 4945/4640
f 2084/4644 4945/4640 8400/4532 4110/4533
f 2085/4663 2270/4664 8556/4665 2379/4666
f 2085/4663 2379/4666 8557/4667 2229/4668
f 2085/4663 2229/4668 8558/4669 3211/4670
f 2085/4663 3211/4670 8559/4671 2270/4664
f 2086/4672 4069/4673 8092/4674 4229/4675
f 2086/4672 4229/4675 8095/4676 3614/4677
f 2086/4672 3614/4677 8560/4678 6333/4679
f 2086/4672 6333/4679 8556/4680 4069/4673
f 2087/4681 3384/4682 8143/4683 5109/4684
f 2087/4681 5109/4684 8092/4685 4069/4686
f 2087/4681 4069/4686 8556/4665 2270/4664
f 2087/4681 2270/4664 8559/4671 3384/4682
f 2088/4687 3314/4688 8561/4689 3724/4690
f 2088/4687 3724/4690 8562/4691 3681/4692
f 2088/4687 3681/4692 8563/4693 3405/4694
f 2088/4687 3405/4694 8564/4695 3314/4688
f 2089/4696 3372/4697 8565/4698 3233/4699
f 2089/4696 3233/4699 8566/4700 3467/4701
f 2089/4696 3467/4701 8562/4691 3724/4690
f 2089/4696 3724/4690 8561/4689 3372/4697
f 2090/4702 5710/4703 8567/4704 3552/4705
f 2090/4702 3552/4705 8560/4678 3614/4677
f 2090/4702 3614/4677 8095/4676 3672/4706
f 2090/4702 3672/4706 8165/4707 5710/4703
f 2091/4708 3561/4709 8559/4671 3211/4670
f 2091/4708 3211/4670 8558/4669 3685/4710
f 2091/4708 3685/4710 8566/4700 3233/4699
f 2091/4708 3233/4699 8565/4698 3561/4709
f 2092/4711 4628/4712 8564/4695 6449/4713
f 2092/4711 6449/4713 8568/4714 6029/4715
f 2092/4711 6029/4715 8106/4716 5881/4717
f 2092/4711 5881/4717 8105/4718 4628/4712
f 2093/4719 6029/4715 8568/4714 2391/4720
f 2093/4719 2391/4720 8567/4704 5710/4703
f 2093/4719 5710/4703 8165/4707 4551/4721
f 2093/4719 4551/4721 8106/4716 6029/4715
f 2094/4722 6449/4713 8564/4695 3405/4694
f 2094/4722 3405/4694 8563/4693 6392/4723
f 2094/4722 6392/4723 8569/4724 2517/4725
f 2094/4722 2517/4725 8568/4714 6449/4713
f 2095/4726 3705/4727 8144/4728 4512/4729
f 2095/4726 4512/4729 8143/4730 3384/4731
f 2095/4726 3384/4731 8559/4671 3561/4709
f 2095/4726 3561/4709 8565/4698 3705/4727
f 2096/4732 3552/4705 8567/4704 2264/4733
f 2096/4732 2264/4733 8570/4734 2417/4735
f 2096/4732 2417/4735 8571/4736 5928/4737
f 2096/4732 5928/4737 8560/4678 3552/4705
f 2097/4738 2391/4720 8568/4714 2517/4725
f 2097/4738 2517/4725 8569/4724 2423/4739
f 2097/4738 2423/4739 8570/4734 2264/4733
f 2097/4738 2264/4733 8567/4704 2391/4720
f 2098/4740 4628/4712 8105/4718 6245/4741
f 2098/4740 6245/4741 8112/4742 5976/4743
f 2098/4740 5976/4743 8561/4689 3314/4688
f 2098/4740 3314/4688 8564/4695 4628/4712
f 2099/4744 5976/4743 8112/4742 2428/4745
f 2099/4744 2428/4745 8144/4728 3705/4727
f 2099/4744 3705/4727 8565/4698 3372/4697
f 2099/4744 3372/4697 8561/4689 5976/4743
f 2100/4746 6333/4679 8560/4678 5928/4737
f 2100/4746 5928/4737 8571/4736 3587/4747
f 2100/4746 3587/4747 8557/4748 2379/4749
f 2100/4746 2379/4749 8556/4680 6333/4679
f 2101/4750 3587/4747 8571/4736 5166/4751
f 2101/4750 5166/4751 8572/4752 5153/4753
f 2101/4750 5153/4753 8573/4754 3433/4755
f 2101/4750 3433/4755 8557/4748 3587/4747
f 2102/4756 2423/4739 8569/4724 6451/4757
f 2102/4756 6451/4757 8574/4758 5083/4759
f 2102/4756 5083/4759 8575/4760 6446/4761
f 2102/4756 6446/4761 8570/4734 2423/4739
f 2103/4762 2417/4735 8570/4734 6446/4761
f 2103/4762 6446/4761 8575/4760 5305/4763
f 2103/4762 5305/4763 8572/4752 5166/4751
f 2103/4762 5166/4751 8571/4736 2417/4735
f 2104/4764 6392/4723 8563/4693 2619/4765
f 2104/4764 2619/4765 8576/4766 5650/4767
f 2104/4764 5650/4767 8574/4758 6451/4757
f 2104/4764 6451/4757 8569/4724 6392/4723
f 2105/4768 3685/4710 8558/4669 2269/4769
f 2105/4768 2269/4769 8577/4770 5735/4771
f 2105/4768 5735/4771 8578/4772 5940/4773
f 2105/4768 5940/4773 8566/4700 3685/4710
f 2106/4774 3467/4701 8566/4700 5940/4773
f 2106/4774 5940/4773 8578/4772 5007/4775
f 2106/4774 5007/4775 8579/4776 2604/4777
f 2106/4774 2604/4777 8562/4691 3467/4701
f 2107/4778 3681/4692 8562/4691 2604/4777
f 2107/4778 2604/4777 8579/4776 5728/4779
f 2107/4778 5728/4779 8576/4766 2619/4765
f 2107/4778 2619/4765 8563/4693 3681/4692
f 2108/4780 2229/4668 8557/4667 3433/4781
f 2108/4780 3433/4781 8573/4754 5503/4782
f 2108/4780 5503/4782 8577/4770 2269/4769
f 2108/4780 2269/4769 8558/4669 2229/4668
f 2109/4783 5153/4753 8572/4752 5734/4784
f 2109/4783 5734/4784 8580/4785 5281/4786
f 2109/4783 5281/4786 8581/4787 5749/4788
f 2109/4783 5749/4788 8573/4754 5153/4753
f 2110/4789 5083/4759 8574/4758 5513/4790
f 2110/4789 5513/4790 8582/4791 4923/4792
f 2110/4789 4923/4792 8583/4793 5596/4794
f 2110/4789 5596/4794 8575/4760 5083/4759
f 2111/4795 5305/4763 8575/4760 5596/4794
f 2111/4795 5596/4794 8583/4793 5197/4796
f 2111/4795 5197/4796 8580/4785 5734/4784
f 2111/4795 5734/4784 8572/4752 5305/4763
f 2112/4797 5650/4767 8576/4766 5441/4798
f 2112/4797 5441/4798 8584/4799 4990/4800
f 2112/4797 4990/4800 8582/4791 5513/4790
f 2112/4797 5513/4790 8574/4758 5650/4767
f 2113/4801 5735/4771 8577/4770 2586/4802
f 2113/4801 2586/4802 8585/4803 3232/4804
f 2113/4801 3232/4804 8586/4805 2710/4806
f 2113/4801 2710/4806 8578/4772 5735/4771
f 2114/4807 5007/4775 8578/4772 2710/4806
f 2114/4807 2710/4806 8586/4805 3225/4808
f 2114/4807 3225/4808 8587/4809 2695/4810
f 2114/4807 2695/4810 8579/4776 5007/4775
f 2115/4811 5728/4779 8579/4776 2695/4810
f 2115/4811 2695/4810 8587/4809 3391/4812
f 2115/4811 3391/4812 8584/4799 5441/4798
f 2115/4811 5441/4798 8576/4766 5728/4779
f 2116/4813 5503/4782 8573/4754 5749/4788
f 2116/4813 5749/4788 8581/4787 2959/4814
f 2116/4813 2959/4814 8585/4803 2586/4802
f 2116/4813 2586/4802 8577/4770 5503/4782
f 2117/4815 3391/4812 8587/4809 3079/4816
f 2117/4815 3079/4816 8583/4793 4923/4792
f 2117/4815 4923/4792 8582/4791 4990/4800
f 2117/4815 4990/4800 8584/4799 3391/4812
f 2118/4817 3079/4816 8587/4809 3225/4808
f 2118/4817 3225/4808 8586/4805 2849/4818
f 2118/4817 2849/4818 8580/4785 5197/4796
f 2118/4817 5197/4796 8583/4793 3079/4816
f 2119/4819 2959/4814 8581/4787 5281/4786
f 2119/4819 5281/4786 8580/4785 2849/4818
f 2119/4819 2849/4818 8586/4805 3232/4804
f 2119/4819 3232/4804 8585/4803 2959/4814
f 2120/4663 3484/4666 8588/4665 3322/4664
f 2120/4663 3322/4664 8589/4671 3439/4670
f 2120/4663 3439/4670 8590/4669 3313/4668
f 2120/4663 3313/4668 8591/4667 3484/4666
f 2121/4820 2628/4675 8330/4674 3883/4673
f 2121/4820 3883/4673 8588/4680 3411/4679
f 2121/4820 3411/4679 8592/4678 4021/4677
f 2121/4820 4021/4677 8331/4676 2628/4675
f 2122/4681 4148/4684 8382/4683 4224/4682
f 2122/4681 4224/4682 8589/4671 3322/4664
f 2122/4681 3322/4664 8588/4665 3883/4686
f 2122/4681 3883/4686 8330/4685 4148/4684
f 2123/4687 3275/4690 8593/4689 3404/4688
f 2123/4687 3404/4688 8594/4695 3643/4694
f 2123/4687 3643/4694 8595/4693 3649/4692
f 2123/4687 3649/4692 8596/4691 3275/4690
f 2124/4696 5184/4699 8597/4698 3760/4697
f 2124/4696 3760/4697 8593/4689 3275/4690
f 2124/4696 3275/4690 8596/4691 3386/4701
f 2124/4696 3386/4701 8598/4700 5184/4699
f 2125/4702 3510/4705 8599/4704 6241/4703
f 2125/4702 6241/4703 8403/4707 2375/4706
f 2125/4702 2375/4706 8331/4676 4021/4677
f 2125/4702 4021/4677 8592/4678 3510/4705
f 2126/4708 3439/4670 8589/4671 3885/4709
f 2126/4708 3885/4709 8597/4698 5184/4699
f 2126/4708 5184/4699 8598/4700 3902/4710
f 2126/4708 3902/4710 8590/4669 3439/4670
f 2127/4711 3477/4713 8594/4695 4528/4712
f 2127/4711 4528/4712 8343/4718 5793/4717
f 2127/4711 5793/4717 8342/4716 4778/4715
f 2127/4711 4778/4715 8600/4714 3477/4713
f 2128/4719 5183/4720 8600/4714 4778/4715
f 2128/4719 4778/4715 8342/4716 5364/4721
f 2128/4719 5364/4721 8403/4707 6241/4703
f 2128/4719 6241/4703 8599/4704 5183/4720
f 2129/4722 3643/4694 8594/4695 3477/4713
f 2129/4722 3477/4713 8600/4714 5562/4725
f 2129/4722 5562/4725 8601/4724 3058/4723
f 2129/4722 3058/4723 8595/4693 3643/4694
f 2130/4726 4120/4729 8381/4728 3636/4727
f 2130/4726 3636/4727 8597/4698 3885/4709
f 2130/4726 3885/4709 8589/4671 4224/4731
f 2130/4726 4224/4731 8382/4730 4120/4729
f 2131/4732 5378/4733 8599/4704 3510/4705
f 2131/4732 3510/4705 8592/4678 2907/4737
f 2131/4732 2907/4737 8602/4736 5600/4735
f 2131/4732 5600/4735 8603/4734 5378/4733
f 2132/4821 5562/4725 8600/4714 5183/4720
f 2132/4821 5183/4720 8599/4704 5378/4733
f 2132/4821 5378/4733 8603/4734 5804/4739
f 2132/4821 5804/4739 8601/4724 5562/4725
f 2133/4740 5213/4741 8343/4718 4528/4712
f 2133/4740 4528/4712 8594/4695 3404/4688
f 2133/4740 3404/4688 8593/4689 6068/4743
f 2133/4740 6068/4743 8349/4742 5213/4741
f 2134/4744 6434/4745 8349/4742 6068/4743
f 2134/4744 6068/4743 8593/4689 3760/4697
f 2134/4744 3760/4697 8597/4698 3636/4727
f 2134/4744 3636/4727 8381/4728 6434/4745
f 2135/4746 2907/4737 8592/4678 3411/4679
f 2135/4746 3411/4679 8588/4680 3484/4749
f 2135/4746 3484/4749 8591/4748 2778/4747
f 2135/4746 2778/4747 8602/4736 2907/4737
f 2136/4750 5458/4751 8602/4736 2778/4747
f 2136/4750 2778/4747 8591/4748 2929/4755
f 2136/4750 2929/4755 8604/4754 6152/4753
f 2136/4750 6152/4753 8605/4752 5458/4751
f 2137/4756 5521/4757 8601/4724 5804/4739
f 2137/4756 5804/4739 8603/4734 5508/4761
f 2137/4756 5508/4761 8606/4760 6199/4759
f 2137/4756 6199/4759 8607/4758 5521/4757
f 2138/4762 5508/4761 8603/4734 5600/4735
f 2138/4762 5600/4735 8602/4736 5458/4751
f 2138/4762 5458/4751 8605/4752 6310/4763
f 2138/4762 6310/4763 8606/4760 5508/4761
f 2139/4764 2883/4765 8595/4693 3058/4723
f 2139/4764 3058/4723 8601/4724 5521/4757
f 2139/4764 5521/4757 8607/4758 6060/4767
f 2139/4764 6060/4767 8608/4766 2883/4765
f 2140/4768 3141/4769 8590/4669 3902/4710
f 2140/4768 3902/4710 8598/4700 5968/4773
f 2140/4768 5968/4773 8609/4772 5836/4771
f 2140/4768 5836/4771 8610/4770 3141/4769
f 2141/4774 5968/4773 8598/4700 3386/4701
f 2141/4774 3386/4701 8596/4691 2442/4777
f 2141/4774 2442/4777 8611/4776 5645/4822
f 2141/4774 5645/4822 8609/4772 5968/4773
f 2142/4778 2442/4777 8596/4691 3649/4692
f 2142/4778 3649/4692 8595/4693 2883/4765
f 2142/4778 2883/4765 8608/4766 5824/4779
f 2142/4778 5824/4779 8611/4776 2442/4777
f 2143/4780 2929/4781 8591/4667 3313/4668
f 2143/4780 3313/4668 8590/4669 3141/4769
f 2143/4780 3141/4769 8610/4770 5444/4782
f 2143/4780 5444/4782 8604/4754 2929/4781
f 2144/4783 5706/4784 8605/4752 6152/4753
f 2144/4783 6152/4753 8604/4754 5576/4788
f 2144/4783 5576/4788 8612/4787 5232/4786
f 2144/4783 5232/4786 8613/4785 5706/4784
f 2145/4789 5421/4790 8607/4758 6199/4759
f 2145/4789 6199/4759 8606/4760 5725/4794
f 2145/4789 5725/4794 8614/4793 4875/4792
f 2145/4789 4875/4792 8615/4791 5421/4790
f 2146/4795 5725/4794 8606/4760 6310/4763
f 2146/4795 6310/4763 8605/4752 5706/4784
f 2146/4795 5706/4784 8613/4785 5249/4796
f 2146/4795 5249/4796 8614/4793 5725/4794
f 2147/4797 5539/4798 8608/4766 6060/4767
f 2147/4797 6060/4767 8607/4758 5421/4790
f 2147/4797 5421/4790 8615/4791 4855/4800
f 2147/4797 4855/4800 8616/4799 5539/4798
f 2148/4801 3262/4802 8610/4770 5836/4771
f 2148/4801 5836/4771 8609/4772 5385/4806
f 2148/4801 5385/4806 8617/4805 3783/4804
f 2148/4801 3783/4804 8618/4803 3262/4802
f 2149/4807 5385/4806 8609/4772 5645/4822
f 2149/4807 5645/4822 8611/4776 3245/4810
f 2149/4807 3245/4810 8619/4809 3851/4808
f 2149/4807 3851/4808 8617/4805 5385/4806
f 2150/4811 3245/4810 8611/4776 5824/4779
f 2150/4811 5824/4779 8608/4766 5539/4798
f 2150/4811 5539/4798 8616/4799 3678/4812
f 2150/4811 3678/4812 8619/4809 3245/4810
f 2151/4823 5576/4788 8604/4754 5444/4782
f 2151/4823 5444/4782 8610/4770 3262/4802
f 2151/4823 3262/4802 8618/4803 3378/4814
f 2151/4823 3378/4814 8612/4787 5576/4788
f 2152/4815 3555/4816 8619/4809 3678/4812
f 2152/4815 3678/4812 8616/4799 4855/4800
f 2152/4815 4855/4800 8615/4791 4875/4792
f 2152/4815 4875/4792 8614/4793 3555/4816
f 2153/4817 3851/4808 8619/4809 3555/4816
f 2153/4817 3555/4816 8614/4793 5249/4796
f 2153/4817 5249/4796 8613/4785 5082/4818
f 2153/4817 5082/4818 8617/4805 3851/4808
f 2154/4819 5232/4786 8612/4787 3378/4814
f 2154/4819 3378/4814 8618/4803 3783/4804
f 2154/4819 3783/4804 8617/4805 5082/4818
f 2154/4819 5082/4818 8613/4785 5232/4786
